"subsample_ref"	"response"	"SE"	"df"	"asymp.LCL"	"asymp.UCL"
"500"	0.344027249845429	0.046025537133306	Inf	0.260161404086073	0.438890300048964
"100"	0.338937337460298	0.0456883534517519	Inf	0.255841832293449	0.433306665963334
"50"	0.333967521242783	0.045359914995694	Inf	0.251621612109652	0.427855249554738
