"method"	"response"	"SE"	"df"	"asymp.LCL"	"asymp.UCL"
"seurat"	0.272885286075623	0.0489657031798587	Inf	0.187900313186549	0.378397881957157
"scvi"	0.204585811082318	0.0407188284044218	Inf	0.136072309976185	0.295785534577646
