"contrast"	"odds.ratio"	"SE"	"df"	"null"	"z.ratio"	"p.value"
"seurat / scvi"	1.45913343701812	0.188108538970102	Inf	1	2.93087679273453	0.00338006809236933
