"contrast"	"odds.ratio"	"SE"	"df"	"null"	"z.ratio"	"p.value"
"subsample_ref500 / subsample_ref100"	1.02232012471237	0.063129605444692	Inf	1	0.357477061310214	0.931988093526948
"subsample_ref500 / subsample_ref50"	1.05943362236574	0.0650405448454855	Inf	1	0.940425918265484	0.614654788745271
"subsample_ref100 / subsample_ref50"	1.03630320557742	0.0623939338959041	Inf	1	0.592274475511628	0.824269786662566
