"subsample_ref"	"response"	"SE"	"df"	"asymp.LCL"	"asymp.UCL"
"500"	0.211432798506362	0.0395463777383907	Inf	0.144155824483022	0.299133524865496
"100"	0.207775754431748	0.0389240335030357	Inf	0.141625226246655	0.294232891901525
"50"	0.201967123480292	0.0381776266642664	Inf	0.137252619577799	0.287042612540922
