"contrast"	"odds.ratio"	"SE"	"df"	"null"	"z.ratio"	"p.value"
"seurat / scvi"	0.172421838006585	0.0212390388089983	Inf	1	-14.2701866470331	3.35678996363464e-46
