"method"	"response"	"SE"	"df"	"asymp.LCL"	"asymp.UCL"
"seurat"	0.548204558994066	0.0203273011768335	Inf	0.508139466393593	0.587654410764901
"scvi"	0.875580725565224	0.0101350955466343	Inf	0.85431907853753	0.89412387017105
