"subsample_ref"	"response"	"SE"	"df"	"asymp.LCL"	"asymp.UCL"
"500"	0.664729453054175	0.0115445682876335	Inf	0.641737733143782	0.686965405614359
"100"	0.620424588288437	0.011810827737465	Inf	0.597017556982267	0.643284381002455
"50"	0.537596999241171	0.0121179525051103	Inf	0.513778806477909	0.561244817118776
