"method"	"response"	"SE"	"df"	"asymp.LCL"	"asymp.UCL"
"seurat"	0.695336985684149	0.00509783795230407	Inf	0.685254384383548	0.705235533730072
"scvi"	0.842768650123063	0.00314210134235317	Inf	0.836511696163166	0.848829415379312
