"contrast"	"odds.ratio"	"SE"	"df"	"null"	"z.ratio"	"p.value"
"seurat / scvi"	0.425800695857723	0.013899290916556	Inf	1	-26.1554188361741	8.55125104357129e-151
