"subsample_ref"	"response"	"SE"	"df"	"asymp.LCL"	"asymp.UCL"
"500"	0.84152207571345	0.00223937382340944	Inf	0.837083495471598	0.845861996132534
"100"	0.821472673110598	0.00240558756031109	Inf	0.816708985142929	0.826138910071581
"50"	0.790067495335319	0.00265084558636121	Inf	0.78482472469756	0.795215856613322
