"contrast"	"odds.ratio"	"SE"	"df"	"null"	"z.ratio"	"p.value"
"subsample_ref500 / subsample_ref100"	1.1540066739692	0.0201706952983405	Inf	1	8.19505016833343	3.60822483003176e-14
"subsample_ref500 / subsample_ref50"	1.41095197498463	0.0245906194575001	Inf	1	19.7530960581497	0
"subsample_ref100 / subsample_ref50"	1.22265495235973	0.0211311480150024	Inf	1	11.6313522653248	0
