metric	stat	class	family	global	subclass
f1_score	mean	0.5968403112825736	0.7518022197942852	0.8039297182323071	0.620044520266996
f1_score	std	0.41659841684962	0.34773334456725646	0.22727352636678688	0.40732276449608096
precision	mean	0.8005710867109598	0.8683912323521894	0.772217046701939	0.818056172777226
precision	std	0.2897245437294769	0.2250161652462825	0.2900195940859194	0.28284577658630095
recall	mean	0.6636728098485941	0.7886737728249926	0.9062823305375656	0.6759246111051236
recall	std	0.42495452198245287	0.34637735154587274	0.15487555274909923	0.41148900476544575
