"contrast"	"odds.ratio"	"SE"	"df"	"null"	"z.ratio"	"p.value"
"seurat / scvi"	0.668507890056069	0.0177542445656643	Inf	1	-15.1632957002185	6.18844941533436e-52
