"sex"	"response"	"SE"	"df"	"asymp.LCL"	"asymp.UCL"
"male"	0.710278991728329	0.0758255624772505	Inf	0.54352553496881	0.834648188923689
"None"	0.892715242728522	0.0499294361730339	Inf	0.74969937224294	0.958534848128653
