"subsample_ref"	"response"	"SE"	"df"	"asymp.LCL"	"asymp.UCL"
"500"	0.818729038037402	0.0473986859394264	Inf	0.707195322932909	0.894137581730908
"100"	0.810827439122549	0.0489877568199106	Inf	0.696234828363751	0.889078147494376
"50"	0.803664153188609	0.0503939491694804	Inf	0.686409531816832	0.884456166727196
