"contrast"	"odds.ratio"	"SE"	"df"	"null"	"z.ratio"	"p.value"
"subsample_ref500 / subsample_ref100"	1.05375988171376	0.0151796916891004	Inf	1	3.63510170127442	0.000811711399781756
"subsample_ref500 / subsample_ref50"	1.1034101051107	0.0158163958497322	Inf	1	6.86512920076269	1.99522620647485e-11
"subsample_ref100 / subsample_ref50"	1.0471172078749	0.0148422898526934	Inf	1	3.24816385027443	0.00332994225276761
