"contrast"	"odds.ratio"	"SE"	"df"	"null"	"z.ratio"	"p.value"
"no treatment / treatment"	0.948546833503342	0.02125615036788	Inf	1	-2.35725404724338	0.0184106467559508
