"contrast"	"odds.ratio"	"SE"	"df"	"null"	"z.ratio"	"p.value"
"seurat / scvi"	0.624064574778031	0.0307046931956677	Inf	1	-9.5831389035695	9.41394967066529e-22
