"contrast"	"odds.ratio"	"SE"	"df"	"null"	"z.ratio"	"p.value"
"subsample_ref500 / subsample_ref100"	1.13764643197939	0.0280351958694565	Inf	1	5.23316116859483	4.98975265772472e-07
"subsample_ref500 / subsample_ref50"	1.15094117467718	0.0282936434693185	Inf	1	5.71857541128378	3.22033065769389e-08
"subsample_ref100 / subsample_ref50"	1.01168618150955	0.0229676577590227	Inf	1	0.511771840411111	0.865611474452996
