"contrast"	"odds.ratio"	"SE"	"df"	"null"	"z.ratio"	"p.value"
"subsample_ref500 / subsample_ref100"	1.26410712805408	0.0296354285887274	Inf	1	9.99694631045966	2.40918396343659e-14
"subsample_ref500 / subsample_ref50"	0.988666273588163	0.0229519015079531	Inf	1	-0.490994426050942	0.875601332944439
"subsample_ref100 / subsample_ref50"	0.782106398774984	0.0181041192788996	Inf	1	-10.6171405302619	2.83106871279415e-14
