"contrast"	"odds.ratio"	"SE"	"df"	"null"	"z.ratio"	"p.value"
"seurat / scvi"	0.525558018344883	0.0232303330000146	Inf	1	-14.5537595971653	5.52795447648619e-48
