"method"	"response"	"SE"	"df"	"asymp.LCL"	"asymp.UCL"
"seurat"	0.841195193420601	0.0241244196040939	Inf	0.788047433495341	0.882994708805862
"scvi"	0.909738205987894	0.0148371341662608	Inf	0.876132009599248	0.934904248726497
