"contrast"	"odds.ratio"	"SE"	"df"	"null"	"z.ratio"	"p.value"
"subsample_ref500 / subsample_ref100"	0.944747067840742	0.0188489293081961	Inf	1	-2.84883937567917	0.0122062019249455
"subsample_ref500 / subsample_ref50"	0.882679985744759	0.0179391796298227	Inf	1	-6.14029729012088	2.47031795019836e-09
"subsample_ref100 / subsample_ref50"	0.934302964032648	0.0190356971652948	Inf	1	-3.33531835378815	0.00245486422397168
