"contrast"	"odds.ratio"	"SE"	"df"	"null"	"z.ratio"	"p.value"	"key"
"control / disease"	0.968586828646509	0.00918020086176285	Inf	1	-3.36752202817032	0.00075846966884391	"class"
"control / disease"	0.900250230113699	0.0140724241104822	Inf	1	-6.72240708683179	1.78746719427899e-11	"family"
"control / disease"	0.931551860625243	0.0162507832051369	Inf	1	-4.06443236785301	4.81494976702219e-05	"global"
"control / disease"	1.0327966320302	0.0090710454660684	Inf	1	3.67418031365065	0.000238614188092928	"subclass"
