"contrast"	"odds.ratio"	"SE"	"df"	"null"	"z.ratio"	"p.value"	"key"
"False / True"	1.4865868474349	0.0308023445569789	Inf	1	19.1351049137839	1.28819735759213e-81	"class"
"False / True"	0.606605942395884	0.00983415476086111	Inf	1	-30.8341378813408	9.14120427105338e-209	"family"
"False / True"	0.843342792624722	0.0116961895359951	Inf	1	-12.2852179173492	1.08751579959684e-34	"global"
"False / True"	1.24037838507744	0.024203463246466	Inf	1	11.039657661537	2.45968491165902e-28	"subclass"
