"contrast"	"odds.ratio"	"SE"	"df"	"null"	"z.ratio"	"p.value"	"key"
"subsample_ref500 / subsample_ref100"	1.05088843071735	0.00258314888728707	Inf	1	20.1931161568172	1.12537649190312e-90	"class"
"subsample_ref500 / subsample_ref100"	0.966323821412632	0.00305500247958965	Inf	1	-10.8355595902229	2.33533189466745e-27	"family"
"subsample_ref500 / subsample_ref100"	1.15487359054714	0.00379220564912673	Inf	1	43.8508072860444	0	"global"
"subsample_ref500 / subsample_ref100"	1.03247081761152	0.0025688832896035	Inf	1	12.843082307032	9.40538033790233e-38	"subclass"
