"subsample_ref"	"response"	"SE"	"df"	"asymp.LCL"	"asymp.UCL"	"key"
"500"	0.829055421355517	0.0585499071585209	Inf	0.683353567503781	0.9159591371001	"class"
"100"	0.821905581405325	0.0604725384357666	Inf	0.672517428922859	0.912058326857904	"class"
"500"	0.930463133525667	0.0290839425523666	Inf	0.847199456945682	0.969963585223107	"family"
"100"	0.932647146863029	0.0282364617291081	Inf	0.851582005757802	0.970945589092985	"family"
"500"	0.971747362426029	0.00722620341397455	Inf	0.953559608285609	0.98293956715961	"global"
"100"	0.967513920682621	0.00827256085647323	Inf	0.946750951834799	0.98034899504467	"global"
"500"	0.807687656192469	0.0679643301592779	Inf	0.640484335333254	0.908265836752261	"subclass"
"100"	0.802675318827431	0.069302776990821	Inf	0.633094258026535	0.905568246725833	"subclass"
