"1"	"response"	"SE"	"df"	"asymp.LCL"	"asymp.UCL"	"key"
"overall"	0.825509379819633	0.0595084741210039	Inf	0.677960207460675	0.914028491508305	"class"
"overall"	0.931563211974422	0.0286574282780502	Inf	0.849404543460539	0.970458386932862	"family"
"overall"	0.969702190571275	0.00773272895342206	Inf	0.950266053857121	0.981689005652402	"global"
"overall"	0.805193707827575	0.0686327615489903	Inf	0.636798173768707	0.906925518907175	"subclass"
