"contrast"	"odds.ratio"	"SE"	"df"	"null"	"z.ratio"	"p.value"
"seurat / scvi"	2.05979776722519	0.470651993095818	Inf	1	3.16247666794437	0.00156433270811125
