"method"	"response"	"SE"	"df"	"asymp.LCL"	"asymp.UCL"
"seurat"	0.0501065591864276	0.00870740969950765	Inf	0.0355450352900921	0.07019922103002
"scvi"	0.0249696941951516	0.00464177461116194	Inf	0.0173188957546828	0.0358769161967332
