"subsample_ref"	"response"	"SE"	"df"	"asymp.LCL"	"asymp.UCL"
"500"	0.0331620687246192	0.00428746466122917	Inf	0.0257128322628904	0.0426748876377847
"100"	0.0379310966168408	0.00445692408788096	Inf	0.0300993099595351	0.0477004787278591
"50"	0.039566820291992	0.00460923362004028	Inf	0.0314585487712293	0.0496578063560897
