"contrast"	"odds.ratio"	"SE"	"df"	"null"	"z.ratio"	"p.value"
"subsample_ref500 / subsample_ref100"	0.869958855421626	0.0928335144632759	Inf	1	-1.30549201985121	0.392066800200105
"subsample_ref500 / subsample_ref50"	0.832576098650127	0.0885778536767857	Inf	1	-1.72225285056371	0.196820964807034
"subsample_ref100 / subsample_ref50"	0.957029281857955	0.0986622443624575	Inf	1	-0.426038970875298	0.904807586596794
