"method"	"response"	"SE"	"df"	"asymp.LCL"	"asymp.UCL"
"seurat"	0.618486505110418	0.0531208123722526	Inf	0.510471317268954	0.715931056458492
"scvi"	0.650778576176152	0.0511657852062226	Inf	0.545177513201419	0.743401241634438
