"contrast"	"odds.ratio"	"SE"	"df"	"null"	"z.ratio"	"p.value"
"female / male"	0.981766857089714	0.037249072448458	Inf	1	-0.48500266986556	0.878426108775966
"female / None"	1.6885355087087	0.822794686087222	Inf	1	1.07506637065762	0.529578322973124
"male / None"	1.71989459260632	0.836096292653561	Inf	1	1.11546387570489	0.50448331616448
