"region_match"	"response"	"SE"	"df"	"asymp.LCL"	"asymp.UCL"
"False"	0.918827597015472	0.0226225146728364	Inf	0.862003435715082	0.953514575313941
"True"	0.930627561845338	0.0195857988368967	Inf	0.880982509622409	0.960493109635304
