"contrast"	"odds.ratio"	"SE"	"df"	"null"	"z.ratio"	"p.value"
"False / True"	0.843794471894953	0.00573251569070518	Inf	1	-25.0004365785995	6.04692596452524e-138
