"1"	"response"	"SE"	"df"	"asymp.LCL"	"asymp.UCL"
"overall"	0.924940365885217	0.0210586914708245	Inf	0.871796386634877	0.957137778432741
