"method"	"response"	"SE"	"df"	"asymp.LCL"	"asymp.UCL"
"seurat"	0.365478300931069	0.123573381777112	Inf	0.168533009186883	0.620749531628025
"scvi"	0.572904716739002	0.130383321459008	Inf	0.320673514244411	0.792177789264695
