"contrast"	"odds.ratio"	"SE"	"df"	"null"	"z.ratio"	"p.value"
"seurat / scvi"	0.429395507296894	0.0201316363057093	Inf	1	-18.0313720440806	1.10514983604534e-72
