"subsample_ref"	"response"	"SE"	"df"	"asymp.LCL"	"asymp.UCL"
"500"	0.38440192501034	0.125950125609359	Inf	0.180332451692096	0.639290385975849
"100"	0.387977947508864	0.126367925008132	Inf	0.182592102289619	0.642732516501841
"50"	0.339622789661486	0.119372221490855	Inf	0.153402088185574	0.593441804639728
