"disease_state"	"response"	"SE"	"df"	"asymp.LCL"	"asymp.UCL"
"Control"	0.972499344853011	0.0103182731341116	Inf	0.943186164986994	0.986898433634788
"Disease"	0.972032801628806	0.0104883031316209	Inf	0.942251794310807	0.986672836218845
