"contrast"	"odds.ratio"	"SE"	"df"	"null"	"z.ratio"	"p.value"
"Control / Disease"	1.01745291307353	0.00533236917621674	Inf	1	3.30140997232529	0.000962002020665646
