"disease_state"	"response"	"SE"	"df"	"asymp.LCL"	"asymp.UCL"
"Control"	0.956981454302696	0.0132274453980851	Inf	0.922184707042808	0.976612718628983
"Disease"	0.955862663026004	0.0135546152436158	Inf	0.920239694962885	0.975990613951883
