"contrast"	"odds.ratio"	"SE"	"df"	"null"	"z.ratio"	"p.value"
"Control / Disease"	1.0174531018859	0.00533237305961766	Inf	1	3.30144358936239	0.000961886749475547
