"disease_state"	"response"	"SE"	"df"	"asymp.LCL"	"asymp.UCL"
"Control"	0.972498792719778	0.0103159661610108	Inf	0.943194908041581	0.986895789717056
"Disease"	0.972032235353196	0.0104859597817939	Inf	0.942260662257756	0.98667014494912
