"contrast"	"odds.ratio"	"SE"	"df"	"null"	"z.ratio"	"p.value"
"Control / Disease"	1.02720807707342	0.00591184904008013	Inf	1	4.66434521939773	3.09601258773023e-06
