"contrast"	"odds.ratio"	"SE"	"df"	"null"	"z.ratio"	"p.value"
"seurat / scvi"	0.616368309962508	0.00477677159790066	Inf	1	-62.4411583001023	0
