"contrast"	"odds.ratio"	"SE"	"df"	"null"	"z.ratio"	"p.value"
"seurat / scvi"	0.525875292053904	0.00440560584287952	Inf	1	-76.714854876394	0
