"contrast"	"odds.ratio"	"SE"	"df"	"null"	"z.ratio"	"p.value"
"seurat / scvi"	0.525876588726152	0.0044056216534585	Inf	1	-76.7144744033459	0
