"method"	"response"	"SE"	"df"	"asymp.LCL"	"asymp.UCL"
"seurat"	0.962153784116163	0.0140457366671488	Inf	0.922701881182417	0.981865711714544
"scvi"	0.979733910911989	0.00765897295433423	Inf	0.957803258414089	0.990381145133851
