"method"	"response"	"SE"	"df"	"asymp.LCL"	"asymp.UCL"
"seurat"	0.945151746161144	0.0166560625923601	Inf	0.901769542770731	0.970011897401937
"scvi"	0.965466639800471	0.0107126951582646	Inf	0.937081618548181	0.981301554752533
