"method"	"response"	"SE"	"df"	"asymp.LCL"	"asymp.UCL"
"seurat"	0.96215449434635	0.0140488983992093	Inf	0.922690161467595	0.981869331495183
"scvi"	0.979734347135827	0.00766067351285413	Inf	0.95779671713786	0.990383105232089
