"region_match"	"response"	"SE"	"df"	"asymp.LCL"	"asymp.UCL"
"False"	0.970053694549947	0.0112068036101783	Inf	0.938302286185579	0.985713710320652
"True"	0.974321101110475	0.00965484636908596	Inf	0.946835525988322	0.987780260598012
