"contrast"	"odds.ratio"	"SE"	"df"	"null"	"z.ratio"	"p.value"
"False / True"	0.853742326047008	0.00892118483198073	Inf	1	-15.1323775056287	9.9051220164172e-52
