"contrast"	"odds.ratio"	"SE"	"df"	"null"	"z.ratio"	"p.value"
"False / True"	0.853738139004575	0.00892113161049011	Inf	1	-15.1328629059536	9.83231900947701e-52
