"contrast"	"odds.ratio"	"SE"	"df"	"null"	"z.ratio"	"p.value"
"False / True"	0.851488552019625	0.00879217338990006	Inf	1	-15.5698878103878	1.16611571663688e-54
