"sex"	"response"	"SE"	"df"	"asymp.LCL"	"asymp.UCL"
"F"	0.970378127398497	0.00896003447321704	Inf	0.946759452210206	0.983699437940864
"feM"	0.97177383197074	0.00855394057146914	Inf	0.94919666978615	0.984481665764838
"M"	0.971696688543654	0.00857206926631097	Inf	0.949076794584125	0.984433708689552
"None"	0.857026611823617	0.108002339569921	Inf	0.5158087369713	0.971205812925504
