"sex"	"response"	"SE"	"df"	"asymp.LCL"	"asymp.UCL"
"F"	0.971609625784822	0.010640012820303	Inf	0.941414391682517	0.986465863041186
"M"	0.972908535503942	0.010166360588824	Inf	0.944016859979001	0.987093698264055
