"contrast"	"odds.ratio"	"SE"	"df"	"null"	"z.ratio"	"p.value"
"F / M"	0.952974238615561	0.00516555594201198	Inf	1	-8.88622620224182	6.32195805903935e-19
