"contrast"	"odds.ratio"	"SE"	"df"	"null"	"z.ratio"	"p.value"
"F / M"	0.952977781162179	0.00516557468789981	Inf	1	-8.88554118686043	6.3610356208513e-19
