"contrast"	"odds.ratio"	"SE"	"df"	"null"	"z.ratio"	"p.value"
"F / feM"	0.951514063175028	0.0117382236791166	Inf	1	-4.02880565193707	0.000326747225882218
"F / M"	0.954190342842562	0.00553902983487742	Inf	1	-8.07794805978781	5.44009282066327e-14
"F / None"	5.46499024025135	5.10907888681454	Inf	1	1.81667455033951	0.265361251498677
"feM / M"	1.00281265382311	0.0109159359256651	Inf	1	0.258026947919965	0.993981523701141
"feM / None"	5.74346764987969	5.3696876178194	Inf	1	1.86974454674288	0.241133861956432
"M / None"	5.7273585728933	5.35431091040167	Inf	1	1.86685049856444	0.242417394910308
