"sex"	"response"	"SE"	"df"	"asymp.LCL"	"asymp.UCL"
"F"	0.971610249077198	0.0106423729426474	Inf	0.941405499483915	0.986468618504728
"M"	0.972909033096479	0.0101686510122111	Inf	0.944008142391343	0.98709628032772
