"subsample_ref"	"method"	"response"	"SE"	"df"	"asymp.LCL"	"asymp.UCL"
"500"	"seurat"	0.966604499264302	0.0124520681105619	Inf	0.931458628404042	0.984037506777932
"100"	"seurat"	0.962069351607915	0.014076407954148	Inf	0.922534326683441	0.981824972243325
"50"	"seurat"	0.957231138121817	0.0157918745471624	Inf	0.913109543015779	0.979452641701777
"500"	"scvi"	0.982155546252561	0.00676087436734237	Inf	0.962744106819456	0.991541897804906
"100"	"scvi"	0.979687870571407	0.0076763075953762	Inf	0.957708366834496	0.990359333224611
"50"	"scvi"	0.977043348286287	0.0086522206844296	Inf	0.95234176114508	0.989088625225358
