"subsample_ref"	"response"	"SE"	"df"	"asymp.LCL"	"asymp.UCL"
"500"	0.975558141606656	0.00919758479487876	Inf	0.949342890091742	0.988373052239264
"100"	0.972203943618204	0.0104235858050999	Inf	0.942603718235413	0.986753363587111
"50"	0.968616270328411	0.0117254062534241	Inf	0.935449700664239	0.985014528743483
