"subsample_ref"	"response"	"SE"	"df"	"asymp.LCL"	"asymp.UCL"
"500"	0.960504152341857	0.0121889739094265	Inf	0.928343504622331	0.978563854590216
"100"	0.956624054322069	0.0133320061044048	Inf	0.92156311277074	0.976414012996827
"50"	0.951727793822146	0.0147608130032513	Inf	0.91306939152541	0.973690016683703
