"contrast"	"odds.ratio"	"SE"	"df"	"null"	"z.ratio"	"p.value"
"subsample_ref500 / subsample_ref100"	1.14115387090531	0.00723814343125353	Inf	1	20.8171977991122	0
"subsample_ref500 / subsample_ref50"	1.29321182359763	0.00813168187103571	Inf	1	40.8921735406213	0
"subsample_ref100 / subsample_ref50"	1.13324929842431	0.00681261460491676	Inf	1	20.8080187077483	0
