"subsample_ref"	"response"	"SE"	"df"	"asymp.LCL"	"asymp.UCL"
"500"	0.975558588606486	0.00919965693153322	Inf	0.949334951519101	0.988375379724702
"100"	0.972204483305733	0.0104259235164301	Inf	0.94259485345697	0.986756027015477
"50"	0.968616984520056	0.0117279989469863	Inf	0.935440019272168	0.985017588505827
