"contrast"	"odds.ratio"	"SE"	"df"	"null"	"z.ratio"	"p.value"
"subsample_ref500 / subsample_ref100"	1.10269515645382	0.00649626776040922	Inf	1	16.593609303911	0
"subsample_ref500 / subsample_ref50"	1.23348025804455	0.00722753703223406	Inf	1	35.8120708314524	0
"subsample_ref100 / subsample_ref50"	1.11860494790902	0.00633428323744947	Inf	1	19.7932174044902	0
