"1"	"response"	"SE"	"df"	"asymp.LCL"	"asymp.UCL"
"overall"	0.956425485616517	0.0133895945895932	Inf	0.921219522968906	0.976303073854807
