"1"	"response"	"SE"	"df"	"asymp.LCL"	"asymp.UCL"
"overall"	0.972266467138677	0.0104003966375476	Inf	0.942730516357207	0.986783214890023
