"1"	"response"	"SE"	"df"	"asymp.LCL"	"asymp.UCL"
"overall"	0.972267026305114	0.0104027217951524	Inf	0.942721710946847	0.986785882482416
