"contrast"	"odds.ratio"	"SE"	"df"	"null"	"z.ratio"	"p.value"
"seurat / scvi"	0.675196334229454	0.0277066755437941	Inf	1	-9.57114293587438	1.05730287410408e-21
