"method"	"response"	"SE"	"df"	"asymp.LCL"	"asymp.UCL"
"seurat"	0.500183528036036	0.0637497621714657	Inf	0.377762794929052	0.62258226105791
"scvi"	0.597121570831987	0.0613196127395252	Inf	0.47349969269998	0.709523802093495
