"contrast"	"odds.ratio"	"SE"	"df"	"null"	"z.ratio"	"p.value"
"subsample_ref100 / subsample_ref50"	0.932639876271464	0.0128737228399536	Inf	1	-5.05205085724455	4.37091274426176e-07
