"subsample_ref"	"response"	"SE"	"df"	"asymp.LCL"	"asymp.UCL"
"100"	0.554676666934284	0.0626207844608364	Inf	0.431117082134116	0.671827988931477
"50"	0.571829867373875	0.062070627021907	Inf	0.448295851833773	0.687014884020822
