"contrast"	"odds.ratio"	"SE"	"df"	"null"	"z.ratio"	"p.value"
"subsample_ref500 / subsample_ref100"	1.31902324385464	0.217289327863729	Inf	1	1.68082953140372	0.21253678251768
"subsample_ref500 / subsample_ref50"	1.38504907572577	0.231743378590863	Inf	1	1.94680752783408	0.125727375280941
"subsample_ref100 / subsample_ref50"	1.05005660982757	0.171461082497151	Inf	1	0.299129370859493	0.95187391188333
