"method"	"response"	"SE"	"df"	"asymp.LCL"	"asymp.UCL"
"seurat"	0.75004873652229	0.0422203591699434	Inf	0.658693962607308	0.823503242581295
"scvi"	0.780737968179248	0.0385651550487226	Inf	0.696022355779139	0.847032882578109
