"contrast"	"odds.ratio"	"SE"	"df"	"null"	"z.ratio"	"p.value"
"seurat / scvi"	0.842737426280043	0.0516547412712241	Inf	1	-2.79146191300408	0.00524705324808236
