"contrast"	"odds.ratio"	"SE"	"df"	"null"	"z.ratio"	"p.value"
"subsample_ref500 / subsample_ref100"	0.858594944176696	0.0239490595470087	Inf	1	-5.46575441732305	1.38118667947218e-07
"subsample_ref500 / subsample_ref50"	0.832024891336873	0.0232702681317407	Inf	1	-6.57506337528215	1.4590606500775e-10
"subsample_ref100 / subsample_ref50"	0.96905403063455	0.0271052062626516	Inf	1	-1.12384777434306	0.499315211819562
