"method"	"response"	"SE"	"df"	"asymp.LCL"	"asymp.UCL"
"seurat"	0.801397604763732	0.0208902035052484	Inf	0.757275617055444	0.839202211547258
"scvi"	0.899839456221145	0.0118763921663296	Inf	0.874041331734109	0.920832348771112
