"contrast"	"odds.ratio"	"SE"	"df"	"null"	"z.ratio"	"p.value"
"subsample_ref500 / subsample_ref100"	1.08399456678243	0.0286044507609764	Inf	1	3.05642279817177	0.00633956778687017
"subsample_ref500 / subsample_ref50"	1.21854456978343	0.032560610375424	Inf	1	7.39709942838505	4.37982983214624e-13
"subsample_ref100 / subsample_ref50"	1.12412424113931	0.0282524012556091	Inf	1	4.65543960254552	9.64723189178507e-06
