"contrast"	"odds.ratio"	"SE"	"df"	"null"	"z.ratio"	"p.value"
"seurat / scvi"	0.810986941970473	0.0361011778981997	Inf	1	-4.70634122465627	2.52202242915861e-06
