"method"	"response"	"SE"	"df"	"asymp.LCL"	"asymp.UCL"
"seurat"	0.685444363610944	0.101296763540835	Inf	0.464581418534348	0.845498782218476
"scvi"	0.728773692987643	0.0928660511336574	Inf	0.516887908045216	0.870933972521825
