"contrast"	"odds.ratio"	"SE"	"df"	"null"	"z.ratio"	"p.value"
"subsample_ref500 / subsample_ref100"	1.26263511584889	0.0284535649568809	Inf	1	10.3483568557802	2.83106871279415e-14
"subsample_ref500 / subsample_ref50"	0.961440684273371	0.0215866029424817	Inf	1	-1.75137151899417	0.18627035105174
"subsample_ref100 / subsample_ref50"	0.761455682805857	0.0168580041140471	Inf	1	-12.3095485280038	0
