name	mean duration (hours)	std duration (hours)	mean realtime (hours)	std realtime (hours)	mean %cpu	std %cpu	mean peak virtual memory (GB)	std peak virtual memory (GB)
SCVI Random Forest	0.015873664717348926	0.0036875126452218187	0.0032768226120857696	0.001297333191462714	117.41522807017544	24.83415434583445	0.013163034539473685	0.0012670640803086322
SCVI pre-process query	0.03195204678362573	0.013829235126047496	0.01341578947368421	0.009697893351962358	564.4915789473685	318.9429854911307	0.022197779605263156	0.0011013710679089075
Seurat TransferData	0.0239216179337232	0.008127145187722836	0.006791345029239767	0.00277416829939569	236.61150877192983	54.587553535300536	0.018082853618421053	0.01317864414114478
Seurat pre-process query	0.05199707602339182	0.00809764153593381	0.0206766081871345	0.004872176786462409	847.7052631578947	301.69278948351695	0.029735814144736843	0.018178419333119696
Seurat pre-process reference	0.06437037037037037	0.06521016059467531	0.05509259259259259	0.06589514636936164	635.8	305.497637834876	0.030755208333333332	0.018296986436741887
