"contrast"	"odds.ratio"	"SE"	"df"	"null"	"z.ratio"	"p.value"
"seurat / scvi"	1.39422501436734	0.220764761249296	Inf	1	2.09886282562564	0.0358289946796031
