"method"	"response"	"SE"	"df"	"asymp.LCL"	"asymp.UCL"
"seurat"	0.0203197050320769	0.00273819458970537	Inf	0.0155928142739888	0.0264410427831471
"scvi"	0.0146584135062054	0.00201482493589614	Inf	0.0111911012459845	0.0191791581072415
