"contrast"	"odds.ratio"	"SE"	"df"	"null"	"z.ratio"	"p.value"
"subsample_ref500 / subsample_ref100"	0.97044708383512	0.0707036769617272	Inf	1	-0.411744671256092	0.910796856995666
"subsample_ref500 / subsample_ref50"	0.972474210339931	0.0708519284311358	Inf	1	-0.383100801386731	0.922293839485462
"subsample_ref100 / subsample_ref50"	1.00208885836083	0.0729693185023243	Inf	1	0.0286564072529957	0.999547357661814
