"subsample_ref"	"response"	"SE"	"df"	"asymp.LCL"	"asymp.UCL"
"500"	0.0163998992274193	0.00164067931523641	Inf	0.0134758009680841	0.0199456658109488
"100"	0.0168908877989414	0.00168527654496425	Inf	0.0138864263734132	0.0205318586882754
"50"	0.0168562721682159	0.00168218911687451	Inf	0.0138573848486904	0.0204906658634873
