"contrast"	"odds.ratio"	"SE"	"df"	"null"	"z.ratio"	"p.value"	"key"
"seurat / scvi"	0.606385939202202	0.00680389897616315	Inf	1	-44.582918398325	0	"class"
"seurat / scvi"	0.463261376085846	0.00772951805808843	Inf	1	-46.1170906856583	0	"family"
"seurat / scvi"	0.487580418180279	0.00824604782453144	Inf	1	-42.4723506584037	0	"global"
"seurat / scvi"	0.61963381982324	0.00665658064921218	Inf	1	-44.5533881431629	0	"subclass"
