name	mean duration (hours)	std duration (hours)	mean realtime (hours)	std realtime (hours)	mean %cpu	std %cpu	mean peak virtual memory (GB)	std peak virtual memory (GB)
SCVI Random Forest	0.01686348588863463	0.004604628918371145	0.00373534706331045	0.0026019925521137068	110.94093363844394	25.695818480334616	0.013111752717391303	0.0012915093598974397
SCVI pre-process query	0.030202618049316166	0.01308552448269073	0.015572264650094838	0.011550263534737112	541.3155265526553	312.63059756403146	0.021803449876237623	0.00160292262810181
Seurat TransferData	0.01816542079837274	0.002912190409722679	0.006438479532163742	0.0028767521114176917	239.26935469107553	48.0761222230661	0.014866463458237987	0.01077932036892858
Seurat pre-process query	0.04226315789473684	0.010326147447458823	0.02222719298245614	0.005878691161362998	803.9736842105264	282.11826057040696	0.02685032894736842	0.018994367408114457
Seurat pre-process reference	0.05640522875816994	0.04975803681949704	0.046087301587301586	0.050633403035982225	685.2470588235294	347.0287407683149	0.03363478203781513	0.01788471220854558
