name	mean duration (hours)	std duration (hours)	mean realtime (hours)	std realtime (hours)	mean %cpu	std %cpu	mean peak virtual memory (GB)	std peak virtual memory (GB)
SCVI Random Forest	0.020842183235867444	0.007278894550371673	0.005109220272904483	0.0038327535918650534	97.97943859649124	29.747251796102695	0.012791324013157893	0.001337417305370045
SCVI pre-process query	0.18283333333333335	0.05449905573083775	0.013913742690058479	0.01213147942473423	722.1526315789474	388.7697375104622	0.022064144736842106	0.0015321331206954985
Seurat TransferData	0.018280116959064327	0.002090540217222676	0.007846861598440545	0.0033313493013316783	195.4358596491228	41.33873837594171	0.019101288377192983	0.014079835953877847
Seurat pre-process query	0.056266081871345026	0.03340112349560493	0.01730730994152047	0.005319259517062809	1044.2768421052633	353.1997479927256	0.02663548519736842	0.017991926303411534
Seurat pre-process reference	0.07129629629629629	0.05388628182655438	0.0536	0.05671579935487367	506.96666666666664	211.42530847660072	0.01934244791666667	0.013319594199368621
