name	mean duration (hours)	std duration (hours)	mean realtime (hours)	std realtime (hours)	mean %cpu	std %cpu	mean peak virtual memory (GB)	std peak virtual memory (GB)
SCVI Random Forest	0.016819220272904483	0.004576073611974778	0.0036958479532163743	0.002563766068510412	111.18638596491229	25.81958820223601	0.013111979166666666	0.0013047831654002993
SCVI pre-process query	0.03032719298245614	0.013136320655612719	0.015593859649122807	0.011594256424402573	540.68	314.057706544402	0.021813322368421054	0.0016008133379504645
Seurat TransferData	0.018135730994152048	0.0028851419018352657	0.006381345029239766	0.0028453083155338494	240.62519298245616	48.3935875698979	0.014866159539473685	0.010817330786072511
Seurat pre-process query	0.04226315789473684	0.010326048947003836	0.02222719298245614	0.005878635084906887	803.9736842105264	282.11556946250187	0.02685032894736842	0.018994186222067926
Seurat pre-process reference	0.05646296296296296	0.04955256453299386	0.04604814814814815	0.05045622799749817	676.64	337.3172594348014	0.033769531250000005	0.017870475343888994
