"method"	"response"	"SE"	"df"	"asymp.LCL"	"asymp.UCL"
"seurat"	0.208113839294649	0.0220913032523383	Inf	0.168113031029309	0.254718155291127
"scvi"	0.427396953950553	0.0325150390546283	Inf	0.365195724476668	0.491981759891126
