"contrast"	"odds.ratio"	"SE"	"df"	"null"	"z.ratio"	"p.value"
"seurat / scvi"	0.352095471497594	0.0204964330395058	Inf	1	-17.9316997904469	6.6708708364016e-72
