"subsample_ref"	"response"	"SE"	"df"	"asymp.LCL"	"asymp.UCL"
"500"	0.138752701608358	0.0154994108123194	Inf	0.111065914375563	0.172005838234712
"100"	0.145369720649382	0.0160528310208427	Inf	0.116640312675776	0.179735606364782
"50"	0.112978529330762	0.0130313533697973	Inf	0.0898445179308967	0.141145537762517
