"contrast"	"odds.ratio"	"SE"	"df"	"null"	"z.ratio"	"p.value"
"seurat / scvi"	1.7477066087027	0.225072653535287	Inf	1	4.33527711029119	1.45576615617923e-05
