"method"	"response"	"SE"	"df"	"asymp.LCL"	"asymp.UCL"
"seurat"	0.620983400605041	0.0379444162971616	Inf	0.544319800223185	0.692046212634504
"scvi"	0.483860591421466	0.0400011919914315	Inf	0.406486137772124	0.562016655991057
