"contrast"	"odds.ratio"	"SE"	"df"	"null"	"z.ratio"	"p.value"
"subsample_ref500 / subsample_ref100"	0.762047471643395	0.0468836572814583	Inf	1	-4.41696935016565	2.97900249884853e-05
"subsample_ref500 / subsample_ref50"	0.698264591883189	0.0433849541313826	Inf	1	-5.78050027595762	2.23296520163174e-08
"subsample_ref100 / subsample_ref50"	0.916300647750128	0.0562907640005052	Inf	1	-1.42287155542707	0.3290497921198
