"subsample_ref"	"response"	"SE"	"df"	"asymp.LCL"	"asymp.UCL"
"500"	0.355526456736844	0.0325677830155743	Inf	0.294543150733408	0.42159038187549
"100"	0.419923442077828	0.0344675790008904	Inf	0.354247179762712	0.488563626800763
"50"	0.441351977479383	0.0350656829980129	Inf	0.374157501298324	0.510765348579691
