"contrast"	"odds.ratio"	"SE"	"df"	"null"	"z.ratio"	"p.value"	"key"
"seurat / scvi"	0.728615967455158	0.0157692618150362	Inf	1	-14.6288390809119	1.83898237348972e-48	"class"
"seurat / scvi"	0.631708525970131	0.0124730391444207	Inf	1	-23.2630472152167	1.04963901412689e-119	"family"
"seurat / scvi"	0.446124226574835	0.015887331532818	Inf	1	-22.6653961526892	9.83592308832654e-114	"global"
"seurat / scvi"	0.73866845859117	0.0132475934627024	Inf	1	-16.8896470219713	5.36228470984814e-64	"subclass"
