"contrast"	"odds.ratio"	"SE"	"df"	"null"	"z.ratio"	"p.value"	"key"
"seurat / scvi"	0.728615742571338	0.015769257648349	Inf	1	-14.6288526920445	1.83861454559069e-48	"class"
"seurat / scvi"	0.631711560040634	0.012473123370788	Inf	1	-23.2627586099828	1.05672284702027e-119	"family"
"seurat / scvi"	0.44612423161966	0.0158873317062416	Inf	1	-22.6653958440427	9.8359920301384e-114	"global"
"seurat / scvi"	0.738668461590366	0.0132475934516777	Inf	1	-16.889646878208	5.36229777541786e-64	"subclass"
