"method"	"response"	"SE"	"df"	"asymp.LCL"	"asymp.UCL"	"key"
"seurat"	0.787275608951253	0.0511698403782533	Inf	0.670341713731317	0.870730261014465	"class"
"scvi"	0.835489603134052	0.042003742761144	Inf	0.736154985067331	0.90238494450066	"class"
"seurat"	0.852747321935305	0.0250702433877506	Inf	0.796571346394432	0.895446651168902	"family"
"scvi"	0.90108138321822	0.0178014442163894	Inf	0.860309345088319	0.930908841087098	"family"
"seurat"	0.924642353583531	0.0248695716599769	Inf	0.859073646357309	0.961085858359301	"global"
"scvi"	0.9651308960841	0.0120185438048269	Inf	0.932182164767435	0.982374434703886	"global"
"seurat"	0.768887584739132	0.048231276482886	Inf	0.661517971188303	0.849925252842278	"subclass"
"scvi"	0.818310091901183	0.0403611429634892	Inf	0.725692611649374	0.884627705669263	"subclass"
