"method"	"response"	"SE"	"df"	"asymp.LCL"	"asymp.UCL"	"key"
"seurat"	0.788038136147123	0.0489221010636576	Inf	0.676797289315507	0.86843459130525	"class"
"scvi"	0.83507034158546	0.0403487432620425	Inf	0.740353372325821	0.899906648143815	"class"
"seurat"	0.855470155548982	0.0245276780175087	Inf	0.800488609756479	0.897244811183409	"family"
"scvi"	0.903565911306342	0.0172909274159418	Inf	0.863957384426481	0.932542901968363	"family"
"seurat"	0.92740035869544	0.0239957328363167	Inf	0.863998241555027	0.962527230587379	"global"
"scvi"	0.966254658050507	0.0116274785097901	Inf	0.934359221730836	0.982934879221811	"global"
"seurat"	0.773146224199166	0.0472704701140674	Inf	0.667727261915913	0.852507090363102	"subclass"
"scvi"	0.821869255474405	0.0394633975057828	Inf	0.731203808480278	0.886692035417211	"subclass"
