"contrast"	"odds.ratio"	"SE"	"df"	"null"	"z.ratio"	"p.value"	"key"
"seurat / scvi"	0.728615901656939	0.0157692605823477	Inf	1	-14.6288430759466	1.83887440388591e-48	"class"
"seurat / scvi"	0.631711560612878	0.0124731233585659	Inf	1	-23.2627586079721	1.0567228965375e-119	"family"
"seurat / scvi"	0.446124226179033	0.0158873315184852	Inf	1	-22.6653961779412	9.83591744786225e-114	"global"
"seurat / scvi"	0.738668459534239	0.0132475934889805	Inf	1	-16.8896469388441	5.36229226465375e-64	"subclass"
