"method"	"response"	"SE"	"df"	"asymp.LCL"	"asymp.UCL"	"key"
"seurat"	0.791217520721313	0.0501684626016096	Inf	0.676349194638959	0.872974183477249	"class"
"scvi"	0.838740778637182	0.0410841498065294	Inf	0.741454418482234	0.904152133769736	"class"
"seurat"	0.85547343208159	0.0245257880807545	Inf	0.800496456836785	0.89724516763133	"family"
"scvi"	0.903568069084657	0.0172895760206185	Inf	0.863962954106101	0.932543036574148	"family"
"seurat"	0.92739947774307	0.0239956822851599	Inf	0.863997795013181	0.962526423787157	"global"
"scvi"	0.966254172076588	0.0116274856708967	Inf	0.934358876991835	0.982934473502205	"global"
"seurat"	0.773151991778341	0.0472714520657305	Inf	0.667730017801311	0.852513798078664	"subclass"
"scvi"	0.82187481809705	0.0394639607098215	Inf	0.731207254543308	0.886697908683502	"subclass"
