"contrast"	"odds.ratio"	"SE"	"df"	"null"	"z.ratio"	"p.value"	"key"
"seurat / scvi"	0.72872187681046	0.0159644646804718	Inf	1	-14.4454332093393	2.67867762572697e-47	"class"
"seurat / scvi"	0.63572776585647	0.0126841701418218	Inf	1	-22.7034991182002	4.13721703870504e-114	"family"
"seurat / scvi"	0.44330336172548	0.015964651529514	Inf	1	-22.5891374416795	5.54191212120393e-113	"global"
"seurat / scvi"	0.73867341714248	0.0134062170904627	Inf	1	-16.6895492869683	1.56145098992227e-62	"subclass"
