"method"	"response"	"SE"	"df"	"asymp.LCL"	"asymp.UCL"	"key"
"seurat"	0.791217405956869	0.0501683302242714	Inf	0.676349439095155	0.872973905562976	"class"
"scvi"	0.838740714202848	0.0410840380810704	Inf	0.741454674354829	0.904151935528712	"class"
"seurat"	0.855473418727438	0.0245257936888964	Inf	0.800496430157488	0.897245163117198	"family"
"scvi"	0.903568059752412	0.0172895801387876	Inf	0.863962934582165	0.932543033548976	"family"
"seurat"	0.927399451034527	0.023995683585814	Inf	0.863997771783473	0.962526402301542	"global"
"scvi"	0.966254158744273	0.0116274867938421	Inf	0.934358864118528	0.98293446330574	"global"
"seurat"	0.773152027523967	0.0472713906147434	Inf	0.667730202329459	0.852513744756133	"subclass"
"scvi"	0.821874847526471	0.0394639087103462	Inf	0.731207417442898	0.886697865807878	"subclass"
