"contrast"	"odds.ratio"	"SE"	"df"	"null"	"z.ratio"	"p.value"	"key"
" / male"	2.87381440281903	1.25225364578566	Inf	1	2.42260347407635	0.0154097365466379	"class"
" / male"	2.67955597617995	0.696598395304106	Inf	1	3.79143465438803	0.000149779559274929	"family"
" / male"	2.80099552517678	1.58751194481959	Inf	1	1.81728086626778	0.0691741181828314	"global"
" / male"	2.43238606961302	1.20989856133155	Inf	1	1.7869940799271	0.0739384454074419	"subclass"
