"contrast"	"odds.ratio"	"SE"	"df"	"null"	"z.ratio"	"p.value"	"key"
"male / None"	0.289467029238268	0.169216375624946	Inf	1	-2.12069483100111	0.0339474917998111	"class"
"male / None"	0.260758621654583	0.103174907199346	Inf	1	-3.39715682719405	0.000680899322038054	"family"
"male / None"	0.318495647665101	0.22630804542541	Inf	1	-1.61021968987203	0.107349904384336	"global"
"male / None"	0.296922651034719	0.159861403991572	Inf	1	-2.25538059274663	0.0241094498414229	"subclass"
