"sex"	"response"	"SE"	"df"	"asymp.LCL"	"asymp.UCL"	"key"
""	0.910095449349729	0.0291272164512703	Inf	0.834392762876715	0.953136390884781	"class"
"male"	0.778881595985606	0.0433091455800539	Inf	0.682718204025355	0.852208607209846	"class"
""	0.946964381850405	0.011051098792929	Inf	0.920636356460129	0.96489144452427	"family"
"male"	0.869511521879087	0.0157449489274641	Inf	0.835437293710903	0.89739686410121	"family"
""	0.969163763336189	0.0138387548656452	Inf	0.926909642134677	0.987324484698845	"global"
"male"	0.918172220457186	0.0245813628174372	Inf	0.855266079287828	0.955170385444579	"global"
""	0.882759543588758	0.0435207754525681	Inf	0.767570016804324	0.944956286278183	"subclass"
"male"	0.755830251128936	0.0490511173438604	Inf	0.647717524266122	0.839010616661836	"subclass"
