"sex"	"response"	"SE"	"df"	"asymp.LCL"	"asymp.UCL"	"key"
""	0.893549329590176	0.0471341365383883	Inf	0.760660097261896	0.956840651747991	"class"
"male"	0.701331731252027	0.0733661028286645	Inf	0.541693618282015	0.823483968463842	"class"
""	0.93583474401176	0.0201005787718714	Inf	0.883283250816563	0.96564531409014	"family"
"male"	0.791786619112604	0.0348730959058668	Inf	0.715273449449103	0.851993329635884	"family"
""	0.971336613942586	0.0161726396436371	Inf	0.915642005898395	0.990636691335253	"global"
"male"	0.915206365329971	0.0318608472200868	Inf	0.8283885284881	0.960212772364858	"global"
""	0.879187439182858	0.0483559794014924	Inf	0.748846658447865	0.946699961192634	"subclass"
"male"	0.683637586832629	0.0622472645203656	Inf	0.55142689751027	0.791607337674937	"subclass"
