"contrast"	"odds.ratio"	"SE"	"df"	"null"	"z.ratio"	"p.value"	"key"
"male / None"	0.278725173619593	0.170084632589602	Inf	1	-2.09354304052046	0.0363007061319985	"class"
"male / None"	0.259421071033439	0.103295958281568	Inf	1	-3.3886860463007	0.000702283688496382	"family"
"male / None"	0.313851910094711	0.223307806244093	Inf	1	-1.62870380287468	0.103375737333029	"global"
"male / None"	0.29596201945105	0.16046446872758	Inf	1	-2.24561180245443	0.0247288838430825	"subclass"
