"sex"	"response"	"SE"	"df"	"asymp.LCL"	"asymp.UCL"	"key"
"male"	0.700086870682085	0.0708840019401559	Inf	0.546373885839977	0.818971222677623	"class"
"None"	0.889674977355093	0.0468858257710698	Inf	0.759728530208559	0.953631594628142	"class"
"male"	0.791789697298419	0.0348747550788676	Inf	0.715272314775664	0.85199874111244	"family"
"None"	0.935830557268756	0.0201029687878072	Inf	0.883272131144048	0.965644266194152	"family"
"male"	0.915206588068499	0.0318612049952649	Inf	0.828387379293891	0.96021330050216	"global"
"None"	0.971337335694528	0.0161724647549393	Inf	0.915642810219888	0.990637075655992	"global"
"male"	0.683622821626968	0.0622464896573473	Inf	0.551415246096585	0.791592583786498	"subclass"
"None"	0.879187118753075	0.0483542760096924	Inf	0.748852386495255	0.946698119915712	"subclass"
