"contrast"	"odds.ratio"	"SE"	"df"	"null"	"z.ratio"	"p.value"	"key"
" / male"	3.57467638973988	2.16829733556965	Inf	1	2.10012232464902	0.0357180819517554	"class"
" / male"	3.83485796987857	1.51720292850341	Inf	1	3.39740765434513	0.000680275437882456	"family"
" / male"	3.13968957413171	2.23088609811302	Inf	1	1.61020949832821	0.107352128526876	"global"
" / male"	3.36765822639475	1.81319691891904	Inf	1	2.25517145736533	0.0241225687616438	"subclass"
