"sex"	"response"	"SE"	"df"	"asymp.LCL"	"asymp.UCL"	"key"
""	0.89354951608393	0.0471342607934586	Inf	0.760659715217987	0.956840900343471	"class"
"male"	0.701331657888374	0.0733664197843326	Inf	0.541692819084597	0.823484334575498	"class"
""	0.935827518223836	0.0201019584006417	Inf	0.883273297332325	0.965640533000353	"family"
"male"	0.79178592463073	0.0348719311949179	Inf	0.715275619093801	0.851990923807172	"family"
""	0.971336631634364	0.0161726342783853	Inf	0.915642031477862	0.990636700051733	"global"
"male"	0.915206374477938	0.0318608526077286	Inf	0.828388514704195	0.960212785076198	"global"
""	0.879187381226272	0.0483560446614766	Inf	0.748846398787093	0.946699975792137	"subclass"
"male"	0.683637629215845	0.0622473184072178	Inf	0.55142681514812	0.791607457259017	"subclass"
