"contrast"	"odds.ratio"	"SE"	"df"	"null"	"z.ratio"	"p.value"	"key"
" / male"	3.57467421920247	2.16829356658883	Inf	1	2.10012369890546	0.0357179610935004	"class"
" / male"	3.83530450801031	1.51743429293825	Inf	1	3.39757947805977	0.000679848366270154	"family"
" / male"	3.13968969503347	2.23088622544128	Inf	1	1.61020952262493	0.10735212322446	"global"
" / male"	3.36765767656415	1.81319708328996	Inf	1	2.255170581493	0.0241226237175315	"subclass"
