"1"	"response"	"SE"	"df"	"asymp.LCL"	"asymp.UCL"	"key"
"overall"	0.798885864484994	0.048737276769575	Inf	0.68671460817338	0.878027979944804	"class"
"overall"	0.86953814692856	0.0224515962921431	Inf	0.818909747438987	0.907609019470567	"family"
"overall"	0.942351952779174	0.0193176863302399	Inf	0.89061771027209	0.970429990923838	"global"
"overall"	0.783015736161462	0.0457464590407152	Inf	0.680398545778292	0.859488964948151	"subclass"
