"1"	"response"	"SE"	"df"	"asymp.LCL"	"asymp.UCL"	"key"
"overall"	0.794570730166134	0.0477233834477058	Inf	0.685607022427567	0.872777102146567	"class"
"overall"	0.869535478798165	0.0224532997357451	Inf	0.818902894954847	0.907608949700501	"family"
"overall"	0.942352802984721	0.0193176767559469	Inf	0.890618328461942	0.970430707023245	"global"
"overall"	0.783009690864607	0.0457456046478714	Inf	0.680395262890321	0.859482194009961	"subclass"
