"1"	"response"	"SE"	"df"	"asymp.LCL"	"asymp.UCL"	"key"
"overall"	0.798885899105433	0.0487373255864459	Inf	0.686714509938407	0.878028074999242	"class"
"overall"	0.869531098619741	0.0224518189792235	Inf	0.818902604486237	0.90760263837937	"family"
"overall"	0.942351951292758	0.0193176864381333	Inf	0.890617708870919	0.970429989766251	"global"
"overall"	0.78301573995909	0.0457464468388012	Inf	0.680398579795979	0.859488951454678	"subclass"
