"1"	"response"	"SE"	"df"	"asymp.LCL"	"asymp.UCL"	"key"
"overall"	0.798885772891678	0.0487371447074145	Inf	0.686714875705324	0.878027724662565	"class"
"overall"	0.869538135076673	0.0224516014508387	Inf	0.818909723169969	0.907609015671982	"family"
"overall"	0.942351929856785	0.0193176880133687	Inf	0.890617688596515	0.970429973092346	"global"
"overall"	0.78301576620857	0.0457463999759136	Inf	0.680398720914466	0.859488910399023	"subclass"
