"1"	"response"	"SE"	"df"	"asymp.LCL"	"asymp.UCL"	"key"
"overall"	0.79801006364294	0.0491901691661461	Inf	0.684770620142805	0.877828270326333	"class"
"overall"	0.868823870760174	0.022700081323057	Inf	0.81760702638869	0.907289576165486	"family"
"overall"	0.942138234490431	0.0194114882414834	Inf	0.890141110295602	0.97034460235554	"global"
"overall"	0.782051695264518	0.0462138676285664	Inf	0.678361225779632	0.859250049500832	"subclass"
