"1"	"response"	"SE"	"df"	"asymp.LCL"	"asymp.UCL"	"key"
"overall"	0.856556717243842	0.0267816196191657	Inf	0.795721299817748	0.901517259736224	"class"
"overall"	0.91602097536838	0.0100127930886354	Inf	0.894198438026242	0.933676266909566	"family"
"overall"	0.949442114516858	0.0136132784856726	Inf	0.915049621550239	0.970361666572759	"global"
"overall"	0.828408464512778	0.0353605422647606	Inf	0.747784530452379	0.88714932797127	"subclass"
