"contrast"	"odds.ratio"	"SE"	"df"	"null"	"z.ratio"	"p.value"	"key"
"no treatment / treatment"	1.03793362658645	0.0220891617127321	Inf	1	1.74946330361214	0.0802109666778037	"class"
"no treatment / treatment"	0.948027985930072	0.0193524642298437	Inf	1	-2.61452205071265	0.00893523926368501	"family"
"no treatment / treatment"	1.05588464300737	0.034696860236151	Inf	1	1.65484389608672	0.0979561671906768	"global"
"no treatment / treatment"	1.0216388057258	0.0186329066377383	Inf	1	1.17379722120081	0.240476257312545	"subclass"
