"contrast"	"odds.ratio"	"SE"	"df"	"null"	"z.ratio"	"p.value"	"key"
"no treatment / treatment"	1.02905950295769	0.0185910512341425	Inf	1	1.58558536823257	0.112833397534765	"class"
"no treatment / treatment"	0.94802870019783	0.019352494892419	Inf	1	-2.61448296972369	0.0089362615412988	"family"
"no treatment / treatment"	1.05588371629498	0.0346968130374303	Inf	1	1.65481798595169	0.0979614244514844	"global"
"no treatment / treatment"	1.02163651739295	0.018632869023841	Inf	1	1.17367415009188	0.240525568117644	"subclass"
