"treatment_state"	"response"	"SE"	"df"	"asymp.LCL"	"asymp.UCL"	"key"
"no treatment"	0.849474528540413	0.0279049942141247	Inf	0.786298394448034	0.896434001908727	"class"
"treatment"	0.863359289362858	0.0257392994081569	Inf	0.804685605059819	0.906456026795997	"class"
"no treatment"	0.91495629855065	0.010176540385242	Inf	0.892772335043905	0.932895667954476	"family"
"treatment"	0.917073531366518	0.00992472456117444	Inf	0.895430417589251	0.934564450772238	"family"
"no treatment"	0.952144245614417	0.0129378491401099	Inf	0.919384597708686	0.971996849475801	"global"
"treatment"	0.946595967635759	0.0143483589735656	Inf	0.910412567328729	0.968668224410523	"global"
"no treatment"	0.819599970992933	0.0368182987971052	Inf	0.736058002283953	0.88097541752379	"subclass"
"treatment"	0.836872464370618	0.0339792212949576	Inf	0.759017792152425	0.893116408312674	"subclass"
