"contrast"	"odds.ratio"	"SE"	"df"	"null"	"z.ratio"	"p.value"	"key"
"no treatment / treatment"	1.02905919287175	0.0185910446136894	Inf	1	1.58556877577606	0.11283716397186	"class"
"no treatment / treatment"	0.948028681857522	0.0193524944162619	Inf	1	-2.61448393116984	0.0089362363906085	"family"
"no treatment / treatment"	1.05588371785174	0.0346968131865404	Inf	1	1.65481802614728	0.0979614162954772	"global"
"no treatment / treatment"	1.02163642593392	0.0186328672430049	Inf	1	1.17366924871719	0.240527532095104	"subclass"
