"treatment_state"	"response"	"SE"	"df"	"asymp.LCL"	"asymp.UCL"	"key"
"no treatment"	0.818305097065405	0.0451527351272965	Inf	0.712936913623364	0.890915008328729	"class"
"treatment"	0.814007168868691	0.0459717857376233	Inf	0.70705564146626	0.888091719062147	"class"
"no treatment"	0.87880556508559	0.0211409385434678	Inf	0.83091488934619	0.91452726658288	"family"
"treatment"	0.88437592385491	0.0202806470848046	Inf	0.838324093089668	0.9185842606064	"family"
"no treatment"	0.951578572931342	0.0164256337502056	Inf	0.907163622527704	0.975322478695475	"global"
"treatment"	0.949010579444724	0.0172445119037844	Inf	0.902501345176524	0.973973578714528	"global"
"no treatment"	0.800328949188102	0.0430829182738903	Inf	0.702648814586069	0.871776672790738	"subclass"
"treatment"	0.796886252227139	0.0436212701874985	Inf	0.698197835282683	0.869342843824022	"subclass"
