"contrast"	"odds.ratio"	"SE"	"df"	"null"	"z.ratio"	"p.value"	"key"
"no treatment / treatment"	1.02905907142298	0.0185910420300228	Inf	1	1.58556227635163	0.112838639348421	"class"
"no treatment / treatment"	0.948029268271766	0.0193524797475775	Inf	1	-2.61445722833081	0.0089369349398069	"family"
"no treatment / treatment"	1.05588371777444	0.0346968131790646	Inf	1	1.65481802415481	0.0979614166997653	"global"
"no treatment / treatment"	1.02163644525687	0.0186328676271636	Inf	1	1.17367028375396	0.240527117355642	"subclass"
