"treatment_state"	"response"	"SE"	"df"	"asymp.LCL"	"asymp.UCL"	"key"
"no treatment"	0.818305161726773	0.0451528600060826	Inf	0.712936631997706	0.890915226594918	"class"
"treatment"	0.814007280333069	0.045971904477863	Inf	0.707055418573813	0.888091972350437	"class"
"no treatment"	0.878805575510828	0.0211409337514718	Inf	0.830914911434453	0.914527269596255	"family"
"treatment"	0.884375935842226	0.0202806421933288	Inf	0.838324116937918	0.918584264981816	"family"
"no treatment"	0.951578591524143	0.0164256324220191	Inf	0.907163639824528	0.975322493176392	"global"
"treatment"	0.949010598899401	0.0172445106136401	Inf	0.902501362961702	0.97397359397378	"global"
"no treatment"	0.800328909688408	0.0430829758703589	Inf	0.70264863173976	0.871776715355672	"subclass"
"treatment"	0.796886226709158	0.0436213261076344	Inf	0.698197669795107	0.869342897213927	"subclass"
