"treatment_state"	"response"	"SE"	"df"	"asymp.LCL"	"asymp.UCL"	"key"
"no treatment"	0.815504884486334	0.0440640046783599	Inf	0.71344459783988	0.886973815961912	"class"
"treatment"	0.809837183227398	0.045093181058542	Inf	0.705796104712576	0.883175571881736	"class"
"no treatment"	0.878802806387772	0.0211425832372793	Inf	0.830908070591965	0.914527010972251	"family"
"treatment"	0.884373352313022	0.0202822133478666	Inf	0.838317634165219	0.918584062983719	"family"
"no treatment"	0.951579256510909	0.0164256358436561	Inf	0.907164076022778	0.975323063234517	"global"
"treatment"	0.949011254865639	0.0172445307559983	Inf	0.902501735805678	0.973974173823445	"global"
"no treatment"	0.80032343228182	0.0430821978519348	Inf	0.702645736969517	0.871770601139405	"subclass"
"treatment"	0.796880301791238	0.0436205808977701	Inf	0.698194277039369	0.869336410264241	"subclass"
