"treatment_state"	"response"	"SE"	"df"	"asymp.LCL"	"asymp.UCL"	"key"
"no treatment"	0.818305185609039	0.0451529062990325	Inf	0.712936527522972	0.890915307427568	"class"
"treatment"	0.814007322519895	0.0459719483131186	Inf	0.707055337177627	0.888092066792324	"class"
"no treatment"	0.878798964711798	0.0211411812546089	Inf	0.830908121331858	0.914521343778772	"family"
"treatment"	0.884369525656645	0.0202808822653635	Inf	0.838317535753498	0.918578519820248	"family"
"no treatment"	0.951578590318911	0.0164256325069525	Inf	0.907163638707471	0.975322492236512	"global"
"treatment"	0.949010597637217	0.0172445106963992	Inf	0.902501361811194	0.973973592982819	"global"
"no treatment"	0.8003289156068	0.0430829639911006	Inf	0.702648667462973	0.871776704523146	"subclass"
"treatment"	0.796886229642347	0.0436213145787751	Inf	0.698197701833138	0.869342884060847	"subclass"
