"contrast"	"odds.ratio"	"SE"	"df"	"null"	"z.ratio"	"p.value"	"key"
"no treatment / treatment"	0.893159271476274	0.0181788665528149	Inf	1	-5.5514124591789	2.83370609394824e-08	"class"
"no treatment / treatment"	0.972852971211198	0.0218534231415369	Inf	1	-1.22521618855253	0.220493776585942	"family"
"no treatment / treatment"	1.12247836918705	0.0286419919262308	Inf	1	4.52797094107875	5.95527687497807e-06	"global"
"no treatment / treatment"	0.885591273004867	0.017633057693836	Inf	1	-6.10212487716626	1.04667545820619e-09	"subclass"
