"contrast"	"odds.ratio"	"SE"	"df"	"null"	"z.ratio"	"p.value"	"key"
"no treatment / treatment"	1.02882612603446	0.0189092607634088	Inf	1	1.54620868458616	0.122054176786002	"class"
"no treatment / treatment"	0.947461991389918	0.0196378819787749	Inf	1	-2.60379720332757	0.00921972923857331	"family"
"no treatment / treatment"	1.05460661667317	0.0351270106487045	Inf	1	1.59623993195834	0.110435235373131	"global"
"no treatment / treatment"	1.02103505687006	0.0189395498182707	Inf	1	1.12224201483077	0.261759553049113	"subclass"
