"treatment_state"	"response"	"SE"	"df"	"asymp.LCL"	"asymp.UCL"	"key"
"no treatment"	0.81472686809341	0.0461194196613862	Inf	0.707275098564163	0.888929931943255	"class"
"treatment"	0.810398766013686	0.0469395418392845	Inf	0.701374414136104	0.886084499987029	"class"
"no treatment"	0.876080027339738	0.0216896023248058	Inf	0.826961896151937	0.912727036078165	"family"
"treatment"	0.88182113139102	0.0208030812700291	Inf	0.834593535185842	0.916906642441972	"family"
"no treatment"	0.949812376177227	0.0170185815584091	Inf	0.903850138271291	0.974425105584545	"global"
"treatment"	0.947216457169801	0.0178439593974569	Inf	0.899150581541697	0.973060020310373	"global"
"no treatment"	0.796392602276171	0.0440241858153575	Inf	0.696728539260357	0.869441514713922	"subclass"
"treatment"	0.792996283891969	0.0445510280570263	Inf	0.692354356581572	0.867037407448829	"subclass"
