"method"	"response"	"SE"	"df"	"asymp.LCL"	"asymp.UCL"
"seurat"	0.721172132883916	0.0492581856561797	Inf	0.615421971903058	0.806964408894459
"scvi"	0.725349303021818	0.0488569439932518	Inf	0.620220402991381	0.810278783147768
