"contrast"	"odds.ratio"	"SE"	"df"	"null"	"z.ratio"	"p.value"
"seurat / scvi"	0.979346255990224	0.0550493449227989	Inf	1	-0.371284557710315	0.710425598446787
