"subsample_ref"	"response"	"SE"	"df"	"asymp.LCL"	"asymp.UCL"
"500"	0.732789830861063	0.0475583772707376	Inf	0.630132260125094	0.815305927824455
"100"	0.709434102240549	0.0500647830143197	Inf	0.60267388445281	0.797162859431772
"50"	0.716140799027069	0.0493736829259195	Inf	0.610487008033341	0.802411836928967
