"contrast"	"odds.ratio"	"SE"	"df"	"null"	"z.ratio"	"p.value"
"subsample_ref500 / subsample_ref100"	1.12320501258397	0.0298292653037886	Inf	1	4.3749297897472	3.61315832237974e-05
"subsample_ref500 / subsample_ref50"	1.08700367256762	0.0287905562617434	Inf	1	3.14975737766452	0.00465539495673983
"subsample_ref100 / subsample_ref50"	0.967769606073011	0.0254231928924632	Inf	1	-1.2471023236928	0.425411335479582
