name	mean duration (hours)	std duration (hours)	mean realtime (hours)	std realtime (hours)	mean %cpu	std %cpu	mean peak virtual memory (GB)	std peak virtual memory (GB)
SCVI Random Forest	0.018035318757132483	0.0018395972581171844	0.002721536207075423	0.001081666033307815	127.58040616246498	18.727809860650236	0.013195894243113912	0.0012324097054143047
SCVI pre-process query	0.02001334422657952	0.0072437813955484875	0.004798163709928416	0.0030054742677158514	160.587675070028	66.45482893005037	0.02043778448879552	0.001329809150995945
Seurat TransferData	0.02006165836705052	0.0041440576997619745	0.004327253864508766	0.001632085981531627	293.84692810457517	48.74420448567018	0.019576198317868814	0.016287159004025636
Seurat pre-process query	0.024901532835356364	0.007517796331799526	0.00584733893557423	0.0029683343759329666	509.982212885154	153.0836507468046	0.030715489320728293	0.019118779375549975
Seurat pre-process reference	0.050731481481481475	0.0299673086108518	0.0343824074074074	0.029093394876891682	440.4266666666666	173.38541185242696	0.038977864583333334	0.015905556316785224
