name	mean duration (hours)	std duration (hours)	mean realtime (hours)	std realtime (hours)	mean %cpu	std %cpu	mean peak virtual memory (GB)	std peak virtual memory (GB)
SCVI Random Forest	0.023437378370062687	0.017587317842897753	0.0023273527941233027	0.00045857305178007176	143.60134994807893	18.19656354117437	0.013318309684903945	0.001341888094051566
SCVI pre-process query	0.025283532364139837	0.005165784972334605	0.0035226289373485637	0.0008781613995475991	194.4954828660436	52.861304691482914	0.020639846183800624	0.000867073381208302
Seurat TransferData	0.02485031661198187	0.011171668158317508	0.003535047756723631	0.0007881860855522226	331.84879343542497	28.686752250168997	0.015570805886276115	0.014266512938105992
Seurat pre-process query	0.028859899619245413	0.007838091283548945	0.005472308757355486	0.0011404166197310534	500.5700934579439	91.39569950606621	0.030239820628894083	0.019824770976972043
Seurat pre-process reference	0.04607716049382716	0.053925586751898964	0.014808641975308642	0.012250825148536908	503.99333333333334	178.86427708734212	0.03146809895833333	0.018049806551294553
