process	mean_duration	std_duration	count	mean_realtime	std_realtime	mean_memory	std_memory
scVI Query Processing	0.02001334422657952	0.0072437813955484875	17136	0.004798163709928416	0.0030054742677158514	0.02043778448879552	0.001329809150995945
Seurat Prediction	0.02006165836705052	0.004144057699761974	171360	0.004327253864508766	0.0016320859815316272	0.019576198317868814	0.016287159004025636
Seurat Query Processing	0.02490153283535636	0.007517796331799526	17136	0.00584733893557423	0.0029683343759329666	0.030715489320728293	0.019118779375549975
Seurat Reference Processing	0.050731481481481475	0.029967308610851805	240	0.0343824074074074	0.029093394876891682	0.038977864583333334	0.015905556316785224
scVI Prediction	0.018035318757132483	0.0018395972581171846	171360	0.002721536207075423	0.0010816660333078148	0.013195894243113912	0.0012324097054143047
