"contrast"	"odds.ratio"	"SE"	"df"	"null"	"z.ratio"	"p.value"
"seurat cutoff0 / scvi cutoff0"	0.970561409455433	0.0179326474118461	Inf	1	-1.61721572910551	0.105831722240974
