"method"	"cutoff"	"response"	"SE"	"df"	"asymp.LCL"	"asymp.UCL"
"seurat"	0	0.874532670651933	0.0378515521932606	Inf	0.779975261205317	0.931996272210107
"scvi"	0	0.877774803282018	0.0370092396568247	Inf	0.785063077007344	0.933864781646357
