"subsample_ref"	"response"	"SE"	"df"	"asymp.LCL"	"asymp.UCL"
"500"	0.878013442561059	0.0369457777331108	Inf	0.785442324238772	0.934000737360882
"100"	0.878599295889834	0.0367927420446295	Inf	0.786364997280181	0.934337664040769
"50"	0.871777853630909	0.0385576905235984	Inf	0.775686287005249	0.930399228759995
