"contrast"	"odds.ratio"	"SE"	"df"	"null"	"z.ratio"	"p.value"
"subsample_ref500 / subsample_ref100"	0.994533792978677	0.0147987313208484	Inf	1	-0.368358604377021	0.927940807395189
"subsample_ref500 / subsample_ref50"	1.0586353699916	0.015602797249313	Inf	1	3.86608727390926	0.000325546410514965
"subsample_ref100 / subsample_ref50"	1.06445389534823	0.0155229312964287	Inf	1	4.28319911960172	5.47221000573028e-05
