"treatment_state"	"response"	"SE"	"df"	"asymp.LCL"	"asymp.UCL"
"No treatment"	0.872166828614014	0.038465477215899	Inf	0.77626874838676	0.930633151184133
"treatment"	0.880051131032798	0.0364382073169221	Inf	0.788575915572844	0.935200691242602
