"contrast"	"odds.ratio"	"SE"	"df"	"null"	"z.ratio"	"p.value"
"No treatment / treatment"	0.929917141803759	0.0248069777600958	Inf	1	-2.72373307293362	0.00645486523501836
