"contrast"	"odds.ratio"	"SE"	"df"	"null"	"z.ratio"	"p.value"
"seurat / scvi"	0.484521049615924	0.0594311461275341	Inf	1	-5.90736109495298	3.47631223845146e-09
