"contrast"	"odds.ratio"	"SE"	"df"	"null"	"z.ratio"	"p.value"
"subsample_ref500 / subsample_ref100"	0.855633196244608	0.0533138426969684	Inf	1	-2.50225387613062	0.0330405866978485
"subsample_ref500 / subsample_ref50"	0.84052812833925	0.0523712560269732	Inf	1	-2.78818273449846	0.0146597031413016
"subsample_ref100 / subsample_ref50"	0.982346327875478	0.0607841073587474	Inf	1	-0.287853547036419	0.955352462417862
