"subsample_ref"	"response"	"SE"	"df"	"asymp.LCL"	"asymp.UCL"
"500"	0.190392584255534	0.0970187440205288	Inf	0.0640993488032529	0.446740948674343
"100"	0.215590948022574	0.106449565754002	Inf	0.0741052488508288	0.485548686473182
"50"	0.218618308824714	0.107496475237132	Inf	0.0753616560354486	0.489909177264992
