"method"	"cutoff"	"response"	"SE"	"df"	"asymp.LCL"	"asymp.UCL"
"seurat"	0	0.9606138741143	0.00990770497271576	Inf	0.935890673730602	0.976046809286422
"scvi"	0	0.961154921935642	0.00978040194544599	Inf	0.936738731037986	0.976385056512479
