"method"	"cutoff"	"response"	"SE"	"df"	"asymp.LCL"	"asymp.UCL"
"seurat"	0	0.959107361513344	0.0102607514466392	Inf	0.933534323634591	0.975103438662321
"scvi"	0	0.959668235434168	0.0101296188134426	Inf	0.934410538478817	0.97545499604757
