"contrast"	"odds.ratio"	"SE"	"df"	"null"	"z.ratio"	"p.value"
"seurat cutoff0 / scvi cutoff0"	0.965989468171572	0.0233787046666174	Inf	1	-1.42974144992025	0.152791239018324
