"method"	"cutoff"	"response"	"SE"	"df"	"asymp.LCL"	"asymp.UCL"
"seurat"	0	0.960492700001807	0.00981934090758108	Inf	0.936062999361491	0.975829082264549
"scvi"	0	0.961785016176973	0.00951393319467396	Inf	0.938093608200744	0.976635602649822
