"contrast"	"odds.ratio"	"SE"	"df"	"null"	"z.ratio"	"p.value"
"seurat cutoff0 / scvi cutoff0"	0.985707803002986	0.0239768364825752	Inf	1	-0.591803405015108	0.553982242823717
