"contrast"	"odds.ratio"	"SE"	"df"	"null"	"z.ratio"	"p.value"
"female / male"	1.01304188699079	0.0508362478087408	Inf	1	0.258212705292161	0.963913211568314
"female / None"	0.757052765071404	0.402799352622598	Inf	1	-0.52310085512862	0.860040614925964
"male / None"	0.747306478432208	0.396196519565772	Inf	1	-0.549412588914759	0.846779310048209
