"sex"	"response"	"SE"	"df"	"asymp.LCL"	"asymp.UCL"
"female"	0.957702417741747	0.0132919373352737	Inf	0.922491445392372	0.977310996890702
"male"	0.957174401779279	0.0133238427034132	Inf	0.92199634573904	0.976885596893404
"None"	0.967646026352886	0.0131372627456241	Inf	0.929279940770565	0.985522528351389
