"sex"	"response"	"SE"	"df"	"asymp.LCL"	"asymp.UCL"
"female"	0.958200468190932	0.0132997418744858	Inf	0.922823853810004	0.977751822782139
"male"	0.957018982140925	0.0135306312295002	Inf	0.921169783271424	0.97697276939188
"None"	0.966716168052064	0.0136639543349622	Inf	0.926661974725643	0.985242796184605
