"contrast"	"odds.ratio"	"SE"	"df"	"null"	"z.ratio"	"p.value"
"subsample_ref500 / subsample_ref100"	1.03581860097422	0.0192366395219793	Inf	1	1.89495479522698	0.140099388907658
"subsample_ref500 / subsample_ref50"	1.08559239217575	0.020009726888276	Inf	1	4.45559140287575	2.49118360992062e-05
"subsample_ref100 / subsample_ref50"	1.04805261380199	0.0189597792613556	Inf	1	2.59439095731651	0.0256630070241705
