"subsample_ref"	"response"	"SE"	"df"	"asymp.LCL"	"asymp.UCL"
"500"	0.961144013224974	0.00965496827593127	Inf	0.937118644373421	0.976222806773738
"100"	0.959347150630849	0.0100813173325505	Inf	0.934290573233246	0.975103661662219
"50"	0.957597872064412	0.0104950583218479	Inf	0.931542771454602	0.974012938594086
