"contrast"	"odds.ratio"	"SE"	"df"	"null"	"z.ratio"	"p.value"
"subsample_ref500 / subsample_ref100"	1.04820378439648	0.0193338858937372	Inf	1	2.55237651885836	0.0288283928189799
"subsample_ref500 / subsample_ref50"	1.09530482857171	0.0201114486050418	Inf	1	4.95780116376667	2.13221828015975e-06
"subsample_ref100 / subsample_ref50"	1.0449350067958	0.0188109066863568	Inf	1	2.44165760028811	0.0388281032940576
