"treatment_state"	"response"	"SE"	"df"	"asymp.LCL"	"asymp.UCL"
"No treatment"	0.957460265874292	0.0106593372477516	Inf	0.930920132805408	0.974087639112217
"treatment"	0.961233302143783	0.00976480808289886	Inf	0.93685273445002	0.976437507219327
