"contrast"	"odds.ratio"	"SE"	"df"	"null"	"z.ratio"	"p.value"
"No treatment / treatment"	0.923695104311804	0.0295907231024457	Inf	1	-2.47769102412723	0.013223560209615
