"treatment_state"	"response"	"SE"	"df"	"asymp.LCL"	"asymp.UCL"
"No treatment"	0.959024866212649	0.0102937381092835	Inf	0.933362972476335	0.975068349185634
"treatment"	0.962664542475363	0.0094271349584743	Inf	0.939099540005078	0.977331338196489
