"treatment_state"	"response"	"SE"	"df"	"asymp.LCL"	"asymp.UCL"
"No treatment"	0.959634439956281	0.0100270063587866	Inf	0.934699867860832	0.975299461649146
"treatment"	0.962599332388173	0.0093313157959661	Inf	0.939343017302152	0.977155858313064
