"method"	"response"	"SE"	"df"	"asymp.LCL"	"asymp.UCL"
"seurat"	0.47775093231249	0.135427603345021	Inf	0.239960793046531	0.726072084667004
"scvi"	0.302116275017246	0.115063944054848	Inf	0.129333786816373	0.557835228826996
