"contrast"	"odds.ratio"	"SE"	"df"	"null"	"z.ratio"	"p.value"
"seurat / scvi"	2.11316212947725	0.307798647774602	Inf	1	5.1365956359468	2.79760012396664e-07
