"contrast"	"odds.ratio"	"SE"	"df"	"null"	"z.ratio"	"p.value"
"subsample_ref500 / subsample_ref100"	1.17597663064811	0.0788394229165797	Inf	1	2.41788438068423	0.0413234468886301
"subsample_ref500 / subsample_ref50"	1.11719227554027	0.0743588349911704	Inf	1	1.66497672616084	0.218772054502546
"subsample_ref100 / subsample_ref50"	0.950012310129455	0.0634943100604423	Inf	1	-0.767264827977183	0.723131711734694
