"method"	"response"	"SE"	"df"	"asymp.LCL"	"asymp.UCL"
"seurat"	0.835739241800528	0.0542398889682515	Inf	0.701084393597695	0.916923030246247
"scvi"	0.837472320646279	0.0538154313375965	Inf	0.703624884316898	0.917923351095766
