"contrast"	"odds.ratio"	"SE"	"df"	"null"	"z.ratio"	"p.value"
"seurat / scvi"	0.987401639366809	0.0435085882571132	Inf	1	-0.287728616536601	0.773554483077806
