"subsample_ref"	"response"	"SE"	"df"	"asymp.LCL"	"asymp.UCL"
"500"	0.799119409268912	0.0633043589036347	Inf	0.6474580012678	0.896015446374277
"100"	0.785417396183635	0.0664615189937722	Inf	0.628227555794577	0.887994797444409
"50"	0.774996208465985	0.0687634309917298	Inf	0.613927935823207	0.881804283045133
