"contrast"	"odds.ratio"	"SE"	"df"	"null"	"z.ratio"	"p.value"
"subsample_ref500 / subsample_ref100"	1.08684521304076	0.02211572848101	Inf	1	4.09263477844788	0.000126243235804346
"subsample_ref500 / subsample_ref50"	1.15495206820223	0.0234799310522161	Inf	1	7.08609659576713	4.16044976248031e-12
"subsample_ref100 / subsample_ref50"	1.06266472386709	0.0215693031152706	Inf	1	2.99445852711558	0.0077442205686481
