"contrast"	"odds.ratio"	"SE"	"df"	"null"	"z.ratio"	"p.value"
"seurat / scvi"	0.965989466700331	0.0233787046020227	Inf	1	-1.42974151462382	0.152791220440943
