"contrast"	"odds.ratio"	"SE"	"df"	"null"	"z.ratio"	"p.value"
"seurat / scvi"	0.965989467334309	0.023378704630049	Inf	1	-1.42974148673044	0.152791228449558
