"method"	"response"	"SE"	"df"	"asymp.LCL"	"asymp.UCL"
"seurat"	0.958708247633497	0.0102340438465238	Inf	0.93328185076495	0.974707211621499
"scvi"	0.960056507327927	0.00991714123312643	Inf	0.935394088560698	0.975550465961649
