"contrast"	"odds.ratio"	"SE"	"df"	"null"	"z.ratio"	"p.value"
"seurat / scvi"	0.965989466814127	0.0233787046092412	Inf	1	-1.42974150948331	0.152791221916864
