"method"	"response"	"SE"	"df"	"asymp.LCL"	"asymp.UCL"
"seurat"	0.958708247383332	0.0102340436380413	Inf	0.933281851197098	0.974707211138815
"scvi"	0.960056507060422	0.00991714103731373	Inf	0.935394088940545	0.975550465478962
