"sex"	"response"	"SE"	"df"	"asymp.LCL"	"asymp.UCL"
"female"	0.95579773325498	0.0138547065995474	Inf	0.919163163806633	0.976258656526879
"male"	0.955247051581591	0.0138871656319183	Inf	0.91864878185904	0.975813981898661
"None"	0.966173295879938	0.0137094550495624	Inf	0.926214110431611	0.984846397675963
