"sex"	"response"	"SE"	"df"	"asymp.LCL"	"asymp.UCL"
"female"	0.955797732523946	0.0138547071744378	Inf	0.919163161292622	0.976258656508997
"male"	0.955247050894239	0.0138871662000762	Inf	0.918648779407336	0.975813981913987
"None"	0.966173297622707	0.0137094547297934	Inf	0.926214112592978	0.984846398795598
