"sex"	"response"	"SE"	"df"	"asymp.LCL"	"asymp.UCL"
"female"	0.955797732785069	0.0138547069775308	Inf	0.919163162161519	0.976258656524462
"male"	0.955247051142857	0.0138871660048369	Inf	0.918648780258954	0.975813981919552
"None"	0.966173297074529	0.013709454823419	Inf	0.92621411194164	0.984846398437198
