"contrast"	"odds.ratio"	"SE"	"df"	"null"	"z.ratio"	"p.value"
"female / male"	1.0130418853039	0.0508362477004757	Inf	1	0.258212672229347	0.963913220639704
"female / None"	0.757052695361312	0.402799329234328	Inf	1	-0.523101010398585	0.860040537989429
"male / None"	0.747306410863955	0.3961964973673	Inf	1	-0.549412740564499	0.846779232351973
