"contrast"	"odds.ratio"	"SE"	"df"	"null"	"z.ratio"	"p.value"
"female / male"	1.01304188406306	0.0508362476197088	Inf	1	0.258212647914771	0.963913227310853
"female / None"	0.757052641892578	0.402799311297515	Inf	1	-0.523101129490025	0.860040478979405
"male / None"	0.747306358998925	0.396196480322495	Inf	1	-0.549412856977487	0.846779172708927
