"contrast"	"odds.ratio"	"SE"	"df"	"null"	"z.ratio"	"p.value"
"subsample_ref500 / subsample_ref100"	1.04820378116205	0.0193338858243667	Inf	1	2.55237635284706	0.0288284059642306
"subsample_ref500 / subsample_ref50"	1.09530482621795	0.0201114485484756	Inf	1	4.95780105002126	2.13221952682918e-06
"subsample_ref100 / subsample_ref50"	1.04493500777463	0.018810906702469	Inf	1	2.44165765251913	0.0388280979556532
