"subsample_ref"	"response"	"SE"	"df"	"asymp.LCL"	"asymp.UCL"
"500"	0.961144013642909	0.00965496867364918	Inf	0.937118643494724	0.976222807639381
"100"	0.959347151247809	0.0100813177055131	Inf	0.934290572601709	0.975103662680031
"50"	0.957597872650413	0.0104950587240945	Inf	0.93154277071004	0.974012939620215
