"contrast"	"odds.ratio"	"SE"	"df"	"null"	"z.ratio"	"p.value"
"subsample_ref500 / subsample_ref100"	1.04820377954478	0.0193338857896135	Inf	1	2.55237626984789	0.0288284125363434
"subsample_ref500 / subsample_ref50"	1.09530482502159	0.0201114485198295	Inf	1	4.95780099218115	2.13222016054448e-06
"subsample_ref100 / subsample_ref50"	1.0449350082455	0.0188109067101717	Inf	1	2.44165767765155	0.0388280953869301
