"contrast"	"odds.ratio"	"SE"	"df"	"null"	"z.ratio"	"p.value"
"subsample_ref500 / subsample_ref100"	1.04820377866365	0.0193338857706998	Inf	1	2.55237622462455	0.0288284161172589
"subsample_ref500 / subsample_ref50"	1.09530482439956	0.0201114485046961	Inf	1	4.95780096216721	2.13222048972561e-06
"subsample_ref100 / subsample_ref50"	1.04493500853046	0.01881090671483	Inf	1	2.44165769286173	0.0388280938323351
