"subsample_ref"	"response"	"SE"	"df"	"asymp.LCL"	"asymp.UCL"
"500"	0.961144013486914	0.00965496854240666	Inf	0.937118643769487	0.976222807337239
"100"	0.959347151024733	0.0100813175825646	Inf	0.934290572793327	0.975103662326541
"50"	0.957597872436459	0.0104950585915377	Inf	0.931542770937847	0.974012939263047
