"subsample_ref"	"response"	"SE"	"df"	"asymp.LCL"	"asymp.UCL"
"500"	0.961144013684837	0.00965496874792891	Inf	0.937118643300249	0.976222807768105
"100"	0.959347151324378	0.0100813177753532	Inf	0.934290572450665	0.975103662835084
"50"	0.957597872719058	0.0104950587995051	Inf	0.931542770535735	0.974012939774983
