"1"	"response"	"SE"	"df"	"asymp.LCL"	"asymp.UCL"
"overall"	0.959387735036584	0.0100634252439639	Inf	0.934379922172119	0.975118852411994
