"1"	"response"	"SE"	"df"	"asymp.LCL"	"asymp.UCL"
"overall"	0.959387735295593	0.0100634254464115	Inf	0.934379921765726	0.975118852895372
