"1"	"response"	"SE"	"df"	"asymp.LCL"	"asymp.UCL"
"overall"	0.959387735233556	0.0100634253731214	Inf	0.934379921939556	0.975118852749327
