"treatment_state"	"response"	"SE"	"df"	"asymp.LCL"	"asymp.UCL"
"No treatment"	0.95781292472675	0.0104496511924477	Inf	0.931863705359599	0.974153674626032
"treatment"	0.960906158708583	0.00972754519716972	Inf	0.936694291094834	0.976094297543547
