"treatment_state"	"response"	"SE"	"df"	"asymp.LCL"	"asymp.UCL"
"No treatment"	0.957812924808732	0.0104496512641742	Inf	0.931863705207733	0.974153674788422
"treatment"	0.96090615875199	0.00972754527146997	Inf	0.936694290901423	0.976094297673582
