"contrast"	"odds.ratio"	"SE"	"df"	"null"	"z.ratio"	"p.value"
"No treatment / treatment"	0.923695109531103	0.0295907232857296	Inf	1	-2.47769084639762	0.013223566795942
