"treatment_state"	"response"	"SE"	"df"	"asymp.LCL"	"asymp.UCL"
"No treatment"	0.957812924490587	0.0104496510662368	Inf	0.93186370554943	0.974153674256443
"treatment"	0.960906158548321	0.0097275450662035	Inf	0.936694291365402	0.97609429723798
