"contrast"	"odds.ratio"	"SE"	"df"	"null"	"z.ratio"	"p.value"
"No treatment / treatment"	0.923695108724381	0.0295907232575536	Inf	1	-2.47769087385561	0.0132235657783999
