"contrast"	"odds.ratio"	"SE"	"df"	"null"	"z.ratio"	"p.value"
"No treatment / treatment"	0.923695107266448	0.029590723206287	Inf	1	-2.47769092350747	0.0132235639383947
