"method"	"cutoff"	"response"	"SE"	"df"	"asymp.LCL"	"asymp.UCL"
"seurat"	0	0.822881490832711	0.042936745874331	Inf	0.722840254359958	0.892198019577059
"scvi"	0	0.797586981856948	0.0475584708719891	Inf	0.688668904180846	0.875300197105142
