"contrast"	"odds.ratio"	"SE"	"df"	"null"	"z.ratio"	"p.value"
"seurat cutoff0 / scvi cutoff0"	1.17905409106134	0.0161079315759467	Inf	1	12.0564794550089	1.79284011532181e-33
