"subsample_ref"	"response"	"SE"	"df"	"asymp.LCL"	"asymp.UCL"
"500"	0.815007295089495	0.0444144100639394	Inf	0.712080173000895	0.886979524936784
"100"	0.816143330458931	0.0442032011547	Inf	0.713626159555137	0.887734475416397
"50"	0.800208260599549	0.0470957523242955	Inf	0.692159167760735	0.877068728660571
