"contrast"	"odds.ratio"	"SE"	"df"	"null"	"z.ratio"	"p.value"
"subsample_ref500 / subsample_ref100"	0.992475618369957	0.0111271300611294	Inf	1	-0.673668965906749	0.778823445004136
"subsample_ref500 / subsample_ref50"	1.09997139434513	0.0121975889232941	Inf	1	8.59267079345212	2.65343302885412e-14
"subsample_ref100 / subsample_ref50"	1.10831074737304	0.0121861124729663	Inf	1	9.352889221415	2.93098878501041e-14
