"method"	"response"	"SE"	"df"	"asymp.LCL"	"asymp.UCL"
"seurat"	0.942071798050564	0.0169628097293421	Inf	0.898408080792326	0.967644911424529
"scvi"	0.938803108234882	0.0178623212483617	Inf	0.892940760938924	0.965771903024144
