"contrast"	"odds.ratio"	"SE"	"df"	"null"	"z.ratio"	"p.value"
"seurat / scvi"	1.04511126873309	0.0255195013721255	Inf	1	1.80700308159814	0.0707617987211939
