"contrast"	"odds.ratio"	"SE"	"df"	"null"	"z.ratio"	"p.value"
"seurat / scvi"	1.06010479809054	0.025075289798908	Inf	1	2.46760666970558	0.0136019688197556
