"contrast"	"odds.ratio"	"SE"	"df"	"null"	"z.ratio"	"p.value"
"seurat / scvi"	1.0451112550813	0.0255195010617395	Inf	1	1.80700254501711	0.0707618823841795
