"method"	"response"	"SE"	"df"	"asymp.LCL"	"asymp.UCL"
"seurat"	0.955057935650167	0.0143015307815583	Inf	0.917082068694177	0.976094479750391
"scvi"	0.953125575597974	0.0148890766446152	Inf	0.913654761065054	0.975045982668967
