"method"	"response"	"SE"	"df"	"asymp.LCL"	"asymp.UCL"
"seurat"	0.955057954385373	0.0143015241100524	Inf	0.917082105324101	0.976094488880535
"scvi"	0.953125594515599	0.0148890699031408	Inf	0.91365479802716	0.975045991874214
