"reference"	"method"	"response"	"SE"	"df"	"asymp.LCL"	"asymp.UCL"
"Single-cell RNA-seq for all cortical  hippocampal regions SMART-Seq v4"	"seurat"	0.956120456487256	0.014003053577268	Inf	0.918882339111598	0.976697446204454
"An integrated transcriptomic and epigenomic atlas of mouse primary motor cortex cell types"	"seurat"	0.953801301961798	0.0147043128857871	Inf	0.914781168918601	0.975434621479462
"Single-cell RNA-seq for all cortical  hippocampal regions 10x"	"seurat"	0.970920223423868	0.00942591716486577	Inf	0.945518431871248	0.984670556517153
"whole cortex"	"seurat"	0.931403459901942	0.0213198112735705	Inf	0.875928875137398	0.963118663483519
"Single-cell RNA-seq for all cortical  hippocampal regions SMART-Seq v4"	"scvi"	0.927377162695062	0.0224699924660709	Inf	0.869116065796099	0.96087174405665
"An integrated transcriptomic and epigenomic atlas of mouse primary motor cortex cell types"	"scvi"	0.958198948575367	0.0133762124588127	Inf	0.922555835147014	0.97783176422521
"Single-cell RNA-seq for all cortical  hippocampal regions 10x"	"scvi"	0.959840627986873	0.0128653713622078	Inf	0.925514879642289	0.978711544162993
"whole cortex"	"scvi"	0.960682398530605	0.0126070238134359	Inf	0.927020477323226	0.979166641673286
