"sex"	"response"	"SE"	"df"	"asymp.LCL"	"asymp.UCL"
"female"	0.954465621029611	0.0182120059913253	Inf	0.902152707919184	0.979447221595108
"male"	0.943696352630465	0.0221020436432376	Inf	0.881190858073806	0.974277608094235
"None"	0.962358477418741	0.019937290459792	Inf	0.896836242785218	0.986874718253913
