"sex"	"response"	"SE"	"df"	"asymp.LCL"	"asymp.UCL"
"female"	0.94280000577339	0.0211025194293261	Inf	0.884459004426719	0.972595205880437
"male"	0.93027856322232	0.0251638124438872	Inf	0.861829717188208	0.966150050203289
"None"	0.947140157548854	0.0257007505509257	Inf	0.867573664021958	0.980002197525867
