"contrast"	"odds.ratio"	"SE"	"df"	"null"	"z.ratio"	"p.value"
"female / male"	1.25061929653747	0.0682147534685781	Inf	1	4.10009663413507	0.000122259907976541
"female / None"	0.819881672035366	0.566897413277758	Inf	1	-0.28722058536688	0.95554413837098
"male / None"	0.655580538622212	0.452091112101856	Inf	1	-0.612284698133017	0.813405028103478
