"contrast"	"odds.ratio"	"SE"	"df"	"null"	"z.ratio"	"p.value"
"female / male"	1.25061929730379	0.0682147533546305	Inf	1	4.10009665473022	0.000122259897148758
"female / None"	0.819881584007467	0.566897312694335	Inf	1	-0.287220760770076	0.955544085307777
"male / None"	0.655580467833058	0.452091031494571	Inf	1	-0.612284897770158	0.813404918642707
