"sex"	"response"	"SE"	"df"	"asymp.LCL"	"asymp.UCL"
"female"	0.954465638169568	0.0182119982202039	Inf	0.902152747679557	0.979447228405755
"male"	0.943696373552482	0.0221020343675418	Inf	0.881190905294766	0.974277616526822
"None"	0.962358495594169	0.0199372798137572	Inf	0.896836296193876	0.986874723774802
