"subsample_ref"	"response"	"SE"	"df"	"asymp.LCL"	"asymp.UCL"
"500"	0.944452179618649	0.0163080632334312	Inf	0.902392887344171	0.969010347190776
"100"	0.942131401675615	0.0169461131022455	Inf	0.898508804634061	0.967678750506323
"50"	0.934364452620275	0.0190608888018141	Inf	0.885601884985173	0.963205392308229
