"contrast"	"odds.ratio"	"SE"	"df"	"null"	"z.ratio"	"p.value"
"subsample_ref500 / subsample_ref100"	1.1748844600143	0.0224508913015153	Inf	1	8.43422667091671	3.00870439673417e-14
"subsample_ref500 / subsample_ref50"	1.38931168599012	0.0265649923861419	Inf	1	17.1962180130417	0
"subsample_ref100 / subsample_ref50"	1.18250920262679	0.0218591414989973	Inf	1	9.06871000639663	3.90798504668055e-14
