"subsample_ref"	"response"	"SE"	"df"	"asymp.LCL"	"asymp.UCL"
"500"	0.960746207290755	0.0125668863066209	Inf	0.927206761128699	0.979179378122463
"100"	0.954195769419743	0.014561813658533	Inf	0.915558975525399	0.975624598190354
"50"	0.946285115793341	0.0169337715295949	Inf	0.901667917999411	0.971302044667057
