"contrast"	"odds.ratio"	"SE"	"df"	"null"	"z.ratio"	"p.value"
"subsample_ref500 / subsample_ref100"	1.17488445974438	0.0224508912474459	Inf	1	8.43422667726885	2.96429547574917e-14
"subsample_ref500 / subsample_ref50"	1.3893116809426	0.026564992248288	Inf	1	17.1962178497962	0
"subsample_ref100 / subsample_ref50"	1.18250919860228	0.0218591413909615	Inf	1	9.06870983624233	3.94129173741931e-14
