"subsample_ref"	"response"	"SE"	"df"	"asymp.LCL"	"asymp.UCL"
"500"	0.960746223457255	0.0125668804736432	Inf	0.927206793109288	0.979179385941317
"100"	0.954195788165435	0.0145618069779097	Inf	0.915559012175965	0.975624607316082
"50"	0.946285137767265	0.0169337638241112	Inf	0.901667960333538	0.971302055458302
