"contrast"	"odds.ratio"	"SE"	"df"	"null"	"z.ratio"	"p.value"
"subsample_ref500 / subsample_ref100"	1.0443460647163	0.0195474626730235	Inf	1	2.31821035759856	0.0533136683807727
"subsample_ref500 / subsample_ref50"	1.19436138736604	0.0221998638170462	Inf	1	9.5555758770316	2.38697950294409e-14
"subsample_ref100 / subsample_ref50"	1.14364522232436	0.0206360724381137	Inf	1	7.43847409860898	3.25406368517633e-13
