"1"	"response"	"SE"	"df"	"asymp.LCL"	"asymp.UCL"
"overall"	0.954101453480645	0.0145828535714459	Inf	0.915418157959071	0.975565274335883
