"1"	"response"	"SE"	"df"	"asymp.LCL"	"asymp.UCL"
"overall"	0.954101434651877	0.0145828602755051	Inf	0.915418121169616	0.97556526516374
