"1"	"response"	"SE"	"df"	"asymp.LCL"	"asymp.UCL"
"overall"	0.940458459993397	0.0173949844830534	Inf	0.895747269107232	0.966706935034236
