"contrast"	"odds.ratio"	"SE"	"df"	"null"	"z.ratio"	"p.value"
"no treatment / treatment"	1.11324810970277	0.0330517637563559	Inf	1	3.61346668494187	0.000302130191203228
