"treatment_state"	"response"	"SE"	"df"	"asymp.LCL"	"asymp.UCL"
"no treatment"	0.940752699949715	0.0173234341165906	Inf	0.896208661276562	0.966886159850484
"treatment"	0.940162851698617	0.0175077215153543	Inf	0.895150237258605	0.966572900397829
