"contrast"	"odds.ratio"	"SE"	"df"	"null"	"z.ratio"	"p.value"
"no treatment / treatment"	1.11324811076738	0.0330517638547861	Inf	1	3.61346670984671	0.000302130162169585
