"treatment_state"	"response"	"SE"	"df"	"asymp.LCL"	"asymp.UCL"
"no treatment"	0.956394097504148	0.0138937979940427	Inf	0.91945884968835	0.976818312536666
"treatment"	0.951694358548935	0.0153326245485159	Inf	0.911089386310027	0.974278792913251
