"contrast"	"odds.ratio"	"SE"	"df"	"null"	"z.ratio"	"p.value"
"no treatment / treatment"	1.01058933395978	0.0304049325279918	Inf	1	0.350114379764337	0.726252859562235
