"treatment_state"	"response"	"SE"	"df"	"asymp.LCL"	"asymp.UCL"
"no treatment"	0.956394079592838	0.0138938043989317	Inf	0.919458814548695	0.976818303831016
"treatment"	0.951694338760727	0.0153326315721643	Inf	0.911089347776153	0.974278783260719
