metric	stat	class	family	global	subclass
f1_score	mean	0.5437577948130827	0.6926344603075336	0.6714088485798025	0.569002880149374
f1_score	std	0.4283328356363845	0.38528179178226024	0.38195974238838304	0.42289258593508183
precision	mean	0.7939211201966281	0.8653327647995565	0.8017781940779808	0.8146541882267739
precision	std	0.2850108870327846	0.21546918410049978	0.2999961286429226	0.2772655132877477
recall	mean	0.6136471825330283	0.7335112375142198	0.7726157761134552	0.6283281999654369
recall	std	0.4450652109812855	0.38891906782942837	0.3753546015715903	0.43376710328599777
