"subsample_ref"	"response"	"SE"	"df"	"asymp.LCL"	"asymp.UCL"
"500"	0.25782665725803	0.0826601272136728	Inf	0.129661033429718	0.447535937484346
"100"	0.229536766562895	0.076445237695633	Inf	0.113231947456421	0.410061213926292
"50"	0.227494383946267	0.075967892072544	Inf	0.112071661651615	0.407267033383676
