"contrast"	"odds.ratio"	"SE"	"df"	"null"	"z.ratio"	"p.value"
"subsample_ref500 / subsample_ref100"	1.16606329793648	0.0640772631151093	Inf	1	2.79578478713243	0.0143299697675434
"subsample_ref500 / subsample_ref50"	1.17965070643949	0.0653393623184122	Inf	1	2.98288773416946	0.00803565126981831
"subsample_ref100 / subsample_ref50"	1.01165237644222	0.0566764529436243	Inf	1	0.206787874123662	0.976702311855684
