"subsample_ref"	"response"	"SE"	"df"	"asymp.LCL"	"asymp.UCL"
"500"	0.840463317334566	0.0628731919934645	Inf	0.677572818208314	0.929610340796632
"100"	0.806263685190535	0.073238800051553	Inf	0.624089602291124	0.912526599175858
"50"	0.845317270922317	0.0613126748375837	Inf	0.685527265534015	0.931971844631421
