"contrast"	"odds.ratio"	"SE"	"df"	"null"	"z.ratio"	"p.value"
"seurat / scvi"	0.387294273341993	0.0625524100856264	Inf	1	-5.87308968190096	4.27746915300772e-09
