"contrast"	"odds.ratio"	"SE"	"df"	"null"	"z.ratio"	"p.value"
"subsample_ref500 / subsample_ref100"	0.962427674387123	0.0686065491350478	Inf	1	-0.537229700763058	0.85297461164173
"subsample_ref500 / subsample_ref50"	1.02711729958282	0.0736118645180184	Inf	1	0.373332405456542	0.926056510844104
"subsample_ref100 / subsample_ref50"	1.06721505097709	0.0764287463396649	Inf	1	0.908362490581273	0.635000988785759
