"method"	"response"	"SE"	"df"	"asymp.LCL"	"asymp.UCL"
"seurat"	0.158046522994711	0.0044477445903158	Inf	0.149523091668179	0.166960441806427
"scvi"	0.106491019653193	0.00320464309003695	Inf	0.100371223839766	0.112937107039369
