"contrast"	"odds.ratio"	"SE"	"df"	"null"	"z.ratio"	"p.value"
"seurat / scvi"	1.57500808481115	0.0696099470445854	Inf	1	10.2781835299911	8.8377496288626e-25
