"method"	"response"	"SE"	"df"	"asymp.LCL"	"asymp.UCL"
"seurat"	0.158046517489591	0.00444774438548383	Inf	0.149523086555173	0.166960435890572
"scvi"	0.106491008866313	0.00320464280643216	Inf	0.100371213598838	0.112937095686854
