"reference"	"method"	"response"	"SE"	"df"	"asymp.LCL"	"asymp.UCL"
"An integrated transcriptomic and epigenomic atlas of mouse primary motor cortex cell types"	"seurat"	0.0509250261526384	0.00163383970482945	Inf	0.0478163904856674	0.0542242512627612
"Single-cell RNA-seq for all cortical  hippocampal regions 10x"	"seurat"	0.307959948525923	0.00702588178248326	Inf	0.294362920634618	0.321898530050256
"Single-cell RNA-seq for all cortical  hippocampal regions SMART-Seq v4"	"seurat"	0.100386422310064	0.00314542204415058	Inf	0.0943874857665474	0.106721699326903
"whole cortex"	"seurat"	0.158046522994711	0.0044477445903158	Inf	0.149523091668179	0.166960441806427
"An integrated transcriptomic and epigenomic atlas of mouse primary motor cortex cell types"	"scvi"	0.123877606069704	0.00366715723612693	Inf	0.116867289023607	0.131245944378144
"Single-cell RNA-seq for all cortical  hippocampal regions 10x"	"scvi"	0.184575754402202	0.0050329709729085	Inf	0.174914500530762	0.19464475125636
"Single-cell RNA-seq for all cortical  hippocampal regions SMART-Seq v4"	"scvi"	0.198867633340358	0.00532766315604708	Inf	0.188631300644578	0.20951601324771
"whole cortex"	"scvi"	0.106491019653193	0.00320464309003695	Inf	0.100371223839766	0.112937107039369
