"contrast"	"odds.ratio"	"SE"	"df"	"null"	"z.ratio"	"p.value"	"key"
"subsample_ref500 / subsample_ref100"	1.0250890179342	0.0283916624168451	Inf	1	0.894669266529763	0.643674034626824	"all"
"subsample_ref500 / subsample_ref50"	1.38393440947663	0.038852717834009	Inf	1	11.5740281501768	0	"all"
"subsample_ref100 / subsample_ref50"	1.35006266310959	0.0370649675444918	Inf	1	10.9327674271504	2.94209101525666e-14	"all"
