"contrast"	"odds.ratio"	"SE"	"df"	"null"	"z.ratio"	"p.value"
"subsample_ref500 / subsample_ref100"	1.0250891085793	0.0283916666118229	Inf	1	0.894672406117421	0.64367204765241
"subsample_ref500 / subsample_ref50"	1.38393396315416	0.0388527051415561	Inf	1	11.5740167109896	0
"subsample_ref100 / subsample_ref50"	1.35006210832948	0.0370649525400344	Inf	1	10.9327523925281	2.94209101525666e-14
