"subsample_ref"	"response"	"SE"	"df"	"asymp.LCL"	"asymp.UCL"	"key"
"500"	0.153970194520857	0.0029418147803973	Inf	0.148292235965116	0.159824760143961	"all"
"100"	0.150769943119955	0.002846843592219	Inf	0.145274732875621	0.156434973038508	"all"
"50"	0.116219712786739	0.00237655878641033	Inf	0.111642195862516	0.120959360142912	"all"
