"subsample_ref"	"response"	"SE"	"df"	"asymp.LCL"	"asymp.UCL"
"500"	0.153970189159547	0.0029418147919513	Inf	0.148292230585667	0.159824754809943
"100"	0.150769926528228	0.00284684347496094	Inf	0.145274716518295	0.156434956221831
"50"	0.116219741684466	0.00237655926508199	Inf	0.111642223831212	0.120959389987753
