"contrast"	"odds.ratio"	"SE"	"df"	"null"	"z.ratio"	"p.value"
"seurat / scvi"	1.67683709277784	0.362002750041653	Inf	1	2.39438166761291	0.0166484145482442
