"method"	"response"	"SE"	"df"	"asymp.LCL"	"asymp.UCL"
"seurat"	0.71044026388073	0.0308397305743897	Inf	0.646501304314793	0.766982616606127
"scvi"	0.594021162905211	0.0376772118923399	Inf	0.518592020686167	0.665260358621929
