"contrast"	"odds.ratio"	"SE"	"df"	"null"	"z.ratio"	"p.value"
"subsample_ref100 / subsample_ref50"	1.01518297847977	0.0752096853634238	Inf	1	0.203400145537946	0.838822286064068
