"subsample_ref"	"response"	"SE"	"df"	"asymp.LCL"	"asymp.UCL"
"100"	0.568583989522497	0.0141349089334897	Inf	0.540693681148195	0.59604599848698
"50"	0.564883898307835	0.0138841579575714	Inf	0.537502717498507	0.591874891379369
