"method"	"response"	"SE"	"df"	"asymp.LCL"	"asymp.UCL"
"seurat"	0.84760378979338	0.0251195972234916	Inf	0.791630445989023	0.89061880991308
"scvi"	0.8908924945754	0.0202241150901172	Inf	0.844500002835458	0.924678544591322
