"contrast"	"odds.ratio"	"SE"	"df"	"null"	"z.ratio"	"p.value"
"seurat / scvi"	0.681158293830332	0.178380353282955	Inf	1	-1.46618118440061	0.142598933139226
