"contrast"	"odds.ratio"	"SE"	"df"	"null"	"z.ratio"	"p.value"
"subsample_ref500 / subsample_ref100"	1.02467471024609	0.13269479559686	Inf	1	0.188226353616721	0.980657849144886
"subsample_ref500 / subsample_ref50"	1.15794338108726	0.150338536236111	Inf	1	1.12949861095578	0.495840408244105
"subsample_ref100 / subsample_ref50"	1.13005949059596	0.146351215199178	Inf	1	0.944117120941439	0.612310663192924
