"contrast"	"odds.ratio"	"SE"	"df"	"null"	"z.ratio"	"p.value"
"seurat / scvi"	41.1139639878946	6.83341775577045	Inf	1	22.3597906504314	9.69664998804185e-111
