"subsample_ref"	"response"	"SE"	"df"	"asymp.LCL"	"asymp.UCL"
"500"	0.120701009274818	0.00675316068888449	Inf	0.108078496846346	0.134575279047701
"100"	0.115045853986855	0.00675297621728162	Inf	0.102457948987515	0.128958093707763
"50"	0.101655461440213	0.00640889930692035	Inf	0.0897645194324016	0.114922699973326
