"contrast"	"odds.ratio"	"SE"	"df"	"null"	"z.ratio"	"p.value"
"subsample_ref500 / subsample_ref100"	1.05590324114847	0.0761810279298587	Inf	1	0.753960645951556	0.73122597702175
"subsample_ref500 / subsample_ref50"	1.21307190004843	0.0894922582681146	Inf	1	2.61823762764108	0.0240041450710635
"subsample_ref100 / subsample_ref50"	1.14884759585453	0.0851056818392885	Inf	1	1.87312223459824	0.146507111969465
