"method"	"response"	"SE"	"df"	"asymp.LCL"	"asymp.UCL"
"seurat"	0.702339472543372	0.0693755199716399	Inf	0.551826928467438	0.81889389021599
"scvi"	0.242457562606926	0.0608310112749123	Inf	0.143271333931147	0.379864182642399
