"contrast"	"odds.ratio"	"SE"	"df"	"null"	"z.ratio"	"p.value"
"subsample_ref500 / subsample_ref100"	1.04216047932202	0.0647635661237687	Inf	1	0.664524849962292	0.784085529464687
"subsample_ref500 / subsample_ref50"	1.1142402080555	0.0693796738585897	Inf	1	1.73725840811311	0.191332975712304
"subsample_ref100 / subsample_ref50"	1.06916375180565	0.067522584995447	Inf	1	1.05893832590771	0.539674930093039
