"subsample_ref"	"response"	"SE"	"df"	"asymp.LCL"	"asymp.UCL"
"500"	0.187712322385165	0.048930644856859	Inf	0.109690261874962	0.30238230528576
"100"	0.181496706701736	0.0477152028874942	Inf	0.105668579897905	0.293859805429594
"50"	0.171772533280941	0.045704198624088	Inf	0.0995021002279243	0.280201091889239
