"method"	"cutoff"	"response"	"SE"	"df"	"asymp.LCL"	"asymp.UCL"
"seurat"	0	0.903203357092617	0.0340578064733987	Inf	0.813029727350073	0.952431743884584
"scvi"	0	0.909388295836982	0.0321001859925695	Inf	0.823851953779748	0.955625941442947
