"method"	"cutoff"	"response"	"SE"	"df"	"asymp.LCL"	"asymp.UCL"
"seurat"	0	0.871912750145732	0.0383172672895266	Inf	0.776523730942015	0.930243346450977
"scvi"	0	0.876510063966762	0.0371366153770581	Inf	0.783695856691824	0.932907984337044
