"contrast"	"odds.ratio"	"SE"	"df"	"null"	"z.ratio"	"p.value"
"seurat cutoff0 / scvi cutoff0"	0.959051184618846	0.0177104972097018	Inf	1	-2.26412212341831	0.023566604634483
