"contrast"	"odds.ratio"	"SE"	"df"	"null"	"z.ratio"	"p.value"
"seurat cutoff0 / scvi cutoff0"	0.929737152378765	0.0187052854640469	Inf	1	-3.62114119593552	0.000293306376681715
