"method"	"cutoff"	"response"	"SE"	"df"	"asymp.LCL"	"asymp.UCL"
"seurat"	0	0.873703013971119	0.0378712262500328	Inf	0.779273303200334	0.931296154040902
"scvi"	0	0.878245044374516	0.036698675192545	Inf	0.786382180125342	0.933923168137659
