"contrast"	"odds.ratio"	"SE"	"df"	"null"	"z.ratio"	"p.value"
"female / male"	0.928411687387854	0.038624812079978	Inf	1	-1.78544389487421	0.174440806422241
"female / None"	0.927568732765471	0.655139684145575	Inf	1	-0.106454232202049	0.993771689784278
"male / None"	0.999092046520058	0.704674324193664	Inf	1	-0.00128788737465791	0.999999085536604
