"sex"	"response"	"SE"	"df"	"asymp.LCL"	"asymp.UCL"
"female"	0.868648350303658	0.0494668069601213	Inf	0.738720206373885	0.939277303715598
"male"	0.876893997613898	0.0466288345245991	Inf	0.753384281608238	0.943210420317285
"None"	0.876992022979176	0.0601635623704985	Inf	0.704988418171329	0.955097957306307
