"contrast"	"odds.ratio"	"SE"	"df"	"null"	"z.ratio"	"p.value"
"female / male"	0.964136836294214	0.041111159638379	Inf	1	-0.856513224200884	0.6677497831523
"female / None"	1.07601956663509	0.862534511316845	Inf	1	0.0914032956078275	0.99540456112076
"male / None"	1.11604445150224	0.893604235726273	Inf	1	0.137120315971953	0.989687874697747
