"sex"	"response"	"SE"	"df"	"asymp.LCL"	"asymp.UCL"
"female"	0.907376196222973	0.0413442321366436	Inf	0.788822492202376	0.962535591276486
"male"	0.91040034829348	0.040006824928846	Inf	0.795315207683125	0.963729247803128
"None"	0.901031831587394	0.0564628947767113	Inf	0.724667108736196	0.969223777541063
