"sex"	"response"	"SE"	"df"	"asymp.LCL"	"asymp.UCL"
"female"	0.870477462578769	0.048890249305758	Inf	0.741788984707132	0.940199960826611
"male"	0.878624330873387	0.0460732679920028	Inf	0.756337430405182	0.944076932760481
"None"	0.878721168987607	0.0594417699528735	Inf	0.708304783079456	0.955789935719966
