"contrast"	"odds.ratio"	"SE"	"df"	"null"	"z.ratio"	"p.value"
"subsample_ref500 / subsample_ref100"	0.993754305881423	0.0146942663996411	Inf	1	-0.42371281889042	0.905793419405671
"subsample_ref500 / subsample_ref50"	1.05616588697797	0.0154761586651416	Inf	1	3.72924986077068	0.00056291740546488
"subsample_ref100 / subsample_ref50"	1.06280383463716	0.0154051173815967	Inf	1	4.20223728336371	7.83964531740899e-05
