"subsample_ref"	"response"	"SE"	"df"	"asymp.LCL"	"asymp.UCL"
"500"	0.906341595134328	0.0330572092044236	Inf	0.818541428746251	0.95404409567849
"100"	0.905341448018589	0.0333730150685989	Inf	0.816794355412573	0.953526890801379
"50"	0.898917882291466	0.0353841910199573	Inf	0.805654132010456	0.950192630131545
