"subsample_ref"	"response"	"SE"	"df"	"asymp.LCL"	"asymp.UCL"
"500"	0.875991879308039	0.0372686162441544	Inf	0.782890150075902	0.932606236610747
"100"	0.876670875620565	0.0370931643866238	Inf	0.783953560299083	0.932998819353964
"50"	0.869932774833788	0.0388183318545958	Inf	0.773461116435137	0.929088423240003
