"contrast"	"odds.ratio"	"SE"	"df"	"null"	"z.ratio"	"p.value"
"subsample_ref500 / subsample_ref100"	1.01179518417279	0.0161195269872794	Inf	1	0.736031241186143	0.74205021498146
"subsample_ref500 / subsample_ref50"	1.08817681092181	0.0172400188421129	Inf	1	5.33380549418602	2.88083793820171e-07
"subsample_ref100 / subsample_ref50"	1.0754911942099	0.0168269725608618	Inf	1	4.65155219202089	9.83057022208023e-06
