"treatment_state"	"response"	"SE"	"df"	"asymp.LCL"	"asymp.UCL"
"No treatment"	0.870181858808847	0.0387634487548032	Inf	0.773821527536388	0.9292429772025
"treatment"	0.878168393202068	0.0367304472028093	Inf	0.786225215316887	0.933892360067012
