"contrast"	"odds.ratio"	"SE"	"df"	"null"	"z.ratio"	"p.value"
"No treatment / treatment"	0.92994402562595	0.0247004025691654	Inf	1	-2.73447587494566	0.00624796736966234
