"treatment_state"	"response"	"SE"	"df"	"asymp.LCL"	"asymp.UCL"
"No treatment"	0.871992763394445	0.0383142635854707	Inf	0.776595009159155	0.9303096668179
"treatment"	0.879883267662015	0.0362954221476199	Inf	0.788888396597538	0.934893758524992
