"contrast"	"odds.ratio"	"SE"	"df"	"null"	"z.ratio"	"p.value"
"No treatment / treatment"	0.951257138245627	0.0271810223476874	Inf	1	-1.74883571911347	0.0803194205558838
