"treatment_state"	"response"	"SE"	"df"	"asymp.LCL"	"asymp.UCL"
"No treatment"	0.904199027771683	0.0337485869010878	Inf	0.814749231742898	0.952951425707781
"treatment"	0.908441096621537	0.032420136585187	Inf	0.822122807873312	0.955156590293335
