"contrast"	"odds.ratio"	"SE"	"df"	"null"	"z.ratio"	"p.value"
"seurat / scvi"	0.815217899438911	0.035940257177288	Inf	1	-4.63404826968713	3.58583325577333e-06
