"method"	"response"	"SE"	"df"	"asymp.LCL"	"asymp.UCL"
"seurat"	0.148175359775449	0.00677714123481213	Inf	0.135378036035258	0.161955817865599
"scvi"	0.175855331174963	0.00771171176134567	Inf	0.161247699685329	0.191484176232839
