"subsample_ref"	"response"	"SE"	"df"	"asymp.LCL"	"asymp.UCL"
"500"	0.344335619202485	0.0103851924913662	Inf	0.324276120982971	0.364965778631389
"100"	0.324131597548751	0.0100515488431381	Inf	0.304750506911868	0.344135160250017
"50"	0.325222121149346	0.0100813741918177	Inf	0.305782044690932	0.345283398537261
