"contrast"	"odds.ratio"	"SE"	"df"	"null"	"z.ratio"	"p.value"
"subsample_ref500 / subsample_ref100"	1.09506811097437	0.0227842167623154	Inf	1	4.3648778133204	3.78282845904243e-05
"subsample_ref500 / subsample_ref50"	1.08963518259597	0.0227895828215301	Inf	1	4.10439691528641	0.000120018668111954
"subsample_ref100 / subsample_ref50"	0.995038730172166	0.0205373174892115	Inf	1	-0.240973161548304	0.968496242364321
