"contrast"	"odds.ratio"	"SE"	"df"	"null"	"z.ratio"	"p.value"
"seurat / scvi"	0.379993501581323	0.0127438454829236	Inf	1	-28.8517418913417	4.81823408583042e-183
