"method"	"response"	"SE"	"df"	"asymp.LCL"	"asymp.UCL"
"seurat"	0.849024735685262	0.0452863082752912	Inf	0.73779156190459	0.91829646563368
"scvi"	0.936705674499066	0.0209464424121254	Inf	0.881019508114791	0.967296616766615
