"method"	"response"	"SE"	"df"	"asymp.LCL"	"asymp.UCL"
"seurat"	0.583985398651626	0.0219499851175294	Inf	0.540430212685101	0.626267322457079
"scvi"	0.578575530365472	0.0218692229234544	Inf	0.535225425342281	0.620747351299031
