"contrast"	"odds.ratio"	"SE"	"df"	"null"	"z.ratio"	"p.value"
"subsample_ref500 / subsample_ref100"	0.785675499046356	0.0506064251229485	Inf	1	-3.74485857459392	0.000529325108428735
"subsample_ref500 / subsample_ref50"	1.08946602482409	0.070206832109971	Inf	1	1.32969719591971	0.378613233348741
"subsample_ref100 / subsample_ref50"	1.38666157484416	0.0898745978603142	Inf	1	5.04367697310232	1.366372353373e-06
