"subsample_ref"	"response"	"SE"	"df"	"asymp.LCL"	"asymp.UCL"
"500"	0.506828208379287	0.0146378031141579	Inf	0.478147643831462	0.535463901162802
"100"	0.566730993222227	0.0145894399776783	Inf	0.537945043360684	0.595073496043787
"50"	0.485410852611593	0.0148434256717147	Inf	0.456400354123512	0.514519995950149
