"contrast"	"odds.ratio"	"SE"	"df"	"null"	"z.ratio"	"p.value"
"seurat / scvi"	0.823108720673558	0.14838912827593	Inf	1	-1.07981018649642	0.280226714122767
