"method"	"response"	"SE"	"df"	"asymp.LCL"	"asymp.UCL"
"seurat"	0.36102100798297	0.0277076106678554	Inf	0.308669438499424	0.416897234586048
"scvi"	0.407027217609525	0.0325023466816625	Inf	0.345199506435292	0.471947286712374
