"method"	"response"	"SE"	"df"	"asymp.LCL"	"asymp.UCL"
"seurat"	0.361021007981514	0.0277076106678526	Inf	0.308669438497994	0.416897234584609
"scvi"	0.407027217606293	0.0325023466815931	Inf	0.345199506432244	0.471947286709061
