"contrast"	"odds.ratio"	"SE"	"df"	"null"	"z.ratio"	"p.value"	"key"
"seurat / scvi"	0.823108720667733	0.148389128274702	Inf	1	-1.07981018653697	0.280226714104708	"all"
