"reference"	"method"	"response"	"SE"	"df"	"asymp.LCL"	"asymp.UCL"
"An integrated transcriptomic and epigenomic atlas of mouse primary motor cortex cell types"	"seurat"	0.0790420901257576	0.00873702991688102	Inf	0.063525837673262	0.0979517978118029
"Single-cell RNA-seq for all cortical  hippocampal regions 10x"	"seurat"	0.708330803087849	0.0270268934077537	Inf	0.652691520713666	0.75835660322075
"Single-cell RNA-seq for all cortical  hippocampal regions SMART-Seq v4"	"seurat"	0.275959657032998	0.0263568479942809	Inf	0.22738510054041	0.330472413970603
"whole cortex"	"seurat"	0.361021007981514	0.0277076106678526	Inf	0.308669438497994	0.416897234584609
"An integrated transcriptomic and epigenomic atlas of mouse primary motor cortex cell types"	"scvi"	0.0790420024697342	0.00873702397229958	Inf	0.0635257613715777	0.0979516983457325
"Single-cell RNA-seq for all cortical  hippocampal regions 10x"	"scvi"	0.411272356501503	0.0321786548756932	Inf	0.349966469881351	0.475462371931306
"Single-cell RNA-seq for all cortical  hippocampal regions SMART-Seq v4"	"scvi"	0.446436839367228	0.033080492858935	Inf	0.382857984569731	0.511817598141526
"whole cortex"	"scvi"	0.407027217606293	0.0325023466815931	Inf	0.345199506432244	0.471947286709061
