"subsample_ref"	"response"	"SE"	"df"	"asymp.LCL"	"asymp.UCL"
"500"	0.374311827496974	0.017962806511026	Inf	0.339821951793312	0.410127565575013
"100"	0.312837103513183	0.0166790548662201	Inf	0.281110856396435	0.346418546875238
"50"	0.242268332852466	0.0152150509534616	Inf	0.213705997741628	0.273321131252029
