"contrast"	"odds.ratio"	"SE"	"df"	"null"	"z.ratio"	"p.value"
"subsample_ref500 / subsample_ref100"	1.31406561125357	0.140809097997326	Inf	1	2.548878544154	0.0291065237007881
"subsample_ref500 / subsample_ref50"	1.87108876724948	0.208709699652493	Inf	1	5.61677513349675	5.83151409383476e-08
"subsample_ref100 / subsample_ref50"	1.42389295574407	0.157637345502211	Inf	1	3.19211247150047	0.00403498722355955
