"contrast"	"odds.ratio"	"SE"	"df"	"null"	"z.ratio"	"p.value"
"subsample_ref500 / subsample_ref100"	1.31406561126537	0.140809097998649	Inf	1	2.54887854423671	0.0291065236941846
"subsample_ref500 / subsample_ref50"	1.87108876725092	0.208709699652727	Inf	1	5.61677513350164	5.83151413824368e-08
"subsample_ref100 / subsample_ref50"	1.42389295573238	0.15763734550112	Inf	1	3.19211247142219	0.00403498722463258
