"method"	"response"	"SE"	"df"	"asymp.LCL"	"asymp.UCL"
"seurat"	0.388751666437009	0.01927373658441	Inf	0.351708937096088	0.427125371931818
"scvi"	0.738418860860977	0.0155411111070094	Inf	0.706836852673931	0.767716658594365
