"contrast"	"odds.ratio"	"SE"	"df"	"null"	"z.ratio"	"p.value"
"seurat / scvi"	0.225298459026723	0.0257359632435162	Inf	1	-13.0466804397697	6.63771175202371e-39
