"contrast"	"odds.ratio"	"SE"	"df"	"null"	"z.ratio"	"p.value"
"subsample_ref500 / subsample_ref100"	1.9357385714305	0.117981399051995	Inf	1	10.8367415185219	2.8199664825479e-14
"subsample_ref500 / subsample_ref50"	1.65125307303248	0.10151286253483	Inf	1	8.15818075771348	3.71924713249427e-14
"subsample_ref100 / subsample_ref50"	0.853035165700197	0.0497547741784327	Inf	1	-2.72524166718672	0.0176579494387493
