"method"	"response"	"SE"	"df"	"asymp.LCL"	"asymp.UCL"
"seurat"	0.555917323963211	0.158358775513194	Inf	0.262575438627889	0.814850798589672
"scvi"	0.666508700337178	0.142541427232489	Inf	0.362516549210359	0.875373678403396
