"contrast"	"odds.ratio"	"SE"	"df"	"null"	"z.ratio"	"p.value"
"seurat / scvi"	0.62636150949694	0.0384441439623448	Inf	1	-7.62220616962246	2.49376305536449e-14
