"subsample_ref"	"response"	"SE"	"df"	"asymp.LCL"	"asymp.UCL"
"500"	0.625090752234591	0.150067104739719	Inf	0.322163528078586	0.853993507734051
"100"	0.61823376391549	0.151136493771564	Inf	0.315828416410151	0.850321646140293
"50"	0.601101847894823	0.153543736925953	Inf	0.30047899157162	0.84092604547403
