"contrast"	"odds.ratio"	"SE"	"df"	"null"	"z.ratio"	"p.value"
"subsample_ref500 / subsample_ref100"	1.02958383943914	0.0293136724564229	Inf	1	1.02399959161665	0.561667372813201
"subsample_ref500 / subsample_ref50"	1.10644767898328	0.0315997735718528	Inf	1	3.54186924041399	0.00115623053429148
"subsample_ref100 / subsample_ref50"	1.07465525059719	0.0306255061398498	Inf	1	2.52649161855628	0.0309419622230919
