"contrast"	"odds.ratio"	"SE"	"df"	"null"	"z.ratio"	"p.value"
"seurat / scvi"	0.66398434106136	0.132750440579679	Inf	1	-2.04819964170271	0.040540441552057
