"method"	"response"	"SE"	"df"	"asymp.LCL"	"asymp.UCL"
"seurat"	0.756171743602613	0.0267856077312006	Inf	0.699951437098599	0.804795771527915
"scvi"	0.823653791160288	0.0207643553392606	Inf	0.779216980580644	0.860745192643573
