"subsample_ref"	"response"	"SE"	"df"	"asymp.LCL"	"asymp.UCL"
"100"	0.726066832441833	0.0110162413092235	Inf	0.703954441408706	0.747120902515543
"50"	0.74693184737756	0.0105642765642825	Inf	0.725672459935042	0.767072534752093
