"contrast"	"odds.ratio"	"SE"	"df"	"null"	"z.ratio"	"p.value"
"subsample_ref100 / subsample_ref50"	0.89802514336157	0.059520480041593	Inf	1	-1.62278732401644	0.10463487640314
