"method"	"response"	"SE"	"df"	"asymp.LCL"	"asymp.UCL"
"seurat"	0.812633709484974	0.0359138101306184	Inf	0.732023954560017	0.87319565496588
"scvi"	0.926778814843414	0.0160204938837965	Inf	0.888500761006895	0.952616689553872
