"contrast"	"odds.ratio"	"SE"	"df"	"null"	"z.ratio"	"p.value"
"subsample_ref500 / subsample_ref100"	1.25073943223055	0.0372700919055124	Inf	1	7.50827473883145	1.99285032920216e-13
"subsample_ref500 / subsample_ref50"	1.2509778593555	0.0374037153921291	Inf	1	7.48925289786453	2.27373675443232e-13
"subsample_ref100 / subsample_ref50"	1.00019062893422	0.0291014625233335	Inf	1	0.00655111758074561	0.999976338821827
