"subsample_ref"	"response"	"SE"	"df"	"asymp.LCL"	"asymp.UCL"
"500"	0.940844377724613	0.0130226748211317	Inf	0.909537898382035	0.961771903053939
"100"	0.927093132423077	0.0157967157654391	Inf	0.889418042838721	0.952616211427882
"50"	0.927080247714886	0.0158044332075732	Inf	0.889384619270401	0.95261434104027
