"method"	"response"	"SE"	"df"	"asymp.LCL"	"asymp.UCL"
"seurat"	0.417003720480603	0.187285750227648	Inf	0.136463152745701	0.764013455408124
"scvi"	0.460485200271872	0.191771472705	Inf	0.158251016488361	0.794867670257396
