"contrast"	"odds.ratio"	"SE"	"df"	"null"	"z.ratio"	"p.value"
"seurat / scvi"	0.838034373281429	0.100980381537434	Inf	1	-1.46639826844527	0.142539817799284
