"contrast"	"odds.ratio"	"SE"	"df"	"null"	"z.ratio"	"p.value"
"seurat cutoff0 / scvi cutoff0"	1.03520217280833	0.0248331877927233	Inf	1	1.44220808610198	0.149243680137061
