"method"	"cutoff"	"response"	"SE"	"df"	"asymp.LCL"	"asymp.UCL"
"seurat"	0	0.959082802074592	0.0101846666546571	Inf	0.933749222495467	0.974988579078795
"scvi"	0	0.957703350807686	0.0105145123636157	Inf	0.931571598594857	0.974132886827851
