"treatment_state"	"response"	"SE"	"df"	"asymp.LCL"	"asymp.UCL"
"No treatment"	0.956421409904729	0.010819663477674	Inf	0.929552903152428	0.9733362229614
"treatment"	0.960289703999379	0.00991290348107199	Inf	0.935603062961435	0.975757901898096
