"contrast"	"odds.ratio"	"SE"	"df"	"null"	"z.ratio"	"p.value"
"No treatment / treatment"	0.907563384242509	0.0292866331895714	Inf	1	-3.00568076782691	0.0026498703620226
