"contrast"	"odds.ratio"	"SE"	"df"	"null"	"z.ratio"	"p.value"
"seurat cutoff0 / scvi cutoff0"	0.959203798245287	0.017717318206328	Inf	1	-2.25499611274463	0.0241335727800127
