"method"	"cutoff"	"response"	"SE"	"df"	"asymp.LCL"	"asymp.UCL"
"seurat"	0	0.87347327531521	0.0386280390813258	Inf	0.776776535534443	0.931952040702339
"scvi"	0	0.878005372038165	0.037437270096526	Inf	0.783916591404112	0.934546001024443
