"subsample_ref"	"response"	"SE"	"df"	"asymp.LCL"	"asymp.UCL"
"500"	0.877503699834894	0.0375681437846287	Inf	0.783128526629328	0.934257638209823
"100"	0.878172000621708	0.0373914796104032	Inf	0.784185573257105	0.934639191459458
"50"	0.871503355061615	0.0391380597501202	Inf	0.773700112718079	0.930817194488957
