"method"	"response"	"SE"	"df"	"asymp.LCL"	"asymp.UCL"
"seurat"	0.160342449522401	0.0162928557471319	Inf	0.13091742996117	0.194897900450906
"scvi"	0.375503393862067	0.0308825024727817	Inf	0.317172733736316	0.437685330435867
