"contrast"	"odds.ratio"	"SE"	"df"	"null"	"z.ratio"	"p.value"
"subsample_ref500 / subsample_ref100"	0.912269345268851	0.0697755817857436	Inf	1	-1.20048542941491	0.452856594095723
"subsample_ref500 / subsample_ref50"	0.926324726784981	0.0708104445381504	Inf	1	-1.00115214833656	0.57611719869499
"subsample_ref100 / subsample_ref50"	1.01540705230207	0.0772807519529782	Inf	1	0.200892662732091	0.977997115183412
