"subsample_ref"	"response"	"SE"	"df"	"asymp.LCL"	"asymp.UCL"
"500"	0.225352201612011	0.0119976409388411	Inf	0.202709184675618	0.249732255141923
"100"	0.241783923759587	0.012397598590691	Inf	0.218322395482666	0.266905808678543
"50"	0.238992048583485	0.0123107275032712	Inf	0.215704003760114	0.26394819147394
