"method"	"response"	"SE"	"df"	"asymp.LCL"	"asymp.UCL"
"seurat"	0.372227741209037	0.0213873206959102	Inf	0.331355729689822	0.415012099953652
"scvi"	0.837043895787015	0.0131608139277641	Inf	0.80958051031881	0.861225319378704
