"contrast"	"odds.ratio"	"SE"	"df"	"null"	"z.ratio"	"p.value"
"seurat / scvi"	0.115432743148733	0.0154137612166695	Inf	1	-16.1691263661116	8.32707881531531e-59
