"contrast"	"odds.ratio"	"SE"	"df"	"null"	"z.ratio"	"p.value"
"subsample_ref500 / subsample_ref100"	1.56197266755611	0.101476698189916	Inf	1	6.86424593197081	2.00756078427844e-11
"subsample_ref500 / subsample_ref50"	1.39421572737251	0.0916695197218434	Inf	1	5.05448897963441	1.29126443448868e-06
"subsample_ref100 / subsample_ref50"	0.892599311327209	0.0570197714842545	Inf	1	-1.77859184837016	0.176775346758403
