"method"	"response"	"SE"	"df"	"asymp.LCL"	"asymp.UCL"
"seurat"	0.160342372365366	0.0162928524901336	Inf	0.130917359644295	0.194897817574735
"scvi"	0.375502471596802	0.0308824819821872	Inf	0.317171864322115	0.437684382544376
