"subsample_ref"	"response"	"SE"	"df"	"asymp.LCL"	"asymp.UCL"
"500"	0.22535213846253	0.0119976383882957	Inf	0.202709126513111	0.24973218701265
"100"	0.241784050760849	0.0123976027519418	Inf	0.218322514209128	0.266905943656767
"50"	0.238992075815094	0.0123107282740834	Inf	0.215704029439261	0.263948220162159
