"method"	"cutoff"	"response"	"SE"	"df"	"asymp.LCL"	"asymp.UCL"
"seurat"	0	0.871867912250024	0.0383213317142108	Inf	0.776476528558956	0.930208890762171
"scvi"	0	0.876476125359527	0.0371382411984215	Inf	0.783664627150835	0.932880263445084
