"sex"	"response"	"SE"	"df"	"asymp.LCL"	"asymp.UCL"
"female"	0.868595165183119	0.049474431265549	Inf	0.738661320882518	0.939241530151742
"male"	0.876857613704858	0.0466316457122245	Inf	0.753352136242013	0.943183579040343
"None"	0.876962963425189	0.0601641411065244	Inf	0.704976375084067	0.955077333522843
