"contrast"	"odds.ratio"	"SE"	"df"	"null"	"z.ratio"	"p.value"
"female / male"	0.928291878651176	0.0386324918226762	Inf	1	-1.78795964927417	0.173589256900929
"female / None"	0.927386293859378	0.654884967738885	Inf	1	-0.106753245504278	0.99373676274053
"male / None"	0.999024461149963	0.704490158176111	Inf	1	-0.00138406881329438	0.999998943849304
