"treatment_state"	"response"	"SE"	"df"	"asymp.LCL"	"asymp.UCL"
"No treatment"	0.870139960815086	0.0387666590782091	Inf	0.773779185645286	0.929210109697565
"treatment"	0.878131574364857	0.0367329935248357	Inf	0.786188968951533	0.933863180469241
