"contrast"	"odds.ratio"	"SE"	"df"	"null"	"z.ratio"	"p.value"
"No treatment / treatment"	0.929919151414572	0.0247195313597353	Inf	1	-2.73329300569489	0.00627045229934028
