"method"	"cutoff"	"response"	"SE"	"df"	"asymp.LCL"	"asymp.UCL"
"seurat"	0	0.95878782406404	0.0103292395398994	Inf	0.933054460098639	0.974895618089953
"scvi"	0	0.959322405670307	0.0102044679778755	Inf	0.933888885118459	0.975230939023836
