"contrast"	"odds.ratio"	"SE"	"df"	"null"	"z.ratio"	"p.value"
"seurat cutoff0 / scvi cutoff0"	0.986478530945097	0.0239986520792201	Inf	1	-0.559599727414436	0.575752490851635
