"contrast"	"odds.ratio"	"SE"	"df"	"null"	"z.ratio"	"p.value"
"seurat / scvi"	5.07628408390764	0.768369908430039	Inf	1	10.7328866492895	7.13323999439817e-27
