"contrast"	"odds.ratio"	"SE"	"df"	"null"	"z.ratio"	"p.value"
"seurat / scvi"	0.760857339603884	0.0443126745934309	Inf	1	-4.69277621408672	2.69522269170869e-06
