"contrast"	"odds.ratio"	"SE"	"df"	"null"	"z.ratio"	"p.value"
"subsample_ref500 / subsample_ref100"	1.06949599357847	0.0289670374029247	Inf	1	2.4806391062146	0.0350139529484252
"subsample_ref500 / subsample_ref50"	1.03723885699136	0.0280972454160104	Inf	1	1.34973278344961	0.36765117520418
"subsample_ref100 / subsample_ref50"	0.969838936488977	0.0261937114496731	Inf	1	-1.13392008569434	0.493126513052176
