"subsample_ref"	"response"	"SE"	"df"	"asymp.LCL"	"asymp.UCL"
"500"	0.677538646898165	0.0782501616442691	Inf	0.510125713092699	0.809144081711985
"100"	0.662687960709046	0.0800629911138038	Inf	0.493323591682266	0.798556827765977
"50"	0.669499238307764	0.0792554624247208	Inf	0.500973139673483	0.80344233449766
