"method"	"response"	"SE"	"df"	"asymp.LCL"	"asymp.UCL"
"seurat"	0.398476986251407	0.0428739626260801	Inf	0.318126660796733	0.484695835468465
"scvi"	0.331260812605696	0.0395434211602791	Inf	0.258774268064854	0.412745491389965
