"subsample_ref"	"response"	"SE"	"df"	"asymp.LCL"	"asymp.UCL"
"500"	0.292370706544097	0.0362995479714133	Inf	0.226570217137355	0.368183939748431
"100"	0.278692363969684	0.0351801404598092	Inf	0.215182976039604	0.352526402035593
"50"	0.31596101528253	0.0378727300226243	Inf	0.246783073032956	0.394377428133266
