"contrast"	"odds.ratio"	"SE"	"df"	"null"	"z.ratio"	"p.value"
"subsample_ref500 / subsample_ref100"	1.06935896504433	0.0318254575575659	Inf	1	2.25324456946608	0.06259465847936
"subsample_ref500 / subsample_ref50"	0.894489830397361	0.0271565915521792	Inf	1	-3.6726691898066	0.000702153033202535
"subsample_ref100 / subsample_ref50"	0.836472933445951	0.0243144334542088	Inf	1	-6.1429167482196	2.42991082810562e-09
