"method"	"response"	"SE"	"df"	"asymp.LCL"	"asymp.UCL"
"seurat"	0.0535314053549085	0.003311026578377	Inf	0.047400869930146	0.0604045492539425
"scvi"	0.0596205688277071	0.00373930314573646	Inf	0.0526999160227263	0.0673854057707935
