"method"	"response"	"SE"	"df"	"asymp.LCL"	"asymp.UCL"
"seurat"	0.917780507260917	0.0161018733431634	Inf	0.880201532201712	0.944317246212834
"scvi"	0.932147460445057	0.0135144350249379	Inf	0.900372040625576	0.954302765321281
