"contrast"	"odds.ratio"	"SE"	"df"	"null"	"z.ratio"	"p.value"
"seurat / scvi"	0.812541445934514	0.0412334899782742	Inf	1	-4.09070740282062	4.30059423214424e-05
