"contrast"	"odds.ratio"	"SE"	"df"	"null"	"z.ratio"	"p.value"
"seurat / scvi"	0.342660489795036	0.0206947788898833	Inf	1	-17.7336794481981	2.30447115917617e-70
