"subsample_ref"	"response"	"SE"	"df"	"asymp.LCL"	"asymp.UCL"
"500"	0.114134327686985	0.00762640746785355	Inf	0.100017825544765	0.129955532463007
"100"	0.120489027328387	0.00789811003074933	Inf	0.1058467795151	0.136846802109092
"50"	0.102587918012952	0.00694431079559478	Inf	0.0897546761506747	0.117020179119044
