"contrast"	"odds.ratio"	"SE"	"df"	"null"	"z.ratio"	"p.value"
"seurat / scvi"	0.74658718296886	0.0856025713570535	Inf	1	-2.5488111507625	0.0108090815254873
