"method"	"response"	"SE"	"df"	"asymp.LCL"	"asymp.UCL"
"seurat"	0.733830935236238	0.025849771422677	Inf	0.68021459974606	0.781347412618694
"scvi"	0.786908421747399	0.0223540921249144	Inf	0.739833770880959	0.827451903070143
