"contrast"	"odds.ratio"	"SE"	"df"	"null"	"z.ratio"	"p.value"
"subsample_ref500 / subsample_ref100"	1.02687703466387	0.0597074374777312	Inf	1	0.456141315456346	0.891667582508134
"subsample_ref500 / subsample_ref50"	0.969528964923623	0.0544562630849367	Inf	1	-0.550937631325253	0.845997249512887
"subsample_ref100 / subsample_ref50"	0.944152933794047	0.0541854286525791	Inf	1	-1.00133469688056	0.576001583016971
