"subsample_ref"	"response"	"SE"	"df"	"asymp.LCL"	"asymp.UCL"
"500"	0.658011932142252	0.0255963799689599	Inf	0.606234265702106	0.706279848585594
"100"	0.652018819559221	0.0261774086097369	Inf	0.599118774019784	0.701417157744505
"50"	0.664941104127824	0.0252838433627687	Inf	0.613717434744427	0.712553616713459
