"method"	"response"	"SE"	"df"	"asymp.LCL"	"asymp.UCL"
"seurat"	0.865038515453088	0.0222343159833419	Inf	0.815253064019694	0.903004030499174
"scvi"	0.911990541892947	0.0169348435908182	Inf	0.872656392122633	0.940010290705769
