"contrast"	"odds.ratio"	"SE"	"df"	"null"	"z.ratio"	"p.value"
"seurat / scvi"	0.618535471650864	0.162175843270231	Inf	1	-1.83223895053473	0.066915828132217
