"subsample_ref"	"response"	"SE"	"df"	"asymp.LCL"	"asymp.UCL"
"500"	0.803017586979287	0.0174859579855071	Inf	0.766490409171138	0.835060480239115
"100"	0.806137906339169	0.0174067360255701	Inf	0.769732792423858	0.837998746557655
"50"	0.796398530576446	0.0176566126543462	Inf	0.759604204100449	0.828830255149461
