"contrast"	"odds.ratio"	"SE"	"df"	"null"	"z.ratio"	"p.value"
"subsample_ref500 / subsample_ref100"	0.980350013816398	0.114760729377741	Inf	1	-0.169532279809122	0.984279981305019
"subsample_ref500 / subsample_ref50"	1.04219278363741	0.121937205852562	Inf	1	0.353219820099081	0.933543215844164
"subsample_ref100 / subsample_ref50"	1.06308233686891	0.124410799153092	Inf	1	0.522715564074629	0.860231478314899
