"disease_state"	"response"	"SE"	"df"	"asymp.LCL"	"asymp.UCL"
"Control"	0.918348859220202	0.0241652089093492	Inf	0.856741174580571	0.95485845854745
"Disease"	0.909983183994219	0.0263984483336272	Inf	0.843141389695799	0.950029936872723
