"contrast"	"odds.ratio"	"SE"	"df"	"null"	"z.ratio"	"p.value"
"Control / Disease"	1.11259144077791	0.00505045671289779	Inf	1	23.5037205569973	3.73664881396405e-122
