"method"	"cutoff"	"response"	"SE"	"df"	"asymp.LCL"	"asymp.UCL"
"seurat"	0	0.894276391840945	0.0304700644928827	Inf	0.818101101524141	0.940857307551655
"scvi"	0	0.930756247412509	0.0207709399073246	Inf	0.877256028487857	0.961948879069203
