"sex"	"response"	"SE"	"df"	"asymp.LCL"	"asymp.UCL"
"F"	0.912429825917403	0.0257505790071669	Inf	0.847097650116038	0.951446858696274
"M"	0.916052375372328	0.0247822261951198	Inf	0.852990964224979	0.953536294370809
