"method"	"response"	"SE"	"df"	"asymp.LCL"	"asymp.UCL"
"seurat"	0.115640027152806	0.00285870251912713	Inf	0.110153970961902	0.121362044382696
"scvi"	0.332253748425897	0.00665975869828006	Inf	0.319332113310198	0.345432900850924
