"contrast"	"odds.ratio"	"SE"	"df"	"null"	"z.ratio"	"p.value"
"seurat / scvi"	0.262797165573915	0.0104598843815071	Inf	1	-33.5754168380382	3.83335126896298e-247
