"subsample_ref"	"response"	"SE"	"df"	"asymp.LCL"	"asymp.UCL"
"500"	0.17711441592581	0.00270379586324476	Inf	0.17187713735793	0.182476115419799
"100"	0.167263460444007	0.00256752964208708	Inf	0.162291505529045	0.172356396363459
"50"	0.163983855820768	0.00256615497728864	Inf	0.159016081955127	0.169075624893658
