"contrast"	"odds.ratio"	"SE"	"df"	"null"	"z.ratio"	"p.value"
"subsample_ref500 / subsample_ref100"	1.07157112187965	0.0215581866412756	Inf	1	3.43597213750639	0.00171000661269127
"subsample_ref500 / subsample_ref50"	1.09730669093985	0.0221335940642196	Inf	1	4.60361243573993	1.23844867450096e-05
"subsample_ref100 / subsample_ref50"	1.02401666910831	0.0205681958967819	Inf	1	1.1815711963958	0.464179135090255
