"contrast"	"odds.ratio"	"SE"	"df"	"null"	"z.ratio"	"p.value"
"seurat / scvi"	0.176940103696813	0.0346901748119709	Inf	1	-8.83392351788858	1.01066766032291e-18
