"method"	"response"	"SE"	"df"	"asymp.LCL"	"asymp.UCL"
"seurat"	0.0175583738188884	0.00251186416776523	Inf	0.0132566659387419	0.0232231077370889
"scvi"	0.0917405200498538	0.012072936273501	Inf	0.0706631314827814	0.118304539249453
