"subsample_ref"	"response"	"SE"	"df"	"asymp.LCL"	"asymp.UCL"
"500"	0.0267778110157414	0.00244672191245708	Inf	0.0223778723431898	0.0320145356427024
"100"	0.0349373241637694	0.00288055532389997	Inf	0.0297107578560974	0.0410444285239433
"50"	0.0311791876168959	0.00269520046935575	Inf	0.0263084305854386	0.0369175284378082
