"contrast"	"odds.ratio"	"SE"	"df"	"null"	"z.ratio"	"p.value"
"subsample_ref500 / subsample_ref100"	0.760026876121665	0.0637476135496211	Inf	1	-3.27153426335217	0.00307083202608593
"subsample_ref500 / subsample_ref50"	0.854952004004899	0.0707127811082993	Inf	1	-1.89469967637159	0.140173030458711
"subsample_ref100 / subsample_ref50"	1.12489706728218	0.0908541420933219	Inf	1	1.45718027077676	0.311746559303365
