"contrast"	"odds.ratio"	"SE"	"df"	"null"	"z.ratio"	"p.value"
"seurat / scvi"	0.775654933329863	0.0157362205908565	Inf	1	-12.5222711367363	5.63979316360051e-36
