"sex"	"response"	"SE"	"df"	"asymp.LCL"	"asymp.UCL"
"female"	0.819479786680443	0.0446378577140945	Inf	0.71533110034524	0.891314135677732
"male"	0.812115228025294	0.0452773385340803	Inf	0.707281966969592	0.885482713125848
"None"	0.665027838075308	0.0874244782553563	Inf	0.479160404185247	0.810762089323053
