"contrast"	"odds.ratio"	"SE"	"df"	"null"	"z.ratio"	"p.value"
"female / male"	1.05023463295246	0.0620722211428602	Inf	1	0.829288502593591	0.684810418247764
"female / None"	2.28655313836072	1.13156229233992	Inf	1	1.67121466072914	0.216303917345047
"male / None"	2.17718314233522	1.07082670479713	Inf	1	1.58187869203023	0.253460553843805
