"subsample_ref"	"response"	"SE"	"df"	"asymp.LCL"	"asymp.UCL"
"500"	0.778568548941522	0.0410359045344906	Inf	0.68800691841907	0.84862665424909
"100"	0.770557565980355	0.0420823672961223	Inf	0.67807583008024	0.842637035876943
"50"	0.767387096825651	0.0424882237642245	Inf	0.67416805698753	0.840255938639798
