"contrast"	"odds.ratio"	"SE"	"df"	"null"	"z.ratio"	"p.value"
"subsample_ref500 / subsample_ref100"	1.04695062878628	0.0177050522896719	Inf	1	2.71312127659798	0.0182936551776355
"subsample_ref500 / subsample_ref50"	1.06580280544184	0.0179529990306779	Inf	1	3.78331360953513	0.000454401936210935
"subsample_ref100 / subsample_ref50"	1.01800674849149	0.0170075352798544	Inf	1	1.06822683369952	0.533855227575939
