"1"	"response"	"SE"	"df"	"asymp.LCL"	"asymp.UCL"
"overall"	0.772205583590351	0.0418347694780124	Inf	0.680196437364536	0.843821297010717
