"contrast"	"odds.ratio"	"SE"	"df"	"null"	"z.ratio"	"p.value"
"No treatment / treatment"	1.11294082010844	0.0325364147954904	Inf	1	3.66024450292503	0.000251974694473033
