"treatment_state"	"response"	"SE"	"df"	"asymp.LCL"	"asymp.UCL"
"No treatment"	0.781479694369216	0.0406461173653815	Inf	0.691641302798197	0.850790769668313
"treatment"	0.762657414229844	0.0431772324895774	Inf	0.668140541455376	0.836829088913319
