"method"	"response"	"SE"	"df"	"asymp.LCL"	"asymp.UCL"
"seurat"	0.735935537184928	0.0106602588249978	Inf	0.714519183127202	0.756293251541766
"scvi"	0.738912985144359	0.0107149074302128	Inf	0.717373224525463	0.759361807072537
