"contrast"	"odds.ratio"	"SE"	"df"	"null"	"z.ratio"	"p.value"
"seurat / scvi"	0.984740478266289	0.0496345757361882	Inf	1	-0.305079639403153	0.760305497870782
