"contrast"	"odds.ratio"	"SE"	"df"	"null"	"z.ratio"	"p.value"
"subsample_ref500 / subsample_ref100"	1.03963279158353	0.028191515146521	Inf	1	1.43333892174601	0.323714707991557
"subsample_ref500 / subsample_ref50"	0.942677793113913	0.0250504050139311	Inf	1	-2.22139982809207	0.0676088921379903
"subsample_ref100 / subsample_ref50"	0.906741111616978	0.0232847720711689	Inf	1	-3.81229483867802	0.000404638436098503
