"method"	"response"	"SE"	"df"	"asymp.LCL"	"asymp.UCL"
"seurat"	0.412929342715407	0.0182012268801143	Inf	0.377769527005549	0.449000201199939
"scvi"	0.839692714610211	0.0109819235310192	Inf	0.816983394843136	0.860066827229713
