"contrast"	"odds.ratio"	"SE"	"df"	"null"	"z.ratio"	"p.value"
"seurat / scvi"	1.39393809540172	0.0321880560231103	Inf	1	14.3833696120207	6.58107459562369e-47
