"method"	"response"	"SE"	"df"	"asymp.LCL"	"asymp.UCL"
"seurat"	0.945020719146337	0.0144450058348202	Inf	0.908822333062556	0.967364075507359
"scvi"	0.924986951068651	0.019289815972706	Inf	0.87731369931436	0.955083826213313
