"sex"	"response"	"SE"	"df"	"asymp.LCL"	"asymp.UCL"
"female"	0.945696978893506	0.0180382908097125	Inf	0.897421762151504	0.971962778231839
"male"	0.928125089684638	0.0231261523389084	Inf	0.867470173221313	0.962228792037056
"None"	0.932072547400497	0.0290364692807036	Inf	0.84814177558052	0.97119114008017
