"contrast"	"odds.ratio"	"SE"	"df"	"null"	"z.ratio"	"p.value"
"female / male"	1.34864862076985	0.0819606848061209	Inf	1	4.92168828292055	2.56548515653598e-06
"female / None"	1.26918117271929	0.732785559260023	Inf	1	0.412859100400645	0.910335848473429
"male / None"	0.941076239706384	0.540763975617377	Inf	1	-0.105688653930738	0.993860674258944
