"subsample_ref"	"response"	"SE"	"df"	"asymp.LCL"	"asymp.UCL"
"500"	0.935406231141214	0.0167958209568742	Inf	0.893598432175476	0.961494573230788
"100"	0.936847032272621	0.0164467248862653	Inf	0.895867191133089	0.962377165181145
"50"	0.934913013520443	0.0169143782170737	Inf	0.892824923362974	0.961191372407159
