"contrast"	"odds.ratio"	"SE"	"df"	"null"	"z.ratio"	"p.value"
"subsample_ref500 / subsample_ref100"	0.976190803990641	0.0181124879626335	Inf	1	-1.29874374511544	0.3958574340448
"subsample_ref500 / subsample_ref50"	1.00816726700449	0.0184074177589156	Inf	1	0.44550130862833	0.896392195631892
"subsample_ref100 / subsample_ref50"	1.03275636574646	0.018713413811095	Inf	1	1.77878243423998	0.17671011154123
