"1"	"response"	"SE"	"df"	"asymp.LCL"	"asymp.UCL"
"overall"	0.935726992009551	0.0167058834738078	Inf	0.894141133530266	0.961676363413988
