"contrast"	"odds.ratio"	"SE"	"df"	"null"	"z.ratio"	"p.value"
"no treatment / treatment"	1.12892782746391	0.0324555591225426	Inf	1	4.2181748386868	2.46287817765617e-05
