"treatment_state"	"response"	"SE"	"df"	"asymp.LCL"	"asymp.UCL"
"no treatment"	0.939278727313053	0.015851650194011	Inf	0.899716699057311	0.963860342677052
"treatment"	0.931982551146106	0.0176454718539217	Inf	0.888149442224238	0.959422713301737
