"contrast"	"odds.ratio"	"SE"	"df"	"null"	"z.ratio"	"p.value"
"seurat / scvi"	0.418371824165765	0.0279079445064024	Inf	1	-13.0630477188825	5.35406054020906e-39
