"method"	"response"	"SE"	"df"	"asymp.LCL"	"asymp.UCL"
"seurat"	0.817603695255697	0.0403888731285337	Inf	0.724994194090124	0.884015742967879
"scvi"	0.855877532704175	0.03341044440896	Inf	0.777402893875041	0.909893272421419
