"contrast"	"odds.ratio"	"SE"	"df"	"null"	"z.ratio"	"p.value"
"subsample_ref100 / subsample_ref50"	0.929305036317545	0.00760687185923757	Inf	1	-8.95703458074631	3.33527119697118e-19
