"subsample_ref"	"response"	"SE"	"df"	"asymp.LCL"	"asymp.UCL"
"100"	0.816808640031266	0.040454992465692	Inf	0.724116247467357	0.88337382748335
"50"	0.827525682296948	0.0385884711737098	Inf	0.738518900230407	0.890718265644398
