"contrast"	"odds.ratio"	"SE"	"df"	"null"	"z.ratio"	"p.value"
"seurat / scvi"	0.713550042570095	0.0810191129001745	Inf	1	-2.97244764698825	0.00295435589866091
