"method"	"response"	"SE"	"df"	"asymp.LCL"	"asymp.UCL"
"seurat"	0.000841128643259833	8.41494118295413e-05	Inf	0.00069135115371896	0.00102332138791191
"scvi"	0.0011783962845001	0.000117759117448118	Inf	0.000968768812854311	0.0014333190112176
