"subsample_ref"	"response"	"SE"	"df"	"asymp.LCL"	"asymp.UCL"
"500"	0.000856162405776584	6.536255945919e-05	Inf	0.000737171198554901	0.000994341582152901
"100"	0.000906707121705532	6.90127625806405e-05	Inf	0.00078104277485362	0.00105256868939761
"50"	0.000893687561591002	6.80900788890652e-05	Inf	0.000769712468476994	0.00103761018598591
