"contrast"	"odds.ratio"	"SE"	"df"	"null"	"z.ratio"	"p.value"
"subsample_ref500 / subsample_ref100"	0.94420687090103	0.0524321368235907	Inf	1	-1.03384897167446	0.555453109319503
"subsample_ref500 / subsample_ref50"	0.957974897955083	0.0531413815530844	Inf	1	-0.773962012593616	0.719038392879944
"subsample_ref100 / subsample_ref50"	1.01458157897211	0.0561719542068717	Inf	1	0.261471714993201	0.963013822626608
