"method"	"cutoff"	"response"	"SE"	"df"	"asymp.LCL"	"asymp.UCL"
"seurat"	0	0.958982827429075	0.0102736553221774	Inf	0.933390031217104	0.975005706522798
"scvi"	0	0.959558210026841	0.010139344206776	Inf	0.934288269354414	0.97536662218617
