"contrast"	"odds.ratio"	"SE"	"df"	"null"	"z.ratio"	"p.value"
"female / male"	1.02915259296421	0.0521919030992382	Inf	1	0.566629263681144	0.837867895422169
"female / None"	0.788516383464524	0.423878942559782	Inf	1	-0.441996819536098	0.897929333388131
"male / None"	0.766180242711539	0.410402323051592	Inf	1	-0.497226195275777	0.872636503166825
