"contrast"	"odds.ratio"	"SE"	"df"	"null"	"z.ratio"	"p.value"
"No treatment / treatment"	0.907962810744016	0.029210133514342	Inf	1	-3.00120151209067	0.00268916539773815
