"treatment_state"	"response"	"SE"	"df"	"asymp.LCL"	"asymp.UCL"
"No treatment"	0.957342981797421	0.0106698005074632	Inf	0.930789454229155	0.973993546452801
"treatment"	0.961116355419696	0.00977699567853499	Inf	0.936717088104221	0.976345832955168
