"method"	"response"	"SE"	"df"	"asymp.LCL"	"asymp.UCL"
"seurat"	0.77452428538742	0.0498922368204009	Inf	0.662418466545503	0.857414873038588
"scvi"	0.839722850963557	0.038458273021569	Inf	0.749531072356425	0.901696813778459
