"contrast"	"odds.ratio"	"SE"	"df"	"null"	"z.ratio"	"p.value"
"male / None"	0.298017771567721	0.170035443183646	Inf	1	-2.12179855366281	0.0338546581626825
