"contrast"	"odds.ratio"	"SE"	"df"	"null"	"z.ratio"	"p.value"
"subsample_ref500 / subsample_ref100"	1.03178564785771	0.0118692716442442	Inf	1	2.72009468537854	0.017925490194978
"subsample_ref500 / subsample_ref50"	1.11214718398799	0.0127261589359373	Inf	1	9.28897377169403	3.13082892944294e-14
"subsample_ref100 / subsample_ref50"	1.07788588288385	0.0122059472830262	Inf	1	6.6232608860533	1.05422337526306e-10
