"subsample_ref"	"response"	"SE"	"df"	"asymp.LCL"	"asymp.UCL"
"500"	0.809243479000197	0.0440759774917747	Inf	0.707957408067209	0.881291724045045
"100"	0.80436634874978	0.0449309766826537	Inf	0.701444686691784	0.877979614655412
"50"	0.79229408482762	0.0469877298799262	Inf	0.685504266930442	0.869714256273241
