"1"	"response"	"SE"	"df"	"asymp.LCL"	"asymp.UCL"
"overall"	0.790648398607918	0.0472297832384761	Inf	0.68343226651351	0.868537157462954
