"contrast"	"odds.ratio"	"SE"	"df"	"null"	"z.ratio"	"p.value"
"no treatment / treatment"	0.965851783436203	0.0210773734344109	Inf	1	-1.59215349670285	0.111350219238108
