"subsample_ref"	"response"	"SE"	"df"	"asymp.LCL"	"asymp.UCL"
"500"	0.201045921198787	0.0140502275170626	Inf	0.174911431594497	0.229996803579813
"100"	0.202372384014906	0.0141129352699874	Inf	0.176114943659982	0.231444876531185
"50"	0.199870848509201	0.0139967736285419	Inf	0.173841572005925	0.228718517333041
