"contrast"	"odds.ratio"	"SE"	"df"	"null"	"z.ratio"	"p.value"
"subsample_ref500 / subsample_ref100"	0.99179606871543	0.0251100127225697	Inf	1	-0.325375646930916	0.943314286234953
"subsample_ref500 / subsample_ref50"	1.00735857055529	0.0256543689023373	Inf	1	0.287887755011446	0.955342092510709
"subsample_ref100 / subsample_ref50"	1.01569123162589	0.025788367193341	Inf	1	0.613210599373183	0.81289713375553
