"contrast"	"odds.ratio"	"SE"	"df"	"null"	"z.ratio"	"p.value"
"seurat / scvi"	0.748915245700105	0.0497972313821491	Inf	1	-4.34830317718273	1.37194864214665e-05
