"contrast"	"odds.ratio"	"SE"	"df"	"null"	"z.ratio"	"p.value"
"subsample_ref500 / subsample_ref100"	1.04756764273068	0.0313225900623221	Inf	1	1.55419648868141	0.265760842832463
"subsample_ref500 / subsample_ref50"	1.07475828918733	0.0321471242274267	Inf	1	2.41034147650075	0.0421430617457466
"subsample_ref100 / subsample_ref50"	1.0259559815973	0.0307350589693099	Inf	1	0.855373691609185	0.66846614218847
