"contrast"	"odds.ratio"	"SE"	"df"	"null"	"z.ratio"	"p.value"
"seurat / scvi"	7.38705020223233	1.19398799538589	Inf	1	12.3720630669203	3.70189204268158e-35
