"method"	"response"	"SE"	"df"	"asymp.LCL"	"asymp.UCL"
"seurat"	0.643913841774661	0.0295746591376046	Inf	0.584090343538778	0.699558596214088
"scvi"	0.196654534519528	0.018487983170631	Inf	0.162914119256857	0.235417557417963
