"contrast"	"odds.ratio"	"SE"	"df"	"null"	"z.ratio"	"p.value"
"seurat / scvi"	0.779977652514693	0.0400810006346871	Inf	1	-4.83562415763864	1.3272849767075e-06
