"contrast"	"odds.ratio"	"SE"	"df"	"null"	"z.ratio"	"p.value"
"subsample_ref500 / subsample_ref100"	1.0782073636718	0.0275370510120541	Inf	1	2.94834815395565	0.00896521817447937
"subsample_ref500 / subsample_ref50"	1.18654935853345	0.0304190925014685	Inf	1	6.67207778334316	7.56797957635058e-11
"subsample_ref100 / subsample_ref50"	1.10048344920655	0.026978176056357	Inf	1	3.90578038427143	0.000276770344639798
