"contrast"	"odds.ratio"	"SE"	"df"	"null"	"z.ratio"	"p.value"
"seurat / scvi"	0.830208512562546	0.063589666512197	Inf	1	-2.4293862773368	0.0151244088879066
