"method"	"response"	"SE"	"df"	"asymp.LCL"	"asymp.UCL"
"seurat"	0.735595558805294	0.0496665150954174	Inf	0.627779067609743	0.821082734343347
"scvi"	0.770171340903008	0.0451955650758933	Inf	0.67014446574545	0.84679987958426
