"contrast"	"odds.ratio"	"SE"	"df"	"null"	"z.ratio"	"p.value"
"subsample_ref500 / subsample_ref100"	0.93651302812521	0.0357681816182642	Inf	1	-1.71738162934994	0.198625905821712
"subsample_ref500 / subsample_ref50"	0.88342028901757	0.0332098290599237	Inf	1	-3.29732702266451	0.00280641919474045
"subsample_ref100 / subsample_ref50"	0.943308061379641	0.0352600703235538	Inf	1	-1.56136080193679	0.262542006381651
