"subsample_ref"	"response"	"SE"	"df"	"asymp.LCL"	"asymp.UCL"
"500"	0.649571511308452	0.0572228670843983	Inf	0.53107149190031	0.752104169801376
"100"	0.664351772778023	0.0560362314036662	Inf	0.547411133616179	0.764098116620257
"50"	0.677238641241497	0.0549273892292691	Inf	0.561832357393621	0.774451364236487
