"method"	"response"	"SE"	"df"	"asymp.LCL"	"asymp.UCL"
"seurat"	0.816409370616417	0.0396991219088862	Inf	0.725733816444823	0.8819816098691
"scvi"	0.867135729565109	0.0305195491662504	Inf	0.795218267524754	0.916450051464143
