"method"	"response"	"SE"	"df"	"asymp.LCL"	"asymp.UCL"
"seurat"	0.81640937723234	0.0396991222255299	Inf	0.725733821520237	0.881981616403977
"scvi"	0.86713573484652	0.030519549234693	Inf	0.795218271954287	0.916450056401443
