"contrast"	"odds.ratio"	"SE"	"df"	"null"	"z.ratio"	"p.value"
"seurat / scvi"	0.681363077749716	0.0109993801459974	Inf	1	-23.7660421249749	7.50031992511776e-125
