"contrast"	"odds.ratio"	"SE"	"df"	"null"	"z.ratio"	"p.value"
"seurat / scvi"	0.862636671758192	0.0164475397497739	Inf	1	-7.74976975574506	9.20593157608335e-15
