"reference"	"method"	"response"	"SE"	"df"	"asymp.LCL"	"asymp.UCL"
"Single-cell RNA-seq for all cortical  hippocampal regions SMART-Seq v4"	"seurat"	0.790102939622474	0.0439715553763729	Inf	0.691229441523434	0.863564745308573
"An integrated transcriptomic and epigenomic atlas of mouse primary motor cortex cell types"	"seurat"	0.841395696564632	0.0353925305575623	Inf	0.759298942514126	0.899208363779448
"Single-cell RNA-seq for all cortical  hippocampal regions 10x"	"seurat"	0.84016664348256	0.0356135115030722	Inf	0.757620143027707	0.898371624519281
"whole cortex"	"seurat"	0.788376287562413	0.0442385822190737	Inf	0.689004060166975	0.862340169681582
"Single-cell RNA-seq for all cortical  hippocampal regions SMART-Seq v4"	"scvi"	0.800217284860703	0.0423879398824273	Inf	0.704326586223644	0.870717680375485
"An integrated transcriptomic and epigenomic atlas of mouse primary motor cortex cell types"	"scvi"	0.898313511926713	0.0242334741297723	Inf	0.840058245910542	0.936943266211909
"Single-cell RNA-seq for all cortical  hippocampal regions 10x"	"scvi"	0.871970971176178	0.0296080686060588	Inf	0.801975205447138	0.919702574622898
"whole cortex"	"scvi"	0.882745792420653	0.0274526870985113	Inf	0.817403488525639	0.926799294778852
