"sex"	"response"	"SE"	"df"	"asymp.LCL"	"asymp.UCL"
"female"	0.819763345680582	0.047078659968196	Inf	0.708938309772804	0.894660575511595
"male"	0.804515844183237	0.0499301741572722	Inf	0.688370275761031	0.884628607023507
"None"	0.893081043176489	0.0454865113276908	Inf	0.766553930660596	0.955051952662735
