"contrast"	"odds.ratio"	"SE"	"df"	"null"	"z.ratio"	"p.value"
"female / male"	1.13139726663761	0.0420341103863603	Inf	1	3.3228923954983	0.00256512060152059
"female / None"	0.573065394519461	0.413772657394569	Inf	1	-0.771093187149511	0.720793306564308
"male / None"	0.50651120646822	0.365344521236373	Inf	1	-0.943036983515043	0.612996628394614
