"sex"	"response"	"SE"	"df"	"asymp.LCL"	"asymp.UCL"
"female"	0.81976334156388	0.0470786591248791	Inf	0.708938308628102	0.894660570782745
"male"	0.804515839701423	0.049930173228838	Inf	0.68837027444662	0.884628601831896
"None"	0.893081035670077	0.0454865125030128	Inf	0.766553922601611	0.955051947846752
