"contrast"	"odds.ratio"	"SE"	"df"	"null"	"z.ratio"	"p.value"
"female / male"	1.10515283014332	0.0339191166592898	Inf	1	3.25766724233829	0.00322225207919624
"female / None"	0.544514213169725	0.312001598429492	Inf	1	-1.06085700554232	0.538471747481808
"male / None"	0.492704898651088	0.282002022765044	Inf	1	-1.2367238718572	0.431461766271799
