"sex"	"response"	"SE"	"df"	"asymp.LCL"	"asymp.UCL"
"female"	0.894265704164485	0.0379613407104345	Inf	0.7938345460982	0.948920958111993
"male"	0.882011740884017	0.0416405220760231	Inf	0.773359060228964	0.942451915704101
"None"	0.936542771312258	0.0356757159594264	Inf	0.819841575169792	0.979535436530443
