"contrast"	"odds.ratio"	"SE"	"df"	"null"	"z.ratio"	"p.value"
"female / male"	1.10515283084531	0.0339191166854121	Inf	1	3.25766726259499	0.00322225185309288
"female / None"	0.544514240803428	0.312001603070921	Inf	1	-1.06085695502931	0.538471779150992
"male / None"	0.492704923342537	0.282002026752134	Inf	1	-1.23672382879132	0.431461791451697
