"contrast"	"odds.ratio"	"SE"	"df"	"null"	"z.ratio"	"p.value"
"subsample_ref500 / subsample_ref100"	1.02360776057066	0.0134052108820294	Inf	1	1.78171433576419	0.175708730960444
"subsample_ref500 / subsample_ref50"	1.13556056016411	0.014728490967919	Inf	1	9.80139397247272	3.09752223870419e-14
"subsample_ref100 / subsample_ref50"	1.10937079993515	0.0141455885635307	Inf	1	8.13998876492661	3.78586051397178e-14
