"subsample_ref"	"response"	"SE"	"df"	"asymp.LCL"	"asymp.UCL"
"500"	0.91165540524144	0.0268824161646002	Inf	0.842881270967383	0.952038632053903
"100"	0.909750581763299	0.0274040539437434	Inf	0.839756171997743	0.950957012598928
"50"	0.899701524918116	0.0301182100295048	Inf	0.823428649991726	0.945219003546782
