"subsample_ref"	"response"	"SE"	"df"	"asymp.LCL"	"asymp.UCL"
"500"	0.84994768104411	0.0337804654719188	Inf	0.77119260167394	0.904936869682236
"100"	0.846947455040853	0.0343338606425184	Inf	0.767050375927771	0.902909997728267
"50"	0.833003411695364	0.0368442094355528	Inf	0.747995515639802	0.893421684565936
