"contrast"	"odds.ratio"	"SE"	"df"	"null"	"z.ratio"	"p.value"
"subsample_ref500 / subsample_ref100"	1.02370022180276	0.0156256333246171	Inf	1	1.53458607070688	0.27469755198414
"subsample_ref500 / subsample_ref50"	1.15039398397022	0.0174302328749768	Inf	1	9.24688443943263	3.28626015289046e-14
"subsample_ref100 / subsample_ref50"	1.1237606083003	0.0165930536354429	Inf	1	7.90217581019616	5.12923037376822e-14
