"subsample_ref"	"response"	"SE"	"df"	"asymp.LCL"	"asymp.UCL"
"500"	0.849947675308819	0.0337804653221111	Inf	0.771192597028196	0.904936864210007
"100"	0.846947449200545	0.0343338604829555	Inf	0.767050371208289	0.902909992144391
"50"	0.833003405442812	0.0368442092153464	Inf	0.74799551068138	0.893421678510976
