"contrast"	"odds.ratio"	"SE"	"df"	"null"	"z.ratio"	"p.value"
"subsample_ref500 / subsample_ref100"	1.02360776065747	0.0134052108849164	Inf	1	1.78171434200705	0.175708728832562
"subsample_ref500 / subsample_ref50"	1.13556056013852	0.0147284909697178	Inf	1	9.80139396931793	3.09752223870419e-14
"subsample_ref100 / subsample_ref50"	1.10937079981608	0.014145588563916	Inf	1	8.13998875541371	3.75255382323303e-14
