"1"	"response"	"SE"	"df"	"asymp.LCL"	"asymp.UCL"
"overall"	0.84343841626928	0.0349614529993365	Inf	0.762261647732323	0.900514623803968
