"1"	"response"	"SE"	"df"	"asymp.LCL"	"asymp.UCL"
"overall"	0.843438422210279	0.0349614531754084	Inf	0.762261652505816	0.900514629505349
