"contrast"	"odds.ratio"	"SE"	"df"	"null"	"z.ratio"	"p.value"
"no treatment / treatment"	1.22504754611899	0.036929800260358	Inf	1	6.7333082831231	1.65848145460254e-11
