"treatment_state"	"response"	"SE"	"df"	"asymp.LCL"	"asymp.UCL"
"no treatment"	0.915366741642744	0.0258626120618982	Inf	0.848988081546554	0.954144001171876
"treatment"	0.898258063055136	0.0305386551447834	Inf	0.82099228778694	0.94443066864176
