"contrast"	"odds.ratio"	"SE"	"df"	"null"	"z.ratio"	"p.value"
"no treatment / treatment"	1.27150415925442	0.0328729422681915	Inf	1	9.29080306343374	1.53128551665044e-20
