"treatment_state"	"response"	"SE"	"df"	"asymp.LCL"	"asymp.UCL"
"no treatment"	0.858651873330599	0.0321522983712148	Inf	0.78328541256753	0.910793278120706
"treatment"	0.826917584410297	0.0379617176333873	Inf	0.739637690107888	0.88931744629155
