"treatment_state"	"response"	"SE"	"df"	"asymp.LCL"	"asymp.UCL"
"no treatment"	0.858651878730757	0.0321522985011065	Inf	0.783285416951295	0.910793283252599
"treatment"	0.826917590920654	0.0379617178615354	Inf	0.739637695288508	0.889317452598328
