"contrast"	"odds.ratio"	"SE"	"df"	"null"	"z.ratio"	"p.value"
"seurat / scvi"	0.32686481142501	0.0187593212479185	Inf	1	-19.4838098357519	1.50641499189665e-84
