"method"	"cutoff"	"response"	"SE"	"df"	"asymp.LCL"	"asymp.UCL"
"seurat"	0	0.871616069420934	0.0388968877929472	Inf	0.774525165358534	0.930642829057518
"scvi"	0	0.874900509066262	0.0380438187968558	Inf	0.779668025640325	0.932533180427582
