"contrast"	"odds.ratio"	"SE"	"df"	"null"	"z.ratio"	"p.value"
"seurat cutoff0 / scvi cutoff0"	0.970759018323007	0.0179453143053665	Inf	1	-1.6053903909195	0.108407917760659
