"contrast"	"odds.ratio"	"SE"	"df"	"null"	"z.ratio"	"p.value"
"female / male"	0.928517750164487	0.0388890505279141	Inf	1	-1.77078749658339	0.179461515834403
"female / None"	0.932526288208932	0.667286880027826	Inf	1	-0.0976257205285733	0.994759291374053
"male / None"	1.00431713668773	0.71767047542672	Inf	1	0.00602845217840859	0.999979963677621
