"sex"	"response"	"SE"	"df"	"asymp.LCL"	"asymp.UCL"
"female"	0.867858390682912	0.050370603510208	Inf	0.735223015275184	0.939518095163564
"male"	0.876134160805344	0.0474924716253579	Inf	0.749995820222675	0.943430375098575
"None"	0.875665902178078	0.0615169664116915	Inf	0.699430488268285	0.955188218699376
