"method"	"response"	"SE"	"df"	"asymp.LCL"	"asymp.UCL"
"seurat"	0.649639889949279	0.0348156779452448	Inf	0.578752391865738	0.714483366824381
"scvi"	0.633761473667541	0.0359114884410787	Inf	0.560980972635011	0.70090925803756
