"subsample_ref"	"response"	"SE"	"df"	"asymp.LCL"	"asymp.UCL"
"500"	0.564103591674207	0.0322055545796525	Inf	0.500281718881622	0.625870081886473
"100"	0.576002763340203	0.0320111288178838	Inf	0.512369242888874	0.637212047026605
"50"	0.562682594797504	0.0322354515759917	Inf	0.498824962550704	0.624528179544172
