"contrast"	"odds.ratio"	"SE"	"df"	"null"	"z.ratio"	"p.value"
"seurat / scvi"	0.397376713334501	0.0329698721115521	Inf	1	-11.1231024496534	9.68446114132125e-29
