"subsample_ref"	"response"	"SE"	"df"	"asymp.LCL"	"asymp.UCL"
"500"	0.210796142415145	0.015345162851116	Inf	0.182288294215743	0.242440470726677
"100"	0.207339938335101	0.0151618526162547	Inf	0.179189536253474	0.238627044200104
"50"	0.200299321939725	0.0149265905848341	Inf	0.172634899507204	0.231158328472572
