"contrast"	"odds.ratio"	"SE"	"df"	"null"	"z.ratio"	"p.value"
"subsample_ref500 / subsample_ref100"	1.02112161947341	0.0383328691826133	Inf	1	0.556783962134875	0.842985912457396
"subsample_ref500 / subsample_ref50"	1.06640321260109	0.042776947081382	Inf	1	1.60274796187118	0.244432734473648
"subsample_ref100 / subsample_ref50"	1.04434495584476	0.0416257711296323	Inf	1	1.08860381964711	0.521135696360716
