"method"	"response"	"SE"	"df"	"asymp.LCL"	"asymp.UCL"
"seurat"	0.0175584291032802	0.00251186908744485	Inf	0.0132567120941553	0.0232231730960118
"scvi"	0.0917405095552608	0.0120729339137849	Inf	0.0706631249389189	0.118304523368477
