"subsample_ref"	"response"	"SE"	"df"	"asymp.LCL"	"asymp.UCL"
"500"	0.0267778310008948	0.0024467230076925	Inf	0.0223778902398209	0.0320145578214122
"100"	0.034937326597029	0.00288055488894898	Inf	0.0297107609894609	0.0410444299268827
"50"	0.03117918543508	0.00269519973707141	Inf	0.0263084296489487	0.0369175246014978
