"method"	"response"	"SE"	"df"	"asymp.LCL"	"asymp.UCL"
"seurat"	0.683954652324315	0.0631919175841236	Inf	0.549595020259342	0.793307260284465
"scvi"	0.742772532654422	0.0558575098370071	Inf	0.619500020973534	0.836639181572558
