"contrast"	"odds.ratio"	"SE"	"df"	"null"	"z.ratio"	"p.value"
"seurat / scvi"	0.783641110721375	0.0116868450231499	Inf	1	-16.3478628447518	4.50505387717938e-60
