"method"	"response"	"SE"	"df"	"asymp.LCL"	"asymp.UCL"
"seurat"	0.68395616897279	0.0631904276143746	Inf	0.549599735176841	0.793306438057125
"scvi"	0.742776031556239	0.0558558405189045	Inf	0.619507173263351	0.836640040380048
