"method"	"response"	"SE"	"df"	"asymp.LCL"	"asymp.UCL"
"seurat"	0.665491650543325	0.0743368202329869	Inf	0.50834298342765	0.792876702526346
"scvi"	0.717413641356929	0.0677024612360781	Inf	0.568843719685872	0.83008103034505
