"contrast"	"odds.ratio"	"SE"	"df"	"null"	"z.ratio"	"p.value"
"female / male"	0.973694314231708	0.0343446358694086	Inf	1	-0.755769165680197	0.730128683769217
"female / None"	0.71428434279719	0.45184324283594	Inf	1	-0.531906199112854	0.855652150767975
"male / None"	0.733581712819999	0.463488881480664	Inf	1	-0.490358174879497	0.875902498518229
