"sex"	"response"	"SE"	"df"	"asymp.LCL"	"asymp.UCL"
"female"	0.688943810368405	0.0754010458594139	Inf	0.526369840220864	0.815295740451403
"male"	0.694627633194356	0.0743412330633027	Inf	0.533683901674287	0.818875592155968
"None"	0.756145171788918	0.0969506946790952	Inf	0.525259964013825	0.896802835443515
