"contrast"	"odds.ratio"	"SE"	"df"	"null"	"z.ratio"	"p.value"
"female / male"	0.973669951499208	0.0343438202970186	Inf	1	-0.75647757125064	0.729698605651926
"female / None"	0.714269932935291	0.451843611348883	Inf	1	-0.531926925655982	0.85564176140752
"male / None"	0.733585268637996	0.46350087743397	Inf	1	-0.490340188958729	0.87591100788313
