"contrast"	"odds.ratio"	"SE"	"df"	"null"	"z.ratio"	"p.value"
"female / male"	0.991127207642117	0.0354974349791873	Inf	1	-0.248843675638243	0.966440474127906
"female / None"	0.638343200575217	0.461252608560028	Inf	1	-0.621219230422645	0.808485545174282
"male / None"	0.644057791626798	0.464937361639847	Inf	1	-0.609467168691595	0.81494779333767
