"sex"	"response"	"SE"	"df"	"asymp.LCL"	"asymp.UCL"
"female"	0.688937867840536	0.0754034107085248	Inf	0.526359336483929	0.815293733480388
"male"	0.694627058659582	0.0743428752111619	Inf	0.533679631749622	0.818877333479471
"None"	0.756143778589043	0.0969531085112813	Inf	0.525252676535199	0.896804141562445
