"sex"	"response"	"SE"	"df"	"asymp.LCL"	"asymp.UCL"
"female"	0.658624183469818	0.0903116055568178	Inf	0.467521695334836	0.809140440674065
"male"	0.660625188584803	0.0897753032704288	Inf	0.470350125060646	0.810137186894677
"None"	0.751391663366446	0.112217275075729	Inf	0.482168482326983	0.907497318950996
