"subsample_ref"	"response"	"SE"	"df"	"asymp.LCL"	"asymp.UCL"
"500"	0.726461146803863	0.0580922781344984	Inf	0.599592410484217	0.824872645318782
"100"	0.71632831865459	0.0594036830643726	Inf	0.587429500712733	0.817469011616616
"50"	0.699641237104746	0.0614326476814056	Inf	0.567736095501573	0.805112523366686
