"contrast"	"odds.ratio"	"SE"	"df"	"null"	"z.ratio"	"p.value"
"subsample_ref500 / subsample_ref100"	1.05171297640513	0.0132629929146048	Inf	1	3.99816406789466	0.000188553767539235
"subsample_ref500 / subsample_ref50"	1.14014025081112	0.0143263455467215	Inf	1	10.4374737377242	3.01980662698043e-14
"subsample_ref100 / subsample_ref50"	1.08407928435783	0.0134324630478424	Inf	1	6.51547290518939	2.17380002887069e-10
