"subsample_ref"	"response"	"SE"	"df"	"asymp.LCL"	"asymp.UCL"
"500"	0.726463518190383	0.0580907444180349	Inf	0.599598163794353	0.824872631331634
"100"	0.71633121301169	0.059402069719513	Inf	0.587435868399688	0.817469341886821
"50"	0.699643720285253	0.0614310679386817	Inf	0.567741947886875	0.805112489791524
