"subsample_ref"	"response"	"SE"	"df"	"asymp.LCL"	"asymp.UCL"
"500"	0.701055337884337	0.0699853989541899	Inf	0.549295381952318	0.818591314061488
"100"	0.694436002211234	0.070859729442636	Inf	0.541513081599491	0.813883750693935
"50"	0.680491148640429	0.0726047991984053	Inf	0.525361281097808	0.803849117931696
