"contrast"	"odds.ratio"	"SE"	"df"	"null"	"z.ratio"	"p.value"
"subsample_ref500 / subsample_ref100"	1.03188536359901	0.0130437974145804	Inf	1	2.48304864360236	0.0347890892435386
"subsample_ref500 / subsample_ref50"	1.1010876983118	0.0138439720964399	Inf	1	7.6591531440194	7.4495964952348e-14
"subsample_ref100 / subsample_ref50"	1.06706397547052	0.0132979455349377	Inf	1	5.20863268261472	5.69598680222327e-07
