"contrast"	"odds.ratio"	"SE"	"df"	"null"	"z.ratio"	"p.value"
"subsample_ref500 / subsample_ref100"	1.05171054677675	0.013262947066685	Inf	1	3.99798546350829	0.000188695259405791
"subsample_ref500 / subsample_ref50"	1.14014038419394	0.0143263290346263	Inf	1	10.437496299032	3.03090885722668e-14
"subsample_ref100 / subsample_ref50"	1.0840819155881	0.0134324809777327	Inf	1	6.51567590817222	2.17086459919358e-10
