"1"	"response"	"SE"	"df"	"asymp.LCL"	"asymp.UCL"
"overall"	0.714270766663789	0.059644438830334	Inf	0.585021237170323	0.815930259527394
