"1"	"response"	"SE"	"df"	"asymp.LCL"	"asymp.UCL"
"overall"	0.71427335136576	0.0596428620698864	Inf	0.585027233228189	0.815930354285538
