"1"	"response"	"SE"	"df"	"asymp.LCL"	"asymp.UCL"
"overall"	0.692059705537683	0.0711493285514391	Inf	0.538776544585612	0.812161149995874
