"treatment_state"	"response"	"SE"	"df"	"asymp.LCL"	"asymp.UCL"
"no treatment"	0.737671016719937	0.0565787698272393	Inf	0.613215436915563	0.832987318898448
"treatment"	0.689661317673736	0.0626366013499354	Inf	0.555999706954011	0.797724113037428
