"treatment_state"	"response"	"SE"	"df"	"asymp.LCL"	"asymp.UCL"
"no treatment"	0.737673205525796	0.0565772780546553	Inf	0.613220972540419	0.83298721911328
"treatment"	0.689664318002865	0.0626349556764163	Inf	0.556006134936976	0.797724435466635
