"contrast"	"odds.ratio"	"SE"	"df"	"null"	"z.ratio"	"p.value"
"no treatment / treatment"	1.26536695429971	0.0316842060153132	Inf	1	9.39962019743047	5.47603787555962e-21
