"treatment_state"	"response"	"SE"	"df"	"asymp.LCL"	"asymp.UCL"
"no treatment"	0.714293786958659	0.0681569110114838	Inf	0.565066983786351	0.827913059428569
"treatment"	0.668897390425848	0.0740221348296009	Inf	0.512030808374466	0.795478735855667
