"contrast"	"odds.ratio"	"SE"	"df"	"null"	"z.ratio"	"p.value"
"no treatment / treatment"	1.23754297673554	0.0315218014803365	Inf	1	8.36738312147937	5.89119097428235e-17
