"contrast"	"odds.ratio"	"SE"	"df"	"null"	"z.ratio"	"p.value"
"Control / Disease"	1.08639865173457	0.00516254956376787	Inf	1	17.4386588640892	4.19810088276757e-68
