"disease_state"	"response"	"SE"	"df"	"asymp.LCL"	"asymp.UCL"
"Control"	0.944342511923207	0.0173926392825802	Inf	0.898684895110331	0.970108902855456
"Disease"	0.939823154313664	0.0187149588081167	Inf	0.890886389527716	0.967610046507939
