"contrast"	"odds.ratio"	"SE"	"df"	"null"	"z.ratio"	"p.value"
"Control / Disease"	1.08068974962519	0.00539203281002798	Inf	1	15.5527573859315	1.52400587217998e-54
