"disease_state"	"response"	"SE"	"df"	"asymp.LCL"	"asymp.UCL"
"Control"	0.907190269608388	0.0245897017089538	Inf	0.846497157764879	0.945432997883293
"Disease"	0.900447007543745	0.0261785325763923	Inf	0.836145785910507	0.941286427501618
