"contrast"	"odds.ratio"	"SE"	"df"	"null"	"z.ratio"	"p.value"
"Control / Disease"	1.08640009369326	0.00516256016272008	Inf	1	17.4389255187448	4.17856098452651e-68
