"disease_state"	"response"	"SE"	"df"	"asymp.LCL"	"asymp.UCL"
"Control"	0.944348763760973	0.0173993103799289	Inf	0.898666828755188	0.970121552300222
"Disease"	0.93982980639444	0.0187221791451761	Inf	0.890866972097289	0.96762367664871
