"contrast"	"odds.ratio"	"SE"	"df"	"null"	"z.ratio"	"p.value"
"seurat / scvi"	0.604891591433453	0.0044397618851016	Inf	1	-68.4907558526621	0
