"method"	"response"	"SE"	"df"	"asymp.LCL"	"asymp.UCL"
"seurat"	0.926796119568115	0.022451217566195	Inf	0.868743674826755	0.960344953313887
"scvi"	0.954400698290801	0.0144020408489334	Inf	0.916259882358965	0.975631663723699
