"contrast"	"odds.ratio"	"SE"	"df"	"null"	"z.ratio"	"p.value"
"seurat / scvi"	0.587430744342821	0.00395831798976016	Inf	1	-78.9505412697367	0
