"method"	"response"	"SE"	"df"	"asymp.LCL"	"asymp.UCL"
"seurat"	0.878147417962922	0.0312504310235334	Inf	0.802596060113097	0.927399024358154
"scvi"	0.924631051860585	0.0203529506175358	Inf	0.873755465569207	0.956035774766914
