"method"	"response"	"SE"	"df"	"asymp.LCL"	"asymp.UCL"
"seurat"	0.926804156281788	0.0224599316799447	Inf	0.86872099392459	0.960361547008951
"scvi"	0.954405838468857	0.01440754065946	Inf	0.916244594806184	0.975642014474328
