"contrast"	"odds.ratio"	"SE"	"df"	"null"	"z.ratio"	"p.value"
"seurat / scvi"	0.604891800609354	0.00443976526957519	Inf	1	-68.4906802119276	0
