"region_match"	"response"	"SE"	"df"	"asymp.LCL"	"asymp.UCL"
"False"	0.939262797275646	0.0188764900466505	Inf	0.889928684551165	0.967297828451683
"True"	0.944858755186838	0.0172445519872143	Inf	0.899566627307381	0.970397770117378
