"contrast"	"odds.ratio"	"SE"	"df"	"null"	"z.ratio"	"p.value"
"False / True"	0.872885124861606	0.00776583177966137	Inf	1	-15.2810268031791	1.02315793140406e-52
