"contrast"	"odds.ratio"	"SE"	"df"	"null"	"z.ratio"	"p.value"
"False / True"	0.902485103056442	0.0083336449464756	Inf	1	-11.1113163037594	1.10518228629138e-28
