"contrast"	"odds.ratio"	"SE"	"df"	"null"	"z.ratio"	"p.value"
"False / True"	0.902489190618506	0.00833366921245698	Inf	1	-11.1108437865889	1.11104645838872e-28
