"region_match"	"response"	"SE"	"df"	"asymp.LCL"	"asymp.UCL"
"False"	0.897800886769089	0.0267930443485309	Inf	0.832116189340404	0.939650236102774
"True"	0.909617756068676	0.0240165356301763	Inf	0.850232111308329	0.946925838333967
