"region_match"	"response"	"SE"	"df"	"asymp.LCL"	"asymp.UCL"
"False"	0.939269415973831	0.018883803086758	Inf	0.889908958846171	0.967311535581163
"True"	0.944865035824833	0.0172511359711115	Inf	0.899548851236765	0.970410345121537
