"sex"	"response"	"SE"	"df"	"asymp.LCL"	"asymp.UCL"
"F"	0.940865498615339	0.0184206250718469	Inf	0.892647734518928	0.968197614807801
"M"	0.943370406156516	0.0176864743934999	Inf	0.896974266165469	0.969581283344938
