"sex"	"response"	"SE"	"df"	"asymp.LCL"	"asymp.UCL"
"F"	0.942889021470405	0.0152571101420683	Inf	0.904532832924179	0.966407028263287
"feM"	0.946550996212188	0.0143421804724593	Inf	0.91039558183492	0.968620531461362
"M"	0.945651391871993	0.0145605106444687	Inf	0.908975026562592	0.96806900681769
"None"	0.605754225750272	0.191342856703011	Inf	0.242164046340512	0.880781456683868
