"contrast"	"odds.ratio"	"SE"	"df"	"null"	"z.ratio"	"p.value"
"F / M"	0.955097565865732	0.00462697369360665	Inf	1	-9.48327905922875	2.46415395996742e-21
