"contrast"	"odds.ratio"	"SE"	"df"	"null"	"z.ratio"	"p.value"
"F / feM"	0.932258980854323	0.0110809884217719	Inf	1	-5.90136506527994	2.16094263594258e-08
"F / M"	0.948851695205355	0.00475595163407755	Inf	1	-10.474736430905	3.67483821150927e-14
"F / None"	10.745127478258	9.13125529125369	Inf	1	2.7941167835774	0.0267368107743966
"feM / M"	1.01779839582326	0.0109694630980549	Inf	1	1.6368946847712	0.357794229175941
"feM / None"	11.525903959017	9.79536594547713	Inf	1	2.87648165804064	0.0209657606740663
"M / None"	11.3243487180918	9.6233984171819	Inf	1	2.85592317590846	0.0222932110531444
