"contrast"	"odds.ratio"	"SE"	"df"	"null"	"z.ratio"	"p.value"
"F / M"	0.955097707684272	0.0046269773043055	Inf	1	-9.4832424166414	2.46501970430782e-21
