"sex"	"response"	"SE"	"df"	"asymp.LCL"	"asymp.UCL"
"F"	0.940858912771323	0.0184135379650529	Inf	0.892666801713864	0.968184195895192
"M"	0.943364090425931	0.0176796770974761	Inf	0.896992668649951	0.969568433868063
