"contrast"	"odds.ratio"	"SE"	"df"	"null"	"z.ratio"	"p.value"
"subsample_ref500 / subsample_ref100"	1.12155953719772	0.0063370903566674	Inf	1	20.3035593751522	0
"subsample_ref500 / subsample_ref50"	1.24238167403968	0.00694050841482368	Inf	1	38.8493723544471	0
"subsample_ref100 / subsample_ref50"	1.1077269042211	0.00599502353886259	Inf	1	18.9042844015297	0
