"subsample_ref"	"response"	"SE"	"df"	"asymp.LCL"	"asymp.UCL"
"500"	0.947867422233029	0.0163525144085695	Inf	0.904807947585139	0.97205089370667
"100"	0.941898107204405	0.0181098721204474	Inf	0.894458127626845	0.968759086647308
"50"	0.936039448107556	0.0198117771097874	Inf	0.884403598249412	0.965509550041899
