"subsample_ref"	"response"	"SE"	"df"	"asymp.LCL"	"asymp.UCL"
"500"	0.910800482861542	0.0237270795694104	Inf	0.852083804320615	0.947641276066187
"100"	0.904272480411891	0.0252806948736907	Inf	0.842005075151204	0.943642214820087
"50"	0.896035428064467	0.0272057049324183	Inf	0.829421452945575	0.938562381453763
