"subsample_ref"	"response"	"SE"	"df"	"asymp.LCL"	"asymp.UCL"
"500"	0.947873121859995	0.0163588251429381	Inf	0.904790547669999	0.972062646839474
"100"	0.941904724505305	0.0181167970089974	Inf	0.894439582493143	0.968772348376939
"50"	0.936046548155737	0.0198194212263585	Inf	0.884383276712724	0.96552406479915
