"contrast"	"odds.ratio"	"SE"	"df"	"null"	"z.ratio"	"p.value"
"subsample_ref500 / subsample_ref100"	1.12156578961645	0.00633712278690497	Inf	1	20.3045552948472	0
"subsample_ref500 / subsample_ref50"	1.24238571113762	0.00694053236660882	Inf	1	38.8499461958788	0
"subsample_ref100 / subsample_ref50"	1.10772432846983	0.00599500130616344	Inf	1	18.9038809019796	0
