"subsample_ref"	"method"	"response"	"SE"	"df"	"asymp.LCL"	"asymp.UCL"
"500"	"seurat"	0.933960870497302	0.0204215758517557	Inf	0.880822584383775	0.96436464611453
"100"	"seurat"	0.926523034486804	0.0225403809211611	Inf	0.86824512435051	0.96020490368522
"50"	"seurat"	0.919246786166059	0.0245777445243698	Inf	0.85609480039725	0.956105840746101
"500"	"scvi"	0.95898323801727	0.0130240749121961	Inf	0.92434667664595	0.978137122193351
"100"	"scvi"	0.954225490140069	0.0144624380138969	Inf	0.915924379762596	0.975544200303369
"50"	"scvi"	0.949543153987091	0.0158634315319751	Inf	0.907703683963623	0.972980660681121
