"1"	"response"	"SE"	"df"	"asymp.LCL"	"asymp.UCL"
"overall"	0.942130671875278	0.0180498537316341	Inf	0.894832266757371	0.968896372155938
