"1"	"response"	"SE"	"df"	"asymp.LCL"	"asymp.UCL"
"overall"	0.903871465780695	0.0253740764726188	Inf	0.841392773368963	0.943394278302898
