"method"	"response"	"SE"	"df"	"asymp.LCL"	"asymp.UCL"
"seurat"	0.753165584093184	0.0298996716493065	Inf	0.690048073658141	0.807024483891392
"scvi"	0.801673888858455	0.0256476953692918	Inf	0.74661139913597	0.847219537467956
