"contrast"	"odds.ratio"	"SE"	"df"	"null"	"z.ratio"	"p.value"
"seurat / scvi"	0.754860866830812	0.0690502682095148	Inf	1	-3.07433061680104	0.00210975485999971
