"subsample_ref"	"response"	"SE"	"df"	"asymp.LCL"	"asymp.UCL"
"500"	0.693384050353709	0.0320763130925358	Inf	0.627213109141567	0.752445281863781
"100"	0.67967285801662	0.0328778250592325	Inf	0.61213419419836	0.740437842107526
"50"	0.662775391035386	0.0337447237826331	Inf	0.593817876892819	0.72543886944206
