"contrast"	"odds.ratio"	"SE"	"df"	"null"	"z.ratio"	"p.value"
"subsample_ref500 / subsample_ref100"	1.06579313087035	0.0438726377052544	Inf	1	1.54792458454826	0.268598984178972
"subsample_ref500 / subsample_ref50"	1.15062018982603	0.0475908706863984	Inf	1	3.39210582547857	0.00200435446521852
"subsample_ref100 / subsample_ref50"	1.07959054763883	0.0449418751048846	Inf	1	1.83964370910235	0.156752904096562
