"method"	"response"	"SE"	"df"	"asymp.LCL"	"asymp.UCL"
"seurat"	0.778261095038752	0.0147391353978887	Inf	0.748035545131253	0.805802107991837
"scvi"	0.855306868243138	0.0104806500249137	Inf	0.833530900116494	0.87466263464314
