"contrast"	"odds.ratio"	"SE"	"df"	"null"	"z.ratio"	"p.value"
"subsample_ref100 / subsample_ref50"	1.01508908599248	0.015546858934582	Inf	1	0.977841119793263	0.328152910184062
