"subsample_ref"	"response"	"SE"	"df"	"asymp.LCL"	"asymp.UCL"
"100"	0.802616794750886	0.0125160309936798	Inf	0.776933644628254	0.826005108215764
"50"	0.800233433781568	0.0126301025123977	Inf	0.774326165817806	0.82384316622335
