"method"	"cutoff"	"response"	"SE"	"df"	"asymp.LCL"	"asymp.UCL"
"seurat"	0	0.946370162109587	0.0168200747910719	Inf	0.90211814667497	0.971253516256917
"scvi"	0	0.941234364114732	0.0183303706950755	Inf	0.893224222288934	0.968420654682171
