"contrast"	"odds.ratio"	"SE"	"df"	"null"	"z.ratio"	"p.value"
"seurat / scvi"	0.965459485916812	0.0510545034988733	Inf	1	-0.664721013709037	0.506228950765206
