"method"	"response"	"SE"	"df"	"asymp.LCL"	"asymp.UCL"
"seurat"	0.856354964771498	0.0159591300926938	Inf	0.822161257938388	0.884894581885504
"scvi"	0.860625018940393	0.0155403601055591	Inf	0.827293085859938	0.888391842001869
