"subsample_ref"	"response"	"SE"	"df"	"asymp.LCL"	"asymp.UCL"
"500"	0.790060461579299	0.0208034556168151	Inf	0.746392390221465	0.82794272637171
"100"	0.768604670868997	0.0223000931157671	Inf	0.72205881493293	0.80941310360217
"50"	0.763216440089583	0.0226554260299556	Inf	0.715995985748635	0.804726948932224
