"contrast"	"odds.ratio"	"SE"	"df"	"null"	"z.ratio"	"p.value"
"seurat / scvi"	1.08525190175501	0.0159869901741471	Inf	1	5.55368872163968	2.797033796641e-08
