"contrast"	"odds.ratio"	"SE"	"df"	"null"	"z.ratio"	"p.value"
"female / male"	0.964267449951799	0.0345159948351229	Inf	1	-1.0165258116983	0.566389241826738
"female / None"	1.05849296008459	0.589347729048715	Inf	1	0.102098061932123	0.994269548359891
"male / None"	1.09771719468234	0.610205095665025	Inf	1	0.167719327446613	0.984611792357307
