"sex"	"response"	"SE"	"df"	"asymp.LCL"	"asymp.UCL"
"female"	0.693630102125504	0.0658771617995404	Inf	0.552198609713588	0.80607937607072
"male"	0.701307581106102	0.0645999125992423	Inf	0.561955077363999	0.811221075905569
"None"	0.681418749548372	0.100421815791661	Inf	0.463476389734279	0.841169297603768
