"contrast"	"odds.ratio"	"SE"	"df"	"null"	"z.ratio"	"p.value"
"subsample_ref500 / subsample_ref100"	1.04347337739359	0.0128640207724052	Inf	1	3.45187106886966	0.00161358440798354
"subsample_ref500 / subsample_ref50"	1.08030294904024	0.0132565866370011	Inf	1	6.29454877877817	9.24718190908891e-10
"subsample_ref100 / subsample_ref50"	1.03529517134269	0.0125779346869012	Inf	1	2.85506685241084	0.0119762723999185
