"subsample_ref"	"response"	"SE"	"df"	"asymp.LCL"	"asymp.UCL"
"500"	0.700621245438612	0.0539648945569559	Inf	0.58564657510897	0.794867390465425
"100"	0.691619809754949	0.0548726283539214	Inf	0.575285262178722	0.787840564656689
"50"	0.684173043441818	0.0555922881308147	Inf	0.566789586389176	0.781984413245381
