"1"	"response"	"SE"	"df"	"asymp.LCL"	"asymp.UCL"
"overall"	0.692178921129903	0.0547968188726183	Inf	0.575972249859665	0.788246997085577
