"treatment_state"	"response"	"SE"	"df"	"asymp.LCL"	"asymp.UCL"
"No treatment"	0.706854659105369	0.0533170616192684	Inf	0.592869941567278	0.799708057365726
"treatment"	0.67710409269256	0.0563195299902981	Inf	0.558632480111652	0.776498422265737
