"contrast"	"odds.ratio"	"SE"	"df"	"null"	"z.ratio"	"p.value"
"No treatment / treatment"	1.14988452764068	0.0271945868469714	Inf	1	5.90538953329577	3.51814464204643e-09
