"method"	"response"	"SE"	"df"	"asymp.LCL"	"asymp.UCL"
"seurat"	0.804310550356473	0.0337745610316216	Inf	0.729656088381988	0.862241656852336
"scvi"	0.755158955716448	0.0397122697858955	Inf	0.669372862613786	0.824521710667808
