"subsample_ref"	"response"	"SE"	"df"	"asymp.LCL"	"asymp.UCL"
"500"	0.917117615647663	0.0175762348112259	Inf	0.875513855322283	0.945679899298842
"100"	0.917211852080942	0.0175570190629747	Inf	0.875651891889092	0.945742210169096
"50"	0.913638169397246	0.0182434913000718	Inf	0.87053755340383	0.94332392593208
