"contrast"	"odds.ratio"	"SE"	"df"	"null"	"z.ratio"	"p.value"
"No treatment / treatment"	0.979481999098017	0.0275358649394286	Inf	1	-0.737440141161476	0.460854732213065
