"disease_state"	"region_match"	"response"	"SE"	"df"	"asymp.LCL"	"asymp.UCL"
"control"	"False"	0.942946755687817	0.0273434810750448	Inf	0.859223163517955	0.978144332863933
"disease"	"False"	0.937644127273136	0.0297164446373827	Inf	0.847399857173415	0.976029610668286
