"contrast"	"odds.ratio"	"SE"	"df"	"null"	"z.ratio"	"p.value"
"control False / disease False"	1.09912262881791	0.0047174848841691	Inf	1	22.0203258179598	1.83936670154553e-107
