"method"	"region_match"	"response"	"SE"	"df"	"asymp.LCL"	"asymp.UCL"
"seurat"	"False"	0.936850068934608	0.0205804392298637	Inf	0.88238450993136	0.967035877788675
"scvi"	"False"	0.956712549847473	0.0144060691032291	Inf	0.917877434458449	0.977630413543048
