"sex"	"region_match"	"response"	"SE"	"df"	"asymp.LCL"	"asymp.UCL"
"female"	"False"	0.964781263935759	0.0115404923835129	Inf	0.933679650300186	0.98158512129164
"femaleemale"	"False"	0.911095047725784	0.0952825215078003	Inf	0.505385920923249	0.990364455881482
"male"	"False"	0.965067082207271	0.0114498426491373	Inf	0.934202031480735	0.981736748944191
"maleale"	"False"	0.913498142488619	0.0929514248969546	Inf	0.512893155865073	0.990646867805937
"None"	"False"	0.922410461169494	0.0486098940634385	Inf	0.75847765915851	0.978263028974945
