"subsample_ref"	"region_match"	"response"	"SE"	"df"	"asymp.LCL"	"asymp.UCL"
"500"	"False"	0.947664511991538	0.0172508536395988	Inf	0.901553232003018	0.972828749301444
"100"	"False"	0.940825115787835	0.0193644405973704	Inf	0.889391343284376	0.969170877461826
"50"	"False"	0.930042993948807	0.0226303563657345	Inf	0.87052754026918	0.963352307349728
