"1"	"response"	"SE"	"df"	"asymp.LCL"	"asymp.UCL"
"overall"	0.923242590157798	0.036016516154295	Inf	0.816245949170769	0.970210777206884
