"contrast"	"odds.ratio"	"SE"	"df"	"null"	"z.ratio"	"p.value"
"seurat / scvi"	0.860895040968109	0.0944365609844542	Inf	1	-1.36543696563398	0.172115752196918
