"contrast"	"odds.ratio"	"SE"	"df"	"null"	"z.ratio"	"p.value"
"subsample_ref500 / subsample_ref100"	1.13310708012198	0.0640822788076274	Inf	1	2.20961263332676	0.069546403841661
"subsample_ref500 / subsample_ref50"	0.929373731349122	0.052596886564536	Inf	1	-1.29420879769401	0.39841435616986
"subsample_ref100 / subsample_ref50"	0.820199385965426	0.0464550771072535	Inf	1	-3.49950829929846	0.00135397893723943
