"method"	"response"	"SE"	"df"	"asymp.LCL"	"asymp.UCL"
"seurat"	0.148175371276642	0.00677714173242262	Inf	0.135378046586348	0.161955830365998
"scvi"	0.17585535504457	0.00771171263823455	Inf	0.161247721862266	0.19148420184294
