"subsample_ref"	"response"	"SE"	"df"	"asymp.LCL"	"asymp.UCL"
"500"	0.344335635123747	0.0103851928506014	Inf	0.324276136185821	0.364965795239608
"100"	0.324131623062843	0.0100515493788961	Inf	0.304750531353217	0.344135186787342
"50"	0.325222135488917	0.0100813745517413	Inf	0.305782058315966	0.345283413570527
