"contrast"	"odds.ratio"	"SE"	"df"	"null"	"z.ratio"	"p.value"
"subsample_ref500 / subsample_ref100"	1.09506806066141	0.0227842156943102	Inf	1	4.36487560914147	3.78286648324844e-05
"subsample_ref500 / subsample_ref50"	1.08963518823793	0.0227895829974422	Inf	1	4.10439715242421	0.000120018545599621
"subsample_ref100 / subsample_ref50"	0.995038781041422	0.0205373185417169	Inf	1	-0.240970684599876	0.968496879622992
