"contrast"	"odds.ratio"	"SE"	"df"	"null"	"z.ratio"	"p.value"
"seurat / scvi"	0.124940107003405	0.0200750589253898	Inf	1	-12.9446956213792	2.51759079455229e-38
