"method"	"response"	"SE"	"df"	"asymp.LCL"	"asymp.UCL"
"seurat"	0.0504021825217971	0.00587454414891686	Inf	0.0400570374602118	0.0632430486330257
"scvi"	0.298158312595839	0.0252146553932441	Inf	0.251195201697117	0.349799980191815
