"subsample_ref"	"response"	"SE"	"df"	"asymp.LCL"	"asymp.UCL"
"500"	0.062317739633202	0.00497760764527515	Inf	0.0532457905984831	0.0728164757543731
"100"	0.061863887186884	0.00495890249572358	Inf	0.0528286695416829	0.0723263878718455
"50"	0.0616222273588428	0.00495070850176458	Inf	0.0526035910537166	0.0720694448516359
