"contrast"	"odds.ratio"	"SE"	"df"	"null"	"z.ratio"	"p.value"	"key"
"seurat / scvi"	0.66850789011928	0.0177542445612407	Inf	1	-15.16329570187	6.18844925969144e-52	"class"
"seurat / scvi"	0.656029720494548	0.0158904107996079	Inf	1	-17.4035018843399	7.76098926751435e-68	"family"
"seurat / scvi"	0.718737612360727	0.0326573965197045	Inf	1	-7.26847619076547	3.63565214426648e-13	"global"
"seurat / scvi"	0.655644926131369	0.013847465050577	Inf	1	-19.9871431358136	7.12606787630984e-89	"subclass"
