"method"	"response"	"SE"	"df"	"asymp.LCL"	"asymp.UCL"	"key"
"seurat"	0.786911244793343	0.0535930964912908	Inf	0.663734104636815	0.873562765666005	"class"
"scvi"	0.846721301472094	0.04149020790117	Inf	0.746974572353987	0.911789761011892	"class"
"seurat"	0.863317881563573	0.0236225008281806	Inf	0.810115201634122	0.903391665845986	"family"
"scvi"	0.905908809639135	0.0170719427224252	Inf	0.866703604585807	0.934455002622315	"family"
"seurat"	0.954982722337821	0.0159997503985889	Inf	0.910943668669166	0.977775434900406	"global"
"scvi"	0.967229459669015	0.0118092738137551	Inf	0.93429875252668	0.9839384207248	"global"
"seurat"	0.774530609193755	0.0498929265068386	Inf	0.662422343660401	0.857421607333804	"subclass"
"scvi"	0.839728406379906	0.0384584904025917	Inf	0.749535278393367	0.901702145414177	"subclass"
