"contrast"	"odds.ratio"	"SE"	"df"	"null"	"z.ratio"	"p.value"	"key"
"male / None"	0.294628040757618	0.187986196710265	Inf	1	-1.91528807833306	0.0554557751207632	"class"
"male / None"	0.228523475689884	0.0911254602930903	Inf	1	-3.70178909896718	0.000214084539566456	"family"
"male / None"	0.330546925994589	0.244974104482924	Inf	1	-1.49369928019268	0.13525423677002	"global"
"male / None"	0.298006396427603	0.170034690674837	Inf	1	-2.12179385359809	0.0338550530224325	"subclass"
