"sex"	"response"	"SE"	"df"	"asymp.LCL"	"asymp.UCL"	"key"
"male"	0.710278995293051	0.0758255635509417	Inf	0.543525535424107	0.834648193451871	"class"
"None"	0.89271523921616	0.049929438677589	Inf	0.749699361266186	0.958534847538409	"class"
"male"	0.788489002900999	0.0355645864071708	Inf	0.710513446106869	0.849898335719116	"family"
"None"	0.942239688566512	0.0183696599678419	Inf	0.893824350058511	0.969335380246465	"family"
"male"	0.935006913637135	0.0260412933796063	Inf	0.861328834710319	0.97086295991831	"global"
"None"	0.977539481962251	0.0133060932592313	Inf	0.929920985042607	0.993043397141707	"global"
"male"	0.698427422426852	0.0642452009872734	Inf	0.560204828988912	0.808090125303635	"subclass"
"None"	0.885994180579471	0.0487359341236122	Inf	0.751156744187268	0.95239901540738	"subclass"
