"1"	"response"	"SE"	"df"	"asymp.LCL"	"asymp.UCL"	"key"
"overall"	0.80247389507033	0.0505813379253135	Inf	0.68490207474691	0.883630111568826	"class"
"overall"	0.878550829065688	0.021287632345699	Inf	0.830298519297696	0.914496120104959	"family"
"overall"	0.957497240936865	0.0150969759721237	Inf	0.915882375493236	0.978996435884224	"global"
"overall"	0.790655252539335	0.0472302422322801	Inf	0.683437136889899	0.868544042935649	"subclass"
