"treatment_state"	"response"	"SE"	"df"	"asymp.LCL"	"asymp.UCL"	"key"
"no treatment"	0.814776128574103	0.0482319939291866	Inf	0.701605220288775	0.891653467884399	"class"
"treatment"	0.82261595057183	0.0466274526523427	Inf	0.712565847514893	0.896642748438508	"class"
"no treatment"	0.874584191715084	0.0219783192993325	Inf	0.824825434482666	0.911721580923029	"family"
"treatment"	0.897125446807083	0.0184730571274861	Inf	0.854877340726662	0.928108598970011	"family"
"no treatment"	0.963205300763539	0.0131909349926085	Inf	0.9265880561576	0.981914667070582	"global"
"treatment"	0.959868699209168	0.0143309435801012	Inf	0.920229662973948	0.980233616910878	"global"
"no treatment"	0.806552912339871	0.0445931661900818	Inf	0.704244719051793	0.87952475388073	"subclass"
"treatment"	0.81191718437942	0.0436251868745106	Inf	0.711483064297132	0.883132467231887	"subclass"
