"contrast"	"odds.ratio"	"SE"	"df"	"null"	"z.ratio"	"p.value"	"key"
"no treatment / treatment"	0.948546832121868	0.0212561503272631	Inf	1	-2.35725411330628	0.0184106434803783	"class"
"no treatment / treatment"	0.799657708539688	0.0201198148401403	Inf	1	-8.88580141330946	6.3461626528311e-19	"family"
"no treatment / treatment"	1.09447290298625	0.0394905828179443	Inf	1	2.50189321719537	0.0123531177492163	"global"
"no treatment / treatment"	0.965846370334553	0.0210772610839009	Inf	1	-1.59240988144355	0.111292637390491	"subclass"
