"method"	"response"	"SE"	"df"	"asymp.LCL"	"asymp.UCL"
"seurat"	0.775328645454523	0.0234835919031797	Inf	0.725999652454727	0.818003098012305
"scvi"	0.54797302698928	0.0332924746640913	Inf	0.4822701700883	0.612045245723566
