"contrast"	"odds.ratio"	"SE"	"df"	"null"	"z.ratio"	"p.value"
"seurat / scvi"	2.8467104458008	0.303503052333241	Inf	1	9.8125084515331	9.94647056266593e-23
