"contrast"	"odds.ratio"	"SE"	"df"	"null"	"z.ratio"	"p.value"
"subsample_ref500 / subsample_ref100"	0.822134993349046	0.0394462246182323	Inf	1	-4.08190371621129	0.000132187656721849
"subsample_ref500 / subsample_ref50"	0.669463555328851	0.0321443690722386	Inf	1	-8.35733825783801	3.1863400806742e-14
"subsample_ref100 / subsample_ref50"	0.814298820442768	0.0390586503574929	Inf	1	-4.2827818697421	5.48244871493297e-05
