"contrast"	"odds.ratio"	"SE"	"df"	"null"	"z.ratio"	"p.value"
"seurat / scvi"	1.2524906130427	0.0719757021230594	Inf	1	3.91768732672678	8.94025652033565e-05
