"contrast"	"odds.ratio"	"SE"	"df"	"null"	"z.ratio"	"p.value"
"subsample_ref500 / subsample_ref100"	1.03066238817492	0.0280328451471767	Inf	1	1.11040269601872	0.507610292440344
"subsample_ref500 / subsample_ref50"	1.08067013299084	0.0293782127921905	Inf	1	2.8538100669084	0.0120223619103217
"subsample_ref100 / subsample_ref50"	1.04852000557086	0.0284556974212599	Inf	1	1.74581953035014	0.188250526880886
