"contrast"	"odds.ratio"	"SE"	"df"	"null"	"z.ratio"	"p.value"
"subsample_ref500 / subsample_ref100"	0.941730128394235	0.0191224847063784	Inf	1	-2.95663524554134	0.00873378629890242
"subsample_ref500 / subsample_ref50"	1.00099921461721	0.020322436894089	Inf	1	0.049192607715156	0.998666728649432
"subsample_ref100 / subsample_ref50"	1.06293638106709	0.0205150465704736	Inf	1	3.16239042219385	0.00446182069132095
