"method"	"response"	"SE"	"df"	"asymp.LCL"	"asymp.UCL"	"key"
"seurat"	0.76031822425982	0.00374744460996368	Inf	0.752896503901348	0.767585845196621	"all"
"scvi"	0.684439456927783	0.00460170604933762	Inf	0.6753516048224	0.693388409887783	"all"
