"contrast"	"odds.ratio"	"SE"	"df"	"null"	"z.ratio"	"p.value"
"seurat / scvi"	1.46251796150217	0.0422308828891667	Inf	1	13.1654888087317	1.38637463700763e-39
