"contrast"	"odds.ratio"	"SE"	"df"	"null"	"z.ratio"	"p.value"
"seurat / scvi"	1.46254097916529	0.042231530993451	Inf	1	13.1660390047389	1.3763114980816e-39
