"method"	"response"	"SE"	"df"	"asymp.LCL"	"asymp.UCL"
"seurat"	0.760318329358454	0.00374744272931898	Inf	0.752896612708237	0.76758594663316
"scvi"	0.684442980660218	0.00460168143103415	Inf	0.675355175780422	0.693391884390928
