"contrast"	"odds.ratio"	"SE"	"df"	"null"	"z.ratio"	"p.value"	"key"
"subsample_ref500 / subsample_ref100"	1.10779971699692	0.019728430253814	Inf	1	5.74865273938621	2.69691506904479e-08	"all"
"subsample_ref500 / subsample_ref50"	1.3133356626631	0.023620255217768	Inf	1	15.1554744757285	0	"all"
"subsample_ref100 / subsample_ref50"	1.18553529353064	0.0212012952613729	Inf	1	9.51694045209893	2.4757973449141e-14	"all"
