"subsample_ref"	"response"	"SE"	"df"	"asymp.LCL"	"asymp.UCL"	"key"
"500"	0.709195147454377	0.00275095512501737	Inf	0.703774034649515	0.714557288930934	"all"
"100"	0.687638584945213	0.00281296077614994	Inf	0.68209890635943	0.693125160361138	"all"
"50"	0.649970170260535	0.00298014543557493	Inf	0.644106939528212	0.655788426504933	"all"
