"subsample_ref"	"response"	"SE"	"df"	"asymp.LCL"	"asymp.UCL"
"500"	0.709196592444586	0.00275094789115867	Inf	0.703775493680259	0.714558719610519
"100"	0.687640534898264	0.00281295167516424	Inf	0.682100873952335	0.693127092285162
"50"	0.649969647438479	0.00298014696456381	Inf	0.644106413780855	0.65578790674982
