"contrast"	"odds.ratio"	"SE"	"df"	"null"	"z.ratio"	"p.value"
"subsample_ref500 / subsample_ref100"	1.10779742174284	0.0197283990459701	Inf	1	5.74853357983662	2.69881563763619e-08
"subsample_ref500 / subsample_ref50"	1.31334788262471	0.0236204757378546	Inf	1	15.1559913463258	0
"subsample_ref100 / subsample_ref50"	1.18554878071344	0.0212015366862245	Inf	1	9.51757649451085	2.44249065417534e-14
