"contrast"	"odds.ratio"	"SE"	"df"	"null"	"z.ratio"	"p.value"
"seurat / scvi"	0.542297352815644	0.0236421778553771	Inf	1	-14.0365190339683	9.31782674268207e-45
