"method"	"response"	"SE"	"df"	"asymp.LCL"	"asymp.UCL"
"seurat"	0.810908688246598	0.0624710870241011	Inf	0.658678210954681	0.9050329560281
"scvi"	0.88774049186905	0.0405989922344705	Inf	0.780640768188113	0.946156591823902
