"subsample_ref"	"response"	"SE"	"df"	"asymp.LCL"	"asymp.UCL"
"500"	0.775451121129056	0.0724209519377671	Inf	0.604483955498602	0.886403474584493
"100"	0.777602288282673	0.0719254117261738	Inf	0.607445816542576	0.887644905526092
"50"	0.770601571205183	0.0735209756277367	Inf	0.597860478902219	0.883588889262467
