"contrast"	"odds.ratio"	"SE"	"df"	"null"	"z.ratio"	"p.value"
"subsample_ref500 / subsample_ref100"	0.987680141011237	0.0202169522143346	Inf	1	-0.605613339389749	0.817051206223188
"subsample_ref500 / subsample_ref50"	1.02802597003436	0.0209693242131025	Inf	1	1.35507844460589	0.364753732708053
"subsample_ref100 / subsample_ref50"	1.04084908397755	0.0210876783392704	Inf	1	1.97614328039583	0.118110779492627
