"method"	"response"	"SE"	"df"	"asymp.LCL"	"asymp.UCL"
"seurat"	0.324630903166151	0.0158157296115317	Inf	0.294431713460919	0.356363112135602
"scvi"	0.52107189525313	0.0185896732538713	Inf	0.484589348870113	0.557331049216905
