"contrast"	"odds.ratio"	"SE"	"df"	"null"	"z.ratio"	"p.value"
"subsample_ref100 / subsample_ref50"	0.930909571570392	0.0287866325647824	Inf	1	-2.31519738212063	0.0206021324680261
