"subsample_ref"	"response"	"SE"	"df"	"asymp.LCL"	"asymp.UCL"
"100"	0.214743569466181	0.00448643083997057	Inf	0.20608114177518	0.223667532977071
"50"	0.22706255387482	0.00458460427725085	Inf	0.21820263906555	0.236173540645382
