"contrast"	"odds.ratio"	"SE"	"df"	"null"	"z.ratio"	"p.value"
"seurat / scvi"	3.04443815860614	0.16703394558777	Inf	1	20.2918205138205	1.51866295575474e-91
