"method"	"response"	"SE"	"df"	"asymp.LCL"	"asymp.UCL"
"seurat"	0.563660049787337	0.0543961911073955	Inf	0.455752155716675	0.665859017221626
"scvi"	0.297906544989581	0.04611568074121	Inf	0.215950323525622	0.395285202812072
