"contrast"	"odds.ratio"	"SE"	"df"	"null"	"z.ratio"	"p.value"
"subsample_ref500 / subsample_ref100"	1.14479762608731	0.0307062371238611	Inf	1	5.04159954064673	1.38127834614643e-06
"subsample_ref500 / subsample_ref50"	1.17214899771252	0.0315399441150542	Inf	1	5.90307821144046	1.06982572800618e-08
"subsample_ref100 / subsample_ref50"	1.02389188359753	0.0262383232255331	Inf	1	0.921364075292646	0.626755477158069
