"subsample_ref"	"response"	"SE"	"df"	"asymp.LCL"	"asymp.UCL"
"500"	0.270554123825333	0.0431615307853627	Inf	0.194589802564341	0.362814747199468
"100"	0.244707609095416	0.0403639461973732	Inf	0.174354383966498	0.332032639472391
"50"	0.240370045597631	0.0399233271950672	Inf	0.17090982699871	0.326928338175657
