"method"	"response"	"SE"	"df"	"asymp.LCL"	"asymp.UCL"
"seurat"	0.847821475829745	0.0282493032615222	Inf	0.783889241909818	0.895365137658677
"scvi"	0.899267964995099	0.0198234650463906	Inf	0.853235018656459	0.932013103558402
