"method"	"cutoff"	"response"	"SE"	"df"	"asymp.LCL"	"asymp.UCL"
"seurat"	0	0.821731477625864	0.0428382118065187	Inf	0.722112397003604	0.891027655579134
"scvi"	0	0.797831830203395	0.0471672849648229	Inf	0.689900150175432	0.875003635388763
