"subsample_ref"	"response"	"SE"	"df"	"asymp.LCL"	"asymp.UCL"
"500"	0.814633473341457	0.0441574973127077	Inf	0.712440272326389	0.886304918159271
"100"	0.815523138459928	0.0439935106181296	Inf	0.713648129036439	0.886898294463768
"50"	0.799740304508858	0.0468323389881089	Inf	0.692438497521362	0.876294638796933
