"contrast"	"odds.ratio"	"SE"	"df"	"null"	"z.ratio"	"p.value"
"subsample_ref500 / subsample_ref100"	0.99411483066501	0.0113649362332526	Inf	1	-0.516308893673847	0.863390752226538
"subsample_ref500 / subsample_ref50"	1.10046315590296	0.0124420921511451	Inf	1	8.46711255412271	2.88657986402541e-14
"subsample_ref100 / subsample_ref50"	1.10697790834366	0.0124002988769268	Inf	1	9.07286660252075	3.9190872769268e-14
