"treatment_state"	"response"	"SE"	"df"	"asymp.LCL"	"asymp.UCL"
"No treatment"	0.809385007658896	0.0451327864899905	Inf	0.705298517840965	0.882816874418058
"treatment"	0.810751649673909	0.0449071950526521	Inf	0.707082316247522	0.883761975766563
