"contrast"	"odds.ratio"	"SE"	"df"	"null"	"z.ratio"	"p.value"
"No treatment / treatment"	0.991156791367029	0.0245127835935132	Inf	1	-0.359159197797125	0.719475998381645
