"subsample_ref"	"response"	"SE"	"df"	"asymp.LCL"	"asymp.UCL"
"500"	0.429356724253579	0.142701527793525	Inf	0.193719098284652	0.702048270741549
"100"	0.421973336260638	0.142064952077327	Inf	0.189042031241273	0.69569716971455
"50"	0.410461589247297	0.140941565838313	Inf	0.181885112039741	0.685575036366827
