"contrast"	"odds.ratio"	"SE"	"df"	"null"	"z.ratio"	"p.value"
"seurat / scvi"	0.374637192745295	0.0126756515205967	Inf	1	-29.0176602761378	3.93951718033631e-185
