"method"	"response"	"SE"	"df"	"asymp.LCL"	"asymp.UCL"
"seurat"	0.108614066672182	0.00243447415344651	Inf	0.103933809125085	0.113478391095481
"scvi"	0.24542202382202	0.00484617094648222	Inf	0.236048154605818	0.25504386949116
