"subsample_ref"	"response"	"SE"	"df"	"asymp.LCL"	"asymp.UCL"	"key"
"500"	0.15096383992525	0.00217761183976237	Inf	0.146745219891305	0.155281665704074	"all"
"100"	0.142598044462643	0.00206589893835057	Inf	0.138596683970086	0.146695253309882	"all"
"50"	0.13933160418903	0.00206191915054015	Inf	0.135339220765433	0.143422224363591	"all"
