"contrast"	"odds.ratio"	"SE"	"df"	"null"	"z.ratio"	"p.value"
"subsample_ref500 / subsample_ref100"	1.0690841532681	0.0216698626728102	Inf	1	3.29569851568678	0.00282247457816553
"subsample_ref500 / subsample_ref50"	1.09833070819742	0.0223482036116253	Inf	1	4.60950126097876	1.20395435182497e-05
"subsample_ref100 / subsample_ref50"	1.0273566443202	0.0207995453193876	Inf	1	1.33308063172458	0.376750833553774
