"subsample_ref"	"response"	"SE"	"df"	"asymp.LCL"	"asymp.UCL"
"500"	0.150961330246919	0.00217758504514615	Inf	0.146742762536967	0.155279103329865
"100"	0.142597270573184	0.00206588869345068	Inf	0.13859593000427	0.146694459187412
"50"	0.139329211744319	0.00206189252443808	Inf	0.135336880265359	0.143419779502684
