"method"	"response"	"SE"	"df"	"asymp.LCL"	"asymp.UCL"
"seurat"	0.5510276530316	0.0317702669852525	Inf	0.488284119194781	0.61218818000967
"scvi"	0.818665477103469	0.0187764107970287	Inf	0.778928597270133	0.852611296462361
