"contrast"	"odds.ratio"	"SE"	"df"	"null"	"z.ratio"	"p.value"
"subsample_ref500 / subsample_ref100"	0.956466738079718	0.0656504882524987	Inf	1	-0.648458723622293	0.793241036156129
"subsample_ref500 / subsample_ref50"	1.27474855828396	0.0892739014445647	Inf	1	3.4662299843056	0.00153085105917294
"subsample_ref100 / subsample_ref50"	1.33276831021145	0.0936719225001407	Inf	1	4.08712275755114	0.000129264253346362
