"contrast"	"odds.ratio"	"SE"	"df"	"null"	"z.ratio"	"p.value"
"seurat / scvi"	1.26452487690954	0.28639857458779	Inf	1	1.03624647202875	0.300087171337409
