"method"	"response"	"SE"	"df"	"asymp.LCL"	"asymp.UCL"
"seurat"	0.0256563867572041	0.00488826437663527	Inf	0.0176323049989123	0.0371938009588312
"scvi"	0.0203988304562575	0.00403037969895945	Inf	0.013830124379206	0.0299925011831473
