"contrast"	"odds.ratio"	"SE"	"df"	"null"	"z.ratio"	"p.value"
"subsample_ref500 / subsample_ref100"	0.952413304334224	0.109393317878767	Inf	1	-0.424487069898767	0.905465767898668
"subsample_ref500 / subsample_ref50"	0.939604593175769	0.110023625005092	Inf	1	-0.532010622126988	0.855599804996826
"subsample_ref100 / subsample_ref50"	0.986551310129578	0.112475872077584	Inf	1	-0.118761898362543	0.992254229107952
