"subsample_ref"	"response"	"SE"	"df"	"asymp.LCL"	"asymp.UCL"
"500"	0.0259922850517771	0.00380911528821153	Inf	0.0194834705554922	0.0345987635809127
"100"	0.0272555757751649	0.00390664838204835	Inf	0.0205593864938225	0.0360524339943346
"50"	0.0276168633955687	0.0039484577786837	Inf	0.0208464805023656	0.0365041111172832
