"method"	"response"	"SE"	"df"	"asymp.LCL"	"asymp.UCL"
"seurat"	0.124038256390434	0.0141273852458116	Inf	0.0988940955755519	0.154479435526395
"scvi"	0.141784199702391	0.0157006541054644	Inf	0.113704732542221	0.175425409049828
