"contrast"	"odds.ratio"	"SE"	"df"	"null"	"z.ratio"	"p.value"
"seurat / scvi"	0.857115172677893	0.0549179115164874	Inf	1	-2.4063655541008	0.0161121333543723
