"subsample_ref"	"response"	"SE"	"df"	"asymp.LCL"	"asymp.UCL"
"500"	0.14811309837951	0.0156443803018718	Inf	0.119993525713067	0.181463456500492
"100"	0.141957868232982	0.0150940356162439	Inf	0.114863304468803	0.174185915950195
"50"	0.170803981064361	0.0175623203548759	Inf	0.139076880718935	0.208020042691049
