"contrast"	"odds.ratio"	"SE"	"df"	"null"	"z.ratio"	"p.value"
"subsample_ref500 / subsample_ref100"	1.05089825419619	0.0334899343620189	Inf	1	1.55784529433949	0.26411839379825
"subsample_ref500 / subsample_ref50"	0.844054997803188	0.0271086975846696	Inf	1	-5.27871461771548	3.89613644791176e-07
"subsample_ref100 / subsample_ref50"	0.803174802539554	0.0257750722018763	Inf	1	-6.82993950729878	2.55077070576704e-11
