"contrast"	"odds.ratio"	"SE"	"df"	"null"	"z.ratio"	"p.value"
"seurat / scvi"	0.538403975146633	0.0278451365318329	Inf	1	-11.9715962043995	5.00562508364258e-33
