"method"	"response"	"SE"	"df"	"asymp.LCL"	"asymp.UCL"
"seurat"	0.738553441274818	0.0799528278760328	Inf	0.556485405371074	0.864129086741864
"scvi"	0.83991687043976	0.0556594887209437	Inf	0.699783039347138	0.921936549468658
