"contrast"	"odds.ratio"	"SE"	"df"	"null"	"z.ratio"	"p.value"
"subsample_ref500 / subsample_ref100"	1.10937878501099	0.0272903178050382	Inf	1	4.21958244321977	7.26242666909682e-05
"subsample_ref500 / subsample_ref50"	1.0718694475791	0.0271009763104851	Inf	1	2.74500508912501	0.0166630282426341
"subsample_ref100 / subsample_ref50"	0.966188881616735	0.0236296201212949	Inf	1	-1.40641149046693	0.337537166603042
