"method"	"response"	"SE"	"df"	"asymp.LCL"	"asymp.UCL"
"seurat"	0.121243867766387	0.00857512522945792	Inf	0.105415449626596	0.139079467936663
"scvi"	0.228960100875986	0.0150796754083783	Inf	0.200750413626222	0.259845086580889
