"contrast"	"odds.ratio"	"SE"	"df"	"null"	"z.ratio"	"p.value"
"seurat / scvi"	0.464631294777478	0.0456366070107473	Inf	1	-7.80393349299223	6.00068242034239e-15
