"subsample_ref"	"response"	"SE"	"df"	"asymp.LCL"	"asymp.UCL"
"500"	0.121667237611599	0.00644555495759232	Inf	0.109588467571109	0.134875660197006
"100"	0.129102956463286	0.00675696326851796	Inf	0.116427933496134	0.142934634859489
"50"	0.125962582446923	0.00662111562647673	Inf	0.113547178785724	0.139521839035561
