"contrast"	"odds.ratio"	"SE"	"df"	"null"	"z.ratio"	"p.value"
"subsample_ref500 / subsample_ref100"	0.93442660185679	0.0428598145687673	Inf	1	-1.4786546912279	0.301188241324023
"subsample_ref500 / subsample_ref50"	0.961176257585628	0.0440132044402836	Inf	1	-0.864743989834468	0.662570401833696
"subsample_ref100 / subsample_ref50"	1.02862681314475	0.0469198903176003	Inf	1	0.618771810113775	0.809837218652475
