"method"	"response"	"SE"	"df"	"asymp.LCL"	"asymp.UCL"
"seurat"	0.399898688593488	0.0383187005622246	Inf	0.327647593617358	0.476784076140659
"scvi"	0.412900813506188	0.0396027474390704	Inf	0.338008295574608	0.492053128717244
