"method"	"response"	"SE"	"df"	"asymp.LCL"	"asymp.UCL"
"seurat"	0.399905175431	0.0383190258367071	Inf	0.327653336211966	0.476791059488834
"scvi"	0.412890124963098	0.039602434801874	Inf	0.337998444871406	0.492042091372792
