"subsample_ref"	"response"	"SE"	"df"	"asymp.LCL"	"asymp.UCL"
"500"	0.283225700880452	0.0199512500505259	Inf	0.245800318799396	0.323902199249961
"100"	0.317723051302173	0.0209905132438002	Inf	0.278072972467996	0.360205891017531
"50"	0.33400467238958	0.0214150107062061	Inf	0.293423406511275	0.37720223480196
