"contrast"	"odds.ratio"	"SE"	"df"	"null"	"z.ratio"	"p.value"	"key"
"subsample_ref500 / subsample_ref100"	0.848520246126231	0.111825661756749	Inf	1	-1.24639608611849	0.42582192779456	"all"
"subsample_ref500 / subsample_ref50"	0.787895963583294	0.104069024469013	Inf	1	-1.80482048441113	0.167959238167077	"all"
"subsample_ref100 / subsample_ref50"	0.92855293339233	0.122318181754957	Inf	1	-0.562726398794027	0.83990374373418	"all"
