"contrast"	"odds.ratio"	"SE"	"df"	"null"	"z.ratio"	"p.value"
"subsample_ref500 / subsample_ref100"	0.848476476681546	0.111820002734889	Inf	1	-1.24678628527839	0.425595053282376
"subsample_ref500 / subsample_ref50"	0.787855051659197	0.104063759590821	Inf	1	-1.80521120698575	0.167830358797489
"subsample_ref100 / subsample_ref50"	0.928552615554595	0.122318051420824	Inf	1	-0.562729404233478	0.839902179513346
