"contrast"	"odds.ratio"	"SE"	"df"	"null"	"z.ratio"	"p.value"
"seurat / scvi"	0.999977202570619	0.000380035801892201	Inf	1	-0.0599868996674432	0.952166068451302
