name	mean duration (hours)	std duration (hours)	mean realtime (hours)	std realtime (hours)	mean %cpu	std %cpu	mean peak virtual memory (GB)	std peak virtual memory (GB)
SCVI Random Forest	0.017601702508960575	0.004432821686749793	0.0028039625647152525	0.0008937535671089467	131.9384109916368	19.695351605648742	0.013187268985215054	0.0012028026209950045
SCVI pre-process query	0.016945937873357228	0.0062719169190599295	0.0034345878136200717	0.000851496810186642	176.30860215053764	33.86635369393866	0.01983156922043011	0.0010532183071337634
Seurat TransferData	0.020067370237621132	0.005249045675749308	0.004549830744723218	0.001957886594809876	297.371266427718	55.242907934916424	0.02020049283154122	0.01700375936140665
Seurat pre-process query	0.028882915173237756	0.004114578748689842	0.006523297491039427	0.002044227235086915	434.71505376344084	92.47845568865863	0.02795803931451613	0.017922489130407785
Seurat pre-process reference	0.04654320987654321	0.0266021983965388	0.030098765432098766	0.02594588438861616	597.5166666666667	342.39097636956024	0.026079644097222222	0.017515503507919545
