name	mean duration (hours)	std duration (hours)	mean realtime (hours)	std realtime (hours)	mean %cpu	std %cpu	mean peak virtual memory (GB)	std peak virtual memory (GB)
SCVI Random Forest	0.018179669454400638	0.005600239164985736	0.003091278375149343	0.001212463536956027	127.43354838709676	21.933528202763963	0.013054715501792113	0.0012445048977845858
SCVI pre-process query	0.018478195937873358	0.007079710287029197	0.0032936081242532856	0.0007616311270522908	180.57849462365593	34.76312007201259	0.01975701444892473	0.001524838145338356
Seurat TransferData	0.02058721624850657	0.006117631231690384	0.005011668657905217	0.002420901579911819	282.0194982078853	58.60251558268245	0.019306185595878135	0.01622212692801865
Seurat pre-process query	0.026208183990442054	0.0037355931482248037	0.006405615292712066	0.0017089469533340287	443.0129032258065	134.6097264090553	0.028518775201612903	0.0187581697174671
Seurat pre-process reference	0.06874074074074074	0.05078314647841574	0.048992592592592595	0.052722714867512295	416.18	150.32832280929455	0.03046875	0.016756940570424095
