"method"	"response"	"SE"	"df"	"asymp.LCL"	"asymp.UCL"
"seurat"	0.223835713162792	0.0402453623220853	Inf	0.154794936044119	0.312292003143749
"scvi"	0.254158477237446	0.0441067104709807	Inf	0.177614507375156	0.349663980497755
