"contrast"	"odds.ratio"	"SE"	"df"	"null"	"z.ratio"	"p.value"
"seurat / scvi"	0.846287023907075	0.0914258109758135	Inf	1	-1.54488666165891	0.122373680311011
