"subsample_ref"	"response"	"SE"	"df"	"asymp.LCL"	"asymp.UCL"
"500"	0.299816239642543	0.0468130713765066	Inf	0.216659565230992	0.398646943279221
"100"	0.257991723986047	0.0426865187903772	Inf	0.183400567829177	0.349920255464309
"50"	0.251183368407694	0.0419414616422435	Inf	0.178088070570336	0.341803663187537
