"contrast"	"odds.ratio"	"SE"	"df"	"null"	"z.ratio"	"p.value"
"subsample_ref500 / subsample_ref100"	1.23153311353112	0.0613721982258375	Inf	1	4.1790726188391	8.67870328771225e-05
"subsample_ref500 / subsample_ref50"	1.27652028558931	0.063541242837235	Inf	1	4.90463993142003	2.79836052918814e-06
"subsample_ref100 / subsample_ref50"	1.03652940514868	0.0512708548800627	Inf	1	0.725336549224145	0.748457421123782
