"method"	"response"	"SE"	"df"	"asymp.LCL"	"asymp.UCL"
"seurat"	0.302804542312946	0.0943001158929919	Inf	0.153234737558278	0.510372508178871
"scvi"	0.302837651067045	0.0943022921621307	Inf	0.153259491398095	0.510403216220267
