"contrast"	"odds.ratio"	"SE"	"df"	"null"	"z.ratio"	"p.value"
"subsample_ref500 / subsample_ref100"	0.999990608049919	8.33949353304345e-05	Inf	1	-0.112619620593279	0.99303197441835
"subsample_ref500 / subsample_ref50"	1.0000111302846	8.33975025521796e-05	Inf	1	0.133461389163565	0.990228188528159
"subsample_ref100 / subsample_ref50"	1.00002052242743	8.33978942835115e-05	Inf	1	0.246081009458513	0.967169100278072
