"method"	"response"	"SE"	"df"	"asymp.LCL"	"asymp.UCL"
"seurat"	0.389621966581138	0.12170164713562	Inf	0.189708633747556	0.635086628820538
"scvi"	0.58979828554547	0.123777348798846	Inf	0.345335084147172	0.796712305288063
