"contrast"	"odds.ratio"	"SE"	"df"	"null"	"z.ratio"	"p.value"
"subsample_ref500 / subsample_ref100"	1.05675322111513	0.0243137290804221	Inf	1	2.39922287518525	0.0433762822960232
"subsample_ref500 / subsample_ref50"	1.1590062399854	0.0265118432691433	Inf	1	6.45094255097605	3.33446048550456e-10
"subsample_ref100 / subsample_ref50"	1.09676149249148	0.0252772078891192	Inf	1	4.00751538359268	0.000181283934488463
