"subsample_ref"	"response"	"SE"	"df"	"asymp.LCL"	"asymp.UCL"
"500"	0.401498132855096	0.12280752060763	Inf	0.197674085968549	0.646214737686418
"100"	0.388308493663066	0.121391490891793	Inf	0.18906403243977	0.633496731697908
"50"	0.36660954102366	0.118674191751597	Inf	0.175307369262823	0.611801362782445
