"method"	"response"	"SE"	"df"	"asymp.LCL"	"asymp.UCL"
"seurat"	0.790551227695813	0.0208011635274852	Inf	0.746877702074143	0.828420456797133
"scvi"	0.912348482634209	0.0100422382933915	Inf	0.8905651218122	0.9301359552201
