"contrast"	"odds.ratio"	"SE"	"df"	"null"	"z.ratio"	"p.value"
"seurat / scvi"	0.362619273118904	0.0103323169771635	Inf	1	-35.6010810432149	1.34801108605947e-277
