"subsample_ref"	"response"	"SE"	"df"	"asymp.LCL"	"asymp.UCL"
"100"	0.895889987774762	0.0115856459070771	Inf	0.870896990292735	0.916508449756621
"50"	0.893959474554196	0.011775638486876	Inf	0.868569631926829	0.91492490453205
