"contrast"	"odds.ratio"	"SE"	"df"	"null"	"z.ratio"	"p.value"
"subsample_ref100 / subsample_ref50"	1.02074256458776	0.00955998706243048	Inf	1	2.19207612441324	0.0283740104037339
