"method"	"response"	"SE"	"df"	"asymp.LCL"	"asymp.UCL"
"seurat"	0.860005031179479	0.0210391283615594	Inf	0.81348719727503	0.896398494818435
"scvi"	0.856196476150127	0.0215617965114167	Inf	0.808581308660879	0.893527059366784
