"subsample_ref"	"response"	"SE"	"df"	"asymp.LCL"	"asymp.UCL"
"500"	0.848359168018404	0.0222246535151164	Inf	0.799502702467257	0.886993216609006
"100"	0.836442399343293	0.0236276486357969	Inf	0.7847373180878	0.877664259265345
"50"	0.831156994156682	0.0242338613627402	Inf	0.778231767213931	0.873504573229652
