"method"	"response"	"SE"	"df"	"asymp.LCL"	"asymp.UCL"
"seurat"	0.498048319053715	0.0453240779756137	Inf	0.410198120500543	0.58601918419601
"scvi"	0.86264046451455	0.0213785224101137	Inf	0.815142230796198	0.899439876374925
