"contrast"	"odds.ratio"	"SE"	"df"	"null"	"z.ratio"	"p.value"
"seurat / scvi"	0.157993257386449	0.0105061154708138	Inf	1	-27.7485642469848	1.81339692138146e-169
