"subsample_ref"	"response"	"SE"	"df"	"asymp.LCL"	"asymp.UCL"
"500"	0.623109147805336	0.0414632764779669	Inf	0.539100388097668	0.700317578931684
"100"	0.56927216550688	0.0433332438799171	Inf	0.483133235453329	0.651413252061134
"50"	0.529360617176564	0.0439985132109362	Inf	0.443107996324024	0.613894698911617
