"contrast"	"odds.ratio"	"SE"	"df"	"null"	"z.ratio"	"p.value"
"subsample_ref500 / subsample_ref100"	1.25092571049929	0.0400890773318513	Inf	1	6.98599412362192	8.50808312691242e-12
"subsample_ref500 / subsample_ref50"	1.46989112785021	0.0458095756219874	Inf	1	12.3595320194733	0
"subsample_ref100 / subsample_ref50"	1.1750427027865	0.0380667457210762	Inf	1	4.97914019170391	1.91029443263879e-06
