"method"	"response"	"SE"	"df"	"asymp.LCL"	"asymp.UCL"
"seurat"	0.827410803733273	0.0374765233051737	Inf	0.741354539841392	0.889117028145952
"scvi"	0.889587901327892	0.0257866147702205	Inf	0.82806534486771	0.930932316737867
