"sex"	"response"	"SE"	"df"	"asymp.LCL"	"asymp.UCL"
"male"	0.814469213579853	0.0422973271063484	Inf	0.71721675396492	0.883698931305278
"None"	0.897946191551176	0.0405757253966634	Inf	0.786973758718671	0.954455029551886
