"contrast"	"odds.ratio"	"SE"	"df"	"null"	"z.ratio"	"p.value"
"male / None"	0.498927671015218	0.26113404459857	Inf	1	-1.32844220780643	0.184032063648067
