"subsample_ref"	"response"	"SE"	"df"	"asymp.LCL"	"asymp.UCL"
"500"	0.861399520232924	0.0312970418785172	Inf	0.788044323244154	0.912196060715959
"100"	0.857049438274231	0.032117213419498	Inf	0.781972202765148	0.909273536402142
"50"	0.845342972933438	0.0342731454274286	Inf	0.765796516229403	0.901352082130182
