"contrast"	"odds.ratio"	"SE"	"df"	"null"	"z.ratio"	"p.value"
"subsample_ref500 / subsample_ref100"	1.03662071599802	0.0150661271652639	Inf	1	2.47463833733219	0.0355793679950744
"subsample_ref500 / subsample_ref50"	1.13704225067656	0.0164134391602742	Inf	1	8.89702395259545	2.14273043752655e-14
"subsample_ref100 / subsample_ref50"	1.09687394157647	0.0156159586204909	Inf	1	6.49474315200542	2.49517406736288e-10
