"1"	"response"	"SE"	"df"	"asymp.LCL"	"asymp.UCL"
"overall"	0.848418296574591	0.0336708720620837	Inf	0.770139216108508	0.903383756572014
