"contrast"	"odds.ratio"	"SE"	"df"	"null"	"z.ratio"	"p.value"
"no treatment / treatment"	1.16218522532678	0.0329455285604933	Inf	1	5.30204938391639	1.14509853176811e-07
