"treatment_state"	"response"	"SE"	"df"	"asymp.LCL"	"asymp.UCL"
"no treatment"	0.870130589390943	0.0296806808072048	Inf	0.800164571340685	0.918107308914962
"treatment"	0.852181182679815	0.0330532830609737	Inf	0.77513381573202	0.906029715630603
