"contrast"	"odds.ratio"	"SE"	"df"	"null"	"z.ratio"	"p.value"
"seurat / scvi"	0.580128787100312	0.0348204962349327	Inf	1	-9.07175796865941	1.1711200694298e-19
