"method"	"response"	"SE"	"df"	"asymp.LCL"	"asymp.UCL"
"seurat"	0.596200041616849	0.0593282726742742	Inf	0.476679872387214	0.705299205792462
"scvi"	0.717918861486397	0.0498415573385979	Inf	0.611062528217641	0.804795880282071
