"contrast"	"odds.ratio"	"SE"	"df"	"null"	"z.ratio"	"p.value"
"seurat / scvi"	0.70428505476003	0.0563570524579853	Inf	1	-4.38104333139351	1.18112377150027e-05
