"method"	"response"	"SE"	"df"	"asymp.LCL"	"asymp.UCL"
"seurat"	0.582227285484064	0.0177844762058954	Inf	0.547015676169168	0.616620115027537
"scvi"	0.66429542919248	0.0163844794264306	Inf	0.631462373733872	0.695613383445128
