"contrast"	"odds.ratio"	"SE"	"df"	"null"	"z.ratio"	"p.value"
"subsample_ref500 / subsample_ref100"	0.869713197609442	0.0350221362949083	Inf	1	-3.46651649048603	0.00152924096990481
"subsample_ref500 / subsample_ref50"	0.779745277854128	0.0307212000936926	Inf	1	-6.31457272502483	8.12589329157731e-10
"subsample_ref100 / subsample_ref50"	0.896554496352813	0.0354283601677113	Inf	1	-2.76333263879973	0.0157849194669276
