"subsample_ref"	"response"	"SE"	"df"	"asymp.LCL"	"asymp.UCL"
"500"	0.484407615466225	0.0140945864784595	Inf	0.45685832648651	0.512051996085299
"100"	0.519290922488542	0.0142796596793818	Inf	0.491272047587693	0.547188984113933
"50"	0.546465097666283	0.0138248098006918	Inf	0.519257851170386	0.573397589647657
