"method"	"response"	"SE"	"df"	"asymp.LCL"	"asymp.UCL"
"seurat"	0.113567447593633	0.00853893129005056	Inf	0.0978756610529955	0.131408538582401
"scvi"	0.516014829004208	0.0214311040912423	Inf	0.473996462782875	0.55780797763018
