"contrast"	"odds.ratio"	"SE"	"df"	"null"	"z.ratio"	"p.value"
"subsample_ref500 / subsample_ref100"	2.33474110173156	0.1386882942969	Inf	1	14.2739467889345	0
"subsample_ref500 / subsample_ref50"	1.85532883407902	0.109889360430444	Inf	1	10.4351153875751	3.04201108747293e-14
"subsample_ref100 / subsample_ref50"	0.794661486321982	0.044121285684245	Inf	1	-4.13959486700626	0.000103082042358649
