"contrast"	"odds.ratio"	"SE"	"df"	"null"	"z.ratio"	"p.value"
"control / disease"	1.02910859528063	0.00414957816517936	Inf	1	7.11595188687182	1.1114306454376e-12
