"method"	"response"	"SE"	"df"	"asymp.LCL"	"asymp.UCL"
"seurat"	0.972318295383406	0.00705388104019109	Inf	0.954577118767765	0.983251735608223
"scvi"	0.980966686086816	0.00489326464056	Inf	0.968589080799381	0.988524629386746
