"contrast"	"odds.ratio"	"SE"	"df"	"null"	"z.ratio"	"p.value"
"False / True"	0.858538590656629	0.00702585471886335	Inf	1	-18.6379370730878	1.58225996697591e-77
