"region_match"	"response"	"SE"	"df"	"asymp.LCL"	"asymp.UCL"
"False"	0.975262051719099	0.00632206602849471	Inf	0.95933104555806	0.985049753225608
"True"	0.978686932412515	0.00546792901076997	Inf	0.964875719964149	0.987139822455127
