"contrast"	"odds.ratio"	"SE"	"df"	"null"	"z.ratio"	"p.value"
"female / male"	0.960741563245362	0.00479120434657255	Inf	1	-8.03086958114379	4.2410519540681e-14
"female / None"	0.778443377817815	0.404735395028179	Inf	1	-0.481717611260985	0.879963953904278
"male / None"	0.81025262942539	0.421266446807165	Inf	1	-0.404695418240646	0.913689423423851
