"contrast"	"odds.ratio"	"SE"	"df"	"null"	"z.ratio"	"p.value"
"subsample_ref500 / subsample_ref100"	1.00002168529821	0.000174760424004693	Inf	1	0.124087209446243	0.991547043637184
"subsample_ref500 / subsample_ref50"	0.999978276706005	0.000174761180435955	Inf	1	-0.124301392266389	0.99151796288072
"subsample_ref100 / subsample_ref50"	0.999956592349101	0.000175603589691744	Inf	1	-0.247185771369499	0.966878639857789
