"contrast"	"odds.ratio"	"SE"	"df"	"null"	"z.ratio"	"p.value"
"subsample_ref500 / subsample_ref100"	0.759278566593808	0.0220677371599668	Inf	1	-9.47514936375655	2.59792187762287e-14
"subsample_ref500 / subsample_ref50"	0.677579768664026	0.0200817034743282	Inf	1	-13.1330001005852	0
"subsample_ref100 / subsample_ref50"	0.892399441358801	0.0260355905817969	Inf	1	-3.90204475301769	0.000281049415506884
