"contrast"	"odds.ratio"	"SE"	"df"	"null"	"z.ratio"	"p.value"
"seurat / scvi"	0.627903516608873	0.0926820074417995	Inf	1	-3.15278757087427	0.00161719445492803
