"subsample_ref"	"response"	"SE"	"df"	"asymp.LCL"	"asymp.UCL"
"500"	0.146934617371286	0.0462713518900508	Inf	0.0771031047125602	0.262053431872798
"100"	0.141505243182056	0.0448618266181861	Inf	0.0740117547435141	0.253685838852206
"50"	0.142746355765441	0.0452250320181994	Inf	0.0746734961062957	0.255725061586088
