"contrast"	"odds.ratio"	"SE"	"df"	"null"	"z.ratio"	"p.value"
"subsample_ref500 / subsample_ref100"	1.04497745972207	0.072622793409878	Inf	1	0.633053493458807	0.801907058568878
"subsample_ref500 / subsample_ref50"	1.03439429819222	0.0735026170704624	Inf	1	0.475889383278792	0.882673196742364
"subsample_ref100 / subsample_ref50"	0.989872354249002	0.069482467345832	Inf	1	-0.145017693222988	0.988472947550221
