"contrast"	"odds.ratio"	"SE"	"df"	"null"	"z.ratio"	"p.value"
"female / male"	1.10476205419091	0.0425049630028546	Inf	1	2.58951918548849	0.0260138847446358
"female / None"	0.83385994239687	0.489048852579069	Inf	1	-0.309792910520442	0.948473694756567
"male / None"	0.75478691473302	0.441932620581198	Inf	1	-0.480472577259833	0.880544768905064
