"sex"	"response"	"SE"	"df"	"asymp.LCL"	"asymp.UCL"
"female"	0.814785981425734	0.0492880210029853	Inf	0.698734253540154	0.892980071183588
"male"	0.799277283738566	0.0521142609015118	Inf	0.678114208531524	0.882720439195553
"None"	0.840654143254224	0.0652701093056039	Inf	0.669981470866377	0.932017756950052
