"subsample_ref"	"response"	"SE"	"df"	"asymp.LCL"	"asymp.UCL"
"500"	0.817269594598903	0.0404763523067464	Inf	0.724468938147707	0.883826476177411
"100"	0.821159536291713	0.0398039316685183	Inf	0.72967919106934	0.886497253578197
"50"	0.818188130631941	0.0403183207670351	Inf	0.725696947195958	0.884457975681899
