"contrast"	"odds.ratio"	"SE"	"df"	"null"	"z.ratio"	"p.value"
"subsample_ref500 / subsample_ref100"	0.974075837617396	0.0138800407900908	Inf	1	-1.8433079313143	0.155606463369324
"subsample_ref500 / subsample_ref50"	0.993856268815444	0.0139605675564584	Inf	1	-0.438722829466204	0.899356774185664
"subsample_ref100 / subsample_ref50"	1.02030686978791	0.0142617589451103	Inf	1	1.43822881130423	0.321239145287022
