"1"	"response"	"SE"	"df"	"asymp.LCL"	"asymp.UCL"
"overall"	0.818878367162689	0.0401811407873253	Inf	0.726668239024675	0.884907785047498
