"treatment_state"	"response"	"SE"	"df"	"asymp.LCL"	"asymp.UCL"
"no treatment"	0.841031784557915	0.0362433191175892	Inf	0.756688400700755	0.900001543376916
"treatment"	0.794392445089654	0.0443358263570848	Inf	0.694148746496555	0.868027435115002
