"method"	"response"	"SE"	"df"	"asymp.LCL"	"asymp.UCL"
"seurat"	0.389923442229683	0.0353725616971276	Inf	0.323206401098372	0.461030979153728
"scvi"	0.544279646862393	0.0369126752564607	Inf	0.471507451608962	0.615208929809007
