"contrast"	"odds.ratio"	"SE"	"df"	"null"	"z.ratio"	"p.value"
"seurat / scvi"	0.535144836266405	0.0327633116606274	Inf	1	-10.2120965574431	1.75041101477288e-24
