"subsample_ref"	"response"	"SE"	"df"	"asymp.LCL"	"asymp.UCL"
"500"	0.223377334971534	0.0251270678380294	Inf	0.177997188755144	0.276436275929486
"100"	0.214963948949713	0.0243901523553476	Inf	0.171003241159854	0.266591586489284
"50"	0.173940235955839	0.0208695315207806	Inf	0.136740506720808	0.218696219504414
