"contrast"	"odds.ratio"	"SE"	"df"	"null"	"z.ratio"	"p.value"
"subsample_ref500 / subsample_ref100"	1.05039589044015	0.0295132804831073	Inf	1	1.74988859780507	0.186797802542433
"subsample_ref500 / subsample_ref50"	1.36596778924886	0.0406524863050835	Inf	1	10.478942322342	2.73114864057789e-14
"subsample_ref100 / subsample_ref50"	1.30043139132663	0.0374941253486479	Inf	1	9.11124570034069	3.75255382323303e-14
