"method"	"response"	"SE"	"df"	"asymp.LCL"	"asymp.UCL"
"seurat"	0.922818012694492	0.016902818977104	Inf	0.882480770147732	0.950092917543974
"scvi"	0.947197159825117	0.0118689776709957	Inf	0.91847639966879	0.966172258301978
