"contrast"	"odds.ratio"	"SE"	"df"	"null"	"z.ratio"	"p.value"
"seurat / scvi"	0.666525857475298	0.0263083461036115	Inf	1	-10.2778704565123	8.8664985316654e-25
