"contrast"	"odds.ratio"	"SE"	"df"	"null"	"z.ratio"	"p.value"
"subsample_ref500 / subsample_ref100"	0.939580941358023	0.0183562310819696	Inf	1	-3.18997483902381	0.00406439427872896
"subsample_ref500 / subsample_ref50"	1.00941425929829	0.0185820420557993	Inf	1	0.509009451074658	0.866956753834719
"subsample_ref100 / subsample_ref50"	1.07432389788509	0.0208028432109248	Inf	1	3.70237494970287	0.000625473508402585
