"subsample_ref"	"response"	"SE"	"df"	"asymp.LCL"	"asymp.UCL"
"500"	0.913299707965107	0.0186978467332319	Inf	0.868959896679353	0.943609947293109
"100"	0.918109084715406	0.0177594593770383	Inf	0.875878179699141	0.946843467990873
"50"	0.912554863319332	0.0188430424127597	Inf	0.86788939222422	0.943109201957268
