"subsample_ref"	"response"	"SE"	"df"	"asymp.LCL"	"asymp.UCL"
"500"	0.320158693167861	0.0367788186058721	Inf	0.252706474915931	0.396072756558578
"100"	0.396068816441655	0.0401912363455883	Inf	0.32056102815438	0.476879045821063
"50"	0.444995913982386	0.0414721301102658	Inf	0.365857721083364	0.527025653551526
