"contrast"	"odds.ratio"	"SE"	"df"	"null"	"z.ratio"	"p.value"
"seurat cutoff0 / scvi cutoff0"	1.03642492763203	0.0248627382424583	Inf	1	1.491404683393	0.135855279258392
