"method"	"cutoff"	"response"	"SE"	"df"	"asymp.LCL"	"asymp.UCL"
"seurat"	0	0.958656249092982	0.0101490733887804	Inf	0.933499389849851	0.974555785504871
"scvi"	0	0.957214738129543	0.0104886281659905	Inf	0.931239105373586	0.973655223417582
