"contrast"	"odds.ratio"	"SE"	"df"	"null"	"z.ratio"	"p.value"
"female / male"	1.02883093172166	0.0525737400792625	Inf	1	0.556220756523888	0.843276920122847
"female / None"	0.798861484052689	0.421018531728298	Inf	1	-0.426105932319275	0.904779144200267
"male / None"	0.776474986726794	0.407677516936291	Inf	1	-0.481854059999623	0.879900231960672
