"sex"	"response"	"SE"	"df"	"asymp.LCL"	"asymp.UCL"
"female"	0.955226889512585	0.0138975625423198	Inf	0.918598344373369	0.975807647995514
"male"	0.953995424050629	0.0141193537387882	Inf	0.916931997452037	0.974973188966336
"None"	0.963907451564536	0.0144518076477692	Inf	0.922064569077172	0.983682790580802
