"method"	"response"	"SE"	"df"	"asymp.LCL"	"asymp.UCL"
"seurat"	0.618487396016876	0.0531207154378207	Inf	0.510472363317966	0.71593174086678
"scvi"	0.650779399268752	0.0511656817517103	Inf	0.545178512971363	0.743401854235087
