"method"	"response"	"SE"	"df"	"asymp.LCL"	"asymp.UCL"
"seurat"	0.618482374452942	0.0531208388736185	Inf	0.510467345162692	0.715927168769899
"scvi"	0.650776125420875	0.0511657648327921	Inf	0.545175238666896	0.743398877353014
