"contrast"	"odds.ratio"	"SE"	"df"	"null"	"z.ratio"	"p.value"
"seurat / scvi"	0.869937439191544	0.0131623713552851	Inf	1	-9.20896710173904	3.29278087517365e-20
