"contrast"	"odds.ratio"	"SE"	"df"	"null"	"z.ratio"	"p.value"
"seurat / scvi"	0.869931457568108	0.0131622685197769	Inf	1	-9.20943018059817	3.27860724040273e-20
