"contrast"	"odds.ratio"	"SE"	"df"	"null"	"z.ratio"	"p.value"
"seurat / scvi"	0.869934978583335	0.0131623323964263	Inf	1	-9.20915525450494	3.28701471903469e-20
