"contrast"	"odds.ratio"	"SE"	"df"	"null"	"z.ratio"	"p.value"
"seurat / scvi"	0.869937305278298	0.0131623697074422	Inf	1	-9.20897701101101	3.29247694492743e-20
