"method"	"response"	"SE"	"df"	"asymp.LCL"	"asymp.UCL"
"seurat"	0.618489837182995	0.0531271650003234	Inf	0.510461291086805	0.715944959888012
"scvi"	0.650782393293731	0.0511718155344543	Inf	0.545168228226876	0.743414792176306
