"sex"	"response"	"SE"	"df"	"asymp.LCL"	"asymp.UCL"
"female"	0.672878822015306	0.0598264693379202	Inf	0.546990498273313	0.777983019159749
"male"	0.676916776970771	0.0589902565475215	Inf	0.552549143570719	0.780451788293494
"None"	0.54920850496892	0.100155008356907	Inf	0.355395118653397	0.729157808636879
