"sex"	"response"	"SE"	"df"	"asymp.LCL"	"asymp.UCL"
"female"	0.672881247694715	0.0598337214755799	Inf	0.546976724595557	0.777996426835342
"male"	0.676917767898597	0.0589976489115033	Inf	0.552533674777324	0.780464061279284
"None"	0.549226642141377	0.100167000867582	Inf	0.355388841871272	0.729192153362983
