"contrast"	"odds.ratio"	"SE"	"df"	"null"	"z.ratio"	"p.value"
"female / male"	0.981767370612269	0.0372490911714685	Inf	1	-0.48498889358698	0.878432574056327
"female / None"	1.68852755314381	0.822790031568939	Inf	1	1.07505771809176	0.529583728912816
"male / None"	1.71988558968993	0.836091130167081	Inf	1	1.11545415634076	0.504489316083245
