"contrast"	"odds.ratio"	"SE"	"df"	"null"	"z.ratio"	"p.value"
"female / male"	0.981770876979619	0.0372492249882135	Inf	1	-0.484894750609215	0.878476752221006
"female / None"	1.68826115559205	0.822761765600385	Inf	1	1.07460127590639	0.529868921423673
"male / None"	1.7196081032531	0.836060163839866	Inf	1	1.11498362595776	0.504779805435281
