"sex"	"response"	"SE"	"df"	"asymp.LCL"	"asymp.UCL"
"female"	0.672889466832776	0.0598256977873978	Inf	0.547001976805441	0.777991724202921
"male"	0.676926829774852	0.0589895093008524	Inf	0.552560038004332	0.780459990274185
"None"	0.549195657180718	0.100155884629472	Inf	0.355382568823894	0.729148130588311
