"contrast"	"odds.ratio"	"SE"	"df"	"null"	"z.ratio"	"p.value"
"female / male"	0.981764506097777	0.0372489569290464	Inf	1	-0.485066128146328	0.878396325717239
"female / None"	1.6883662334443	0.82270908238188	Inf	1	1.07486470286621	0.529704323872801
"male / None"	1.71972629175101	0.836011448497296	Inf	1	1.1152666112332	0.504605094512225
