"subsample_ref"	"response"	"SE"	"df"	"asymp.LCL"	"asymp.UCL"
"500"	0.646153127809545	0.0514718696934831	Inf	0.540148387020226	0.73950636948195
"100"	0.635813443245616	0.0521285967914625	Inf	0.528968365694655	0.730758541502099
"50"	0.622221606369248	0.0529181668465328	Inf	0.514434190806185	0.719144959131198
