"contrast"	"odds.ratio"	"SE"	"df"	"null"	"z.ratio"	"p.value"
"subsample_ref500 / subsample_ref100"	1.04595742729193	0.0133745801970906	Inf	1	3.5139535813511	0.00128326787689503
"subsample_ref500 / subsample_ref50"	1.10869615149753	0.0141584502485972	Inf	1	8.08001320231219	4.00790511889682e-14
"subsample_ref100 / subsample_ref50"	1.05998210115305	0.0134342180248042	Inf	1	4.59618124816106	1.283329380386e-05
