"subsample_ref"	"response"	"SE"	"df"	"asymp.LCL"	"asymp.UCL"
"500"	0.646152284802063	0.0514719730304393	Inf	0.540147369284845	0.739505738256424
"100"	0.635812590320429	0.0521286974250383	Inf	0.528967345679708	0.730757897509964
"50"	0.62222073063907	0.0529182642572648	Inf	0.51443315768705	0.719144289554843
