"contrast"	"odds.ratio"	"SE"	"df"	"null"	"z.ratio"	"p.value"
"subsample_ref500 / subsample_ref100"	1.04595811284144	0.0133746007777585	Inf	1	3.51400173484778	0.00128303800026486
"subsample_ref500 / subsample_ref50"	1.10869511623475	0.0141584500494216	Inf	1	8.07993265138924	3.99680288865056e-14
"subsample_ref100 / subsample_ref50"	1.05998041663722	0.0134342087764838	Inf	1	4.59605171809252	1.28412531706923e-05
