"1"	"response"	"SE"	"df"	"asymp.LCL"	"asymp.UCL"
"overall"	0.634780811619191	0.0521633532025883	Inf	0.527917056232831	0.729833829251039
