"1"	"response"	"SE"	"df"	"asymp.LCL"	"asymp.UCL"
"overall"	0.634784090823255	0.05216334484906	Inf	0.527920179908386	0.729836935852676
