"1"	"response"	"SE"	"df"	"asymp.LCL"	"asymp.UCL"
"overall"	0.63478494830137	0.052163244278403	Inf	0.527921204013113	0.72983758419128
