"1"	"response"	"SE"	"df"	"asymp.LCL"	"asymp.UCL"
"overall"	0.634787674631187	0.0521695471280583	Inf	0.52791050649229	0.729850685005572
