"treatment_state"	"response"	"SE"	"df"	"asymp.LCL"	"asymp.UCL"
"No treatment"	0.648340568509142	0.051339353204462	Inf	0.542500501728798	0.741368333497241
"treatment"	0.621010499570637	0.0530873375520201	Inf	0.512933920119406	0.718277158126228
