"contrast"	"odds.ratio"	"SE"	"df"	"null"	"z.ratio"	"p.value"
"No treatment / treatment"	1.12514808243318	0.0288833105017116	Inf	1	4.5933601995792	4.36165252345933e-06
