"treatment_state"	"response"	"SE"	"df"	"asymp.LCL"	"asymp.UCL"
"No treatment"	0.648337480378476	0.0513393709674079	Inf	0.542497542286743	0.741365425637022
"treatment"	0.621007029331919	0.0530873351265242	Inf	0.512930635617384	0.718273851154764
