"treatment_state"	"response"	"SE"	"df"	"asymp.LCL"	"asymp.UCL"
"No treatment"	0.648341441206426	0.0513392475393345	Inf	0.542501552796013	0.741368989355918
"treatment"	0.621011339714881	0.0530872421401927	Inf	0.512934915024296	0.718277796971525
