"contrast"	"odds.ratio"	"SE"	"df"	"null"	"z.ratio"	"p.value"
"No treatment / treatment"	1.12514702271536	0.028883303732164	Inf	1	4.59332026029032	4.36248774123143e-06
