"contrast"	"odds.ratio"	"SE"	"df"	"null"	"z.ratio"	"p.value"
"No treatment / treatment"	1.12514673238728	0.0288832965179636	Inf	1	4.59331017056333	4.36269876370716e-06
