"contrast"	"odds.ratio"	"SE"	"df"	"null"	"z.ratio"	"p.value"
"No treatment / treatment"	1.1251493994954	0.0288833721719224	Inf	1	4.59340136826361	4.36079175669888e-06
