"treatment_state"	"response"	"SE"	"df"	"asymp.LCL"	"asymp.UCL"
"No treatment"	0.648344363207976	0.0513454096822314	Inf	0.54249116953273	0.741381925429059
"treatment"	0.621013858893646	0.0530936538158122	Inf	0.512923963380833	0.71829099907459
