"method"	"response"	"SE"	"df"	"asymp.LCL"	"asymp.UCL"
"seurat"	0.742492128287034	0.00371803005875418	Inf	0.735137843604139	0.749711734179967
"scvi"	0.671496000604409	0.00438022244647926	Inf	0.662854334925997	0.680023089102195
