"contrast"	"odds.ratio"	"SE"	"df"	"null"	"z.ratio"	"p.value"
"seurat / scvi"	1.41058277151315	0.038473196048137	Inf	1	12.6125370194079	1.80100564745602e-36
