"reference"	"method"	"response"	"SE"	"df"	"asymp.LCL"	"asymp.UCL"
"An integrated transcriptomic and epigenomic atlas of mouse primary motor cortex cell types"	"seurat"	0.853176059223663	0.00234699613845688	Inf	0.848516118852275	0.857716688155204
"Single-cell RNA-seq for all cortical  hippocampal regions 10x"	"seurat"	0.711027632876964	0.00403792905772692	Inf	0.703049575124461	0.718877054967004
"Single-cell RNA-seq for all cortical  hippocampal regions SMART-Seq v4"	"seurat"	0.608131182664551	0.00471286904443618	Inf	0.598856417141639	0.617328536098992
"whole cortex"	"seurat"	0.742492128287034	0.00371803005875418	Inf	0.735137843604139	0.749711734179967
"An integrated transcriptomic and epigenomic atlas of mouse primary motor cortex cell types"	"scvi"	0.776925492824227	0.00334213926312197	Inf	0.770306530025955	0.783407350695182
"Single-cell RNA-seq for all cortical  hippocampal regions 10x"	"scvi"	0.583255282037878	0.00488353242219875	Inf	0.573653496342807	0.592794324082995
"Single-cell RNA-seq for all cortical  hippocampal regions SMART-Seq v4"	"scvi"	0.291178995253337	0.0040727344251328	Inf	0.283261513211642	0.299225390077034
"whole cortex"	"scvi"	0.671496000604409	0.00438022244647926	Inf	0.662854334925997	0.680023089102195
