"contrast"	"odds.ratio"	"SE"	"df"	"null"	"z.ratio"	"p.value"	"key"
"subsample_ref500 / subsample_ref100"	0.822794252573562	0.0136850267853527	Inf	1	-11.7270712187421	0	"all"
"subsample_ref500 / subsample_ref50"	0.853229414906728	0.014233306288049	Inf	1	-9.51503371436456	2.4980018054066e-14	"all"
"subsample_ref100 / subsample_ref50"	1.03699000356161	0.0170413206162655	Inf	1	2.21026597043718	0.0694378368805852	"all"
