"contrast"	"odds.ratio"	"SE"	"df"	"null"	"z.ratio"	"p.value"
"subsample_ref500 / subsample_ref100"	0.822794116514242	0.0136850249423133	Inf	1	-11.7270808010786	0
"subsample_ref500 / subsample_ref50"	0.853229060375965	0.0142333010166703	Inf	1	-9.51505819319036	2.50910403565285e-14
"subsample_ref100 / subsample_ref50"	1.03698974415454	0.0170413175994208	Inf	1	2.21025058657595	0.069440391669075
