"subsample_ref"	"response"	"SE"	"df"	"asymp.LCL"	"asymp.UCL"	"key"
"500"	0.640619222497068	0.0027944731092675	Inf	0.635124031835179	0.646077771103698	"all"
"100"	0.684191506537436	0.00259372264145454	Inf	0.679086014377131	0.689252942252738	"all"
"50"	0.67629123645048	0.00263321208002504	Inf	0.671108937942424	0.681430639863268	"all"
