"subsample_ref"	"response"	"SE"	"df"	"asymp.LCL"	"asymp.UCL"
"500"	0.640619087664939	0.00279447362316722	Inf	0.635123896009832	0.646077637292479
"100"	0.684191415724329	0.0025937232286279	Inf	0.67908592241763	0.689252852594623
"50"	0.67629119920448	0.00263321247825588	Inf	0.671108899915325	0.68143060339703
