"contrast"	"odds.ratio"	"SE"	"df"	"null"	"z.ratio"	"p.value"	"key"
"seurat / scvi"	2.32843947567302	0.0993584818916921	Inf	1	19.8069961049194	2.59087655741583e-87	"all"
