"method"	"response"	"SE"	"df"	"asymp.LCL"	"asymp.UCL"
"seurat"	0.763481549371475	0.00533451380890185	Inf	0.752867130162399	0.773777063878011
"scvi"	0.580947565024484	0.0076643887281018	Inf	0.565855042416704	0.595890113967935
