"method"	"response"	"SE"	"df"	"asymp.LCL"	"asymp.UCL"
"seurat"	0.763481549259391	0.00533451381060165	Inf	0.752867130047004	0.773777063769275
"scvi"	0.580947565456602	0.00766438872629042	Inf	0.565855042851982	0.595890114396122
