"contrast"	"odds.ratio"	"SE"	"df"	"null"	"z.ratio"	"p.value"
"seurat / scvi"	2.32843947009479	0.0993584816568798	Inf	1	19.806996048135	2.59087947884067e-87
