"reference"	"method"	"response"	"SE"	"df"	"asymp.LCL"	"asymp.UCL"
"An integrated transcriptomic and epigenomic atlas of mouse primary motor cortex cell types"	"seurat"	0.790153735937189	0.00483350126526345	Inf	0.780523214914673	0.799470243511581
"Single-cell RNA-seq for all cortical  hippocampal regions 10x"	"seurat"	0.794240858020162	0.00476550206768179	Inf	0.784743513986279	0.803424135641961
"Single-cell RNA-seq for all cortical  hippocampal regions SMART-Seq v4"	"seurat"	0.793352811184375	0.00479704114041793	Inf	0.783792566789058	0.802596789724722
"whole cortex"	"seurat"	0.763481549371475	0.00533451380890185	Inf	0.752867130162399	0.773777063878011
"An integrated transcriptomic and epigenomic atlas of mouse primary motor cortex cell types"	"scvi"	0.504869396815187	0.00792917099051212	Inf	0.489328807774588	0.520400582595944
"Single-cell RNA-seq for all cortical  hippocampal regions 10x"	"scvi"	0.625447204891545	0.00730475051419735	Inf	0.61102406752947	0.63965093576801
"Single-cell RNA-seq for all cortical  hippocampal regions SMART-Seq v4"	"scvi"	0.597516540564968	0.00756874572211478	Inf	0.58259705775089	0.612257664522562
"whole cortex"	"scvi"	0.580947565024484	0.0076643887281018	Inf	0.565855042416704	0.595890113967935
