"contrast"	"odds.ratio"	"SE"	"df"	"null"	"z.ratio"	"p.value"	"key"
"subsample_ref500 / subsample_ref100"	0.996646587855148	0.0255721085022198	Inf	1	-0.130915413659891	0.990595701029992	"all"
"subsample_ref500 / subsample_ref50"	1.17116520481075	0.0302329353672574	Inf	1	6.12058042713233	2.79622425214399e-09	"all"
"subsample_ref100 / subsample_ref50"	1.17510581893545	0.0300373792417988	Inf	1	6.31256677964599	8.23194623578161e-10	"all"
