"subsample_ref"	"response"	"SE"	"df"	"asymp.LCL"	"asymp.UCL"
"500"	0.702138827602914	0.00401842936626478	Inf	0.694203381389861	0.709954386225672
"100"	0.702840861124729	0.00394353524772645	Inf	0.695054110730995	0.710511591660839
"50"	0.668077899208897	0.004159922841046	Inf	0.659874830317487	0.67618021398321
