"subsample_ref"	"response"	"SE"	"df"	"asymp.LCL"	"asymp.UCL"
"500"	0.702138827746413	0.0040184293653692	Inf	0.694203381535082	0.709954386367384
"100"	0.702840861235033	0.00394353524697053	Inf	0.695054110842758	0.710511591769639
"50"	0.668077899181882	0.00415992284108252	Inf	0.65987483029041	0.676180213956276
