"contrast"	"odds.ratio"	"SE"	"df"	"null"	"z.ratio"	"p.value"
"subsample_ref500 / subsample_ref100"	0.996646587697672	0.0255721084966503	Inf	1	-0.13091541982585	0.99059570014834
"subsample_ref500 / subsample_ref50"	1.17116520386448	0.0302329353421595	Inf	1	6.12058039596904	2.7962248072555e-09
"subsample_ref100 / subsample_ref50"	1.17510581817168	0.03003737922211	Inf	1	6.31256675425339	8.23194512555858e-10
