"contrast"	"odds.ratio"	"SE"	"df"	"null"	"z.ratio"	"p.value"
"Control / Disease"	1.0305267366756	0.00576472406135518	Inf	1	5.37545371158506	7.63900756143156e-08
