"method"	"response"	"SE"	"df"	"asymp.LCL"	"asymp.UCL"
"seurat"	0.972642203320494	0.00697338201516547	Inf	0.955099925880797	0.983449548189147
"scvi"	0.981191720535373	0.00483632099111821	Inf	0.968956462209349	0.988661100904637
