"region_match"	"response"	"SE"	"df"	"asymp.LCL"	"asymp.UCL"
"False"	0.975552476317519	0.00624944725802749	Inf	0.959801609690101	0.985226701785727
"True"	0.978938259175514	0.00540461976152621	Inf	0.965284828678809	0.987292505446326
