"contrast"	"odds.ratio"	"SE"	"df"	"null"	"z.ratio"	"p.value"
"False / True"	0.858528511086801	0.00702597288880107	Inf	1	-18.6388393956746	1.55579739428679e-77
