"sex"	"response"	"SE"	"df"	"asymp.LCL"	"asymp.UCL"
"female"	0.975028595535392	0.00828806538196537	Inf	0.952463712756764	0.987028090056001
"male"	0.975983998982372	0.00797843107124587	Inf	0.954243187318177	0.987529910991826
"None"	0.980521376760144	0.00750653197698745	Inf	0.958847413557644	0.99088871503549
