"subsample_ref"	"response"	"SE"	"df"	"asymp.LCL"	"asymp.UCL"
"500"	0.980460246419446	0.00502070239139404	Inf	0.967764659421617	0.988216674920908
"100"	0.977269589735361	0.00582133421176468	Inf	0.962580672835754	0.986274606817895
"50"	0.973701636711468	0.00671039783458185	Inf	0.956809280859743	0.984097020403251
