"contrast"	"odds.ratio"	"SE"	"df"	"null"	"z.ratio"	"p.value"
"seurat / scvi"	1.06654940506021	0.0410911073940571	Inf	1	1.67229044238181	0.0944670634044818
