"contrast"	"odds.ratio"	"SE"	"df"	"null"	"z.ratio"	"p.value"
"seurat / scvi"	2.11312199189031	0.307794804805538	Inf	1	5.13643180021598	2.80003897427754e-07
