"subsample_ref"	"response"	"SE"	"df"	"asymp.LCL"	"asymp.UCL"
"500"	0.20274945987538	0.0870131080881824	Inf	0.0813413145387117	0.422105677764937
"100"	0.177811292556065	0.0787191996920848	Inf	0.0700057834193341	0.383222235015299
"50"	0.185425079390712	0.0813144496453496	Inf	0.0734290757462997	0.395354292250485
