"contrast"	"odds.ratio"	"SE"	"df"	"null"	"z.ratio"	"p.value"
"subsample_ref500 / subsample_ref100"	1.17591803824878	0.0788356302521398	Inf	1	2.41713702211869	0.0414040475754966
"subsample_ref500 / subsample_ref50"	1.11719104247029	0.0743592049519986	Inf	1	1.66495002210181	0.218782661164451
"subsample_ref100 / subsample_ref50"	0.950058597735307	0.0634975104209444	Inf	1	-0.766534553463825	0.723577314207713
