"method"	"response"	"SE"	"df"	"asymp.LCL"	"asymp.UCL"
"seurat"	0.276605963012782	0.0229613485334972	Inf	0.233926665623751	0.323780925301926
"scvi"	0.20335410540343	0.0172085605993242	Inf	0.171695481085339	0.239164693580538
