"contrast"	"odds.ratio"	"SE"	"df"	"null"	"z.ratio"	"p.value"
"seurat / scvi"	1.49795577504164	0.230561118816297	Inf	1	2.62544687501082	0.00865353115630252
