"contrast"	"odds.ratio"	"SE"	"df"	"null"	"z.ratio"	"p.value"
"subsample_ref500 / subsample_ref100"	0.751474943367915	0.0603813305379206	Inf	1	-3.55589177097386	0.00109692235162284
"subsample_ref500 / subsample_ref50"	0.707609506758089	0.0581575930098492	Inf	1	-4.20814979384586	7.63816126952976e-05
"subsample_ref100 / subsample_ref50"	0.94162754593888	0.0739570840076232	Inf	1	-0.765776952920053	0.724039434128393
