"subsample_ref"	"response"	"SE"	"df"	"asymp.LCL"	"asymp.UCL"
"500"	0.384759462631232	0.0161665684565338	Inf	0.353600715927354	0.416893065218525
"100"	0.454209283647754	0.0162163067213508	Inf	0.422654370085481	0.486136376022823
"50"	0.469156198301451	0.0167040725842457	Inf	0.436595715938644	0.501981416135762
