"method"	"response"	"SE"	"df"	"asymp.LCL"	"asymp.UCL"
"seurat"	0.648747617475593	0.0763423517440046	Inf	0.489229668564611	0.780771078766935
"scvi"	0.645064200916649	0.0767098764042216	Inf	0.485190270761182	0.778005691425327
