"contrast"	"odds.ratio"	"SE"	"df"	"null"	"z.ratio"	"p.value"
"seurat / scvi"	1.01625655871267	0.0143732895702036	Inf	1	1.14016949367189	0.254215694243147
