"sex"	"response"	"SE"	"df"	"asymp.LCL"	"asymp.UCL"
"female"	0.604072015413421	0.0963795447324055	Inf	0.409179390167921	0.770702285559677
"male"	0.608699302737913	0.095691047022031	Inf	0.414456835699169	0.773690296100941
"None"	0.721540997450383	0.121098044315075	Inf	0.442952222850549	0.894109793948241
