"contrast"	"odds.ratio"	"SE"	"df"	"null"	"z.ratio"	"p.value"
"female / male"	0.980799724349921	0.0348870745263285	Inf	1	-0.545037365829203	0.849014954855048
"female / None"	0.588806734101751	0.426865508666189	Inf	1	-0.730594915124767	0.7453119103679
"male / None"	0.600333298922993	0.434814015564466	Inf	1	-0.704513261866285	0.760818286865768
