"subsample_ref"	"response"	"SE"	"df"	"asymp.LCL"	"asymp.UCL"
"500"	0.66345600158	0.0748060372074701	Inf	0.505521891074718	0.791728964226517
"100"	0.646637075651264	0.0765532211209596	Inf	0.486914379657247	0.779186772481403
"50"	0.630276764090549	0.0780703050126296	Inf	0.469230542132127	0.766748608879904
