"1"	"response"	"SE"	"df"	"asymp.LCL"	"asymp.UCL"
"overall"	0.646908090702248	0.0765099804745472	Inf	0.487246310473376	0.779366336813515
