"treatment_state"	"response"	"SE"	"df"	"asymp.LCL"	"asymp.UCL"
"no treatment"	0.671179834037468	0.073946540070343	Inf	0.51420210705979	0.79741707193724
"treatment"	0.621854138794162	0.0788412479692061	Inf	0.460157632143464	0.760342688764305
