"contrast"	"odds.ratio"	"SE"	"df"	"null"	"z.ratio"	"p.value"
"no treatment / treatment"	1.24122718117141	0.0296200227302179	Inf	1	9.05569458948477	1.35701335934093e-19
