"method"	"response"	"SE"	"df"	"asymp.LCL"	"asymp.UCL"
"seurat"	0.618487527034308	0.053120705788256	Inf	0.510472507590919	0.715931849296756
"scvi"	0.650779513357309	0.0511656714453051	Inf	0.545178642924019	0.743401945782756
