"contrast"	"odds.ratio"	"SE"	"df"	"null"	"z.ratio"	"p.value"
"seurat / scvi"	0.869937485511829	0.0131623719336657	Inf	1	-9.20896366827086	3.29288619057369e-20
