"sex"	"response"	"SE"	"df"	"asymp.LCL"	"asymp.UCL"
"female"	0.67288996911231	0.0598255926864593	Inf	0.547002669996649	0.77799202930119
"male"	0.676927185396206	0.0589894168115548	Inf	0.552560569760083	0.780460178989682
"None"	0.549197829418892	0.100155698707281	Inf	0.355384759175001	0.729149707855072
