"contrast"	"odds.ratio"	"SE"	"df"	"null"	"z.ratio"	"p.value"
"female / male"	0.981767500995312	0.0372490958628326	Inf	1	-0.484985396612252	0.878434215183457
"female / None"	1.68852454687553	0.822788521910052	Inf	1	1.07505412281861	0.529585975166804
"male / None"	1.71988229918358	0.836089487896586	Inf	1	1.115450277655	0.504491710463406
