"subsample_ref"	"response"	"SE"	"df"	"asymp.LCL"	"asymp.UCL"
"500"	0.646153248216713	0.0514718591940267	Inf	0.540148523312794	0.739506466675262
"100"	0.63581356423946	0.0521285867831222	Inf	0.528968501391789	0.730758639963838
"50"	0.622221732534358	0.0529181572534611	Inf	0.514434330396996	0.719145063074652
