"contrast"	"odds.ratio"	"SE"	"df"	"null"	"z.ratio"	"p.value"
"subsample_ref500 / subsample_ref100"	1.04595812088355	0.0133746003387221	Inf	1	3.51400247851389	0.00128303445042866
"subsample_ref500 / subsample_ref50"	1.10869506238144	0.0141584488016093	Inf	1	8.0799291674013	3.97459842815806e-14
"subsample_ref100 / subsample_ref50"	1.05998035700024	0.0134342074775543	Inf	1	4.5960474647029	1.28415146136707e-05
