"1"	"response"	"SE"	"df"	"asymp.LCL"	"asymp.UCL"
"overall"	0.634785070854846	0.0521632342313053	Inf	0.527921341265054	0.729837684066433
