"treatment_state"	"response"	"SE"	"df"	"asymp.LCL"	"asymp.UCL"
"No treatment"	0.648341569274266	0.0513392364652805	Inf	0.542501697582904	0.741369092908525
"treatment"	0.621011456343935	0.0530872330735273	Inf	0.512935044443977	0.718277892697454
