"contrast"	"odds.ratio"	"SE"	"df"	"null"	"z.ratio"	"p.value"
"No treatment / treatment"	1.12514709716772	0.0288833055401551	Inf	1	4.59332285440594	4.36243348795431e-06
