"label"	"response"	"SE"	"df"	"asymp.LCL"	"asymp.UCL"
"GABAergic"	0.941248761070099	0.0122058461806702	Inf	0.912239194136006	0.961078272496563
"Glutamatergic"	0.93729215275426	0.0129729599134607	Inf	0.906523312203403	0.958397892400159
"Non-neuron"	0.955993205376315	0.00928599593324693	Inf	0.933751115105211	0.970999763035701
