"subsample_ref"	"response"	"SE"	"df"	"asymp.LCL"	"asymp.UCL"
"500"	0.248949047500856	0.0423615435884451	Inf	0.175334314513889	0.340702111127472
"100"	0.336367592714845	0.0504881595728394	Inf	0.245488219137784	0.441216682059554
"50"	0.343361328833905	0.051006832243841	Inf	0.251288217505336	0.448941696360977
