"contrast"	"odds.ratio"	"SE"	"df"	"null"	"z.ratio"	"p.value"
"seurat / scvi"	0.9538554297259	0.143225312028483	Inf	1	-0.314631151587893	0.753041723976924
