"contrast"	"odds.ratio"	"SE"	"df"	"null"	"z.ratio"	"p.value"
"subsample_ref500 / subsample_ref100"	1.35480508840295	0.0982276012671306	Inf	1	4.18820019330641	8.33839419736027e-05
"subsample_ref500 / subsample_ref50"	1.38618216439796	0.100212369762476	Inf	1	4.51703112454597	1.86874265412085e-05
"subsample_ref100 / subsample_ref50"	1.0231598451051	0.0726755355848702	Inf	1	0.322336634596516	0.944338109840345
