"contrast"	"odds.ratio"	"SE"	"df"	"null"	"z.ratio"	"p.value"
"seurat / scvi"	0.418174964317259	0.0140537370883465	Inf	1	-25.9424295043575	2.21359501990858e-148
