"method"	"response"	"SE"	"df"	"asymp.LCL"	"asymp.UCL"
"seurat"	0.576960371191656	0.0582316926868253	Inf	0.460756208666655	0.685230390902875
"scvi"	0.765336508870136	0.0428245637449032	Inf	0.671463603804384	0.838825352497361
