"contrast"	"odds.ratio"	"SE"	"df"	"null"	"z.ratio"	"p.value"
"subsample_ref100 / subsample_ref50"	1.03142430025849	0.0114192509033202	Inf	1	2.79466243153566	0.00519539336534185
