"subsample_ref"	"response"	"SE"	"df"	"asymp.LCL"	"asymp.UCL"
"100"	0.725353286100401	0.0473115590276757	Inf	0.623798757229789	0.80793424269398
"50"	0.719146632975596	0.0479670208416244	Inf	0.616509850703596	0.803087589422723
