"contrast"	"odds.ratio"	"SE"	"df"	"null"	"z.ratio"	"p.value"
"seurat / scvi"	1.21699568668951	0.114089472707109	Inf	1	2.09484732100871	0.0361845669893957
