"contrast"	"odds.ratio"	"SE"	"df"	"null"	"z.ratio"	"p.value"
"subsample_ref500 / subsample_ref100"	0.644762555762909	0.0291111178845061	Inf	1	-9.72030623430938	3.50830475781549e-14
"subsample_ref500 / subsample_ref50"	0.625229767748806	0.0280811594238929	Inf	1	-10.4564931078439	2.85327317328665e-14
"subsample_ref100 / subsample_ref50"	0.969705455381181	0.041891889442807	Inf	1	-0.71209391497286	0.75633649005093
