"contrast"	"odds.ratio"	"SE"	"df"	"null"	"z.ratio"	"p.value"
"seurat / scvi"	0.734298483321876	0.0429923257092532	Inf	1	-5.274906739132	1.32823616370504e-07
