"method"	"response"	"SE"	"df"	"asymp.LCL"	"asymp.UCL"
"seurat"	0.751416685677889	0.0323085683066421	Inf	0.682908801811841	0.809257477004311
"scvi"	0.804556830520224	0.0272330894568766	Inf	0.745656294460374	0.852515170228589
