"contrast"	"odds.ratio"	"SE"	"df"	"null"	"z.ratio"	"p.value"
"subsample_ref500 / subsample_ref100"	1.01233756239075	0.0287573197971243	Inf	1	0.431659108819027	0.902408006228498
"subsample_ref500 / subsample_ref50"	1.02440480884638	0.0296632571340446	Inf	1	0.832687140690007	0.682687254103277
"subsample_ref100 / subsample_ref50"	1.01192018048519	0.0277698061744025	Inf	1	0.431797944165841	0.902348412706029
