	sum_sq	df	F	PR(>F)	FDR	Rsquared
study	1017.0066740895552	5.0	50473.22776028816	0.0	0.0	0.5310853458896064
reference	125.43508277734489	18.0	1729.2341184101942	0.0	0.0	0.5310853458896064
method	29.581200413173526	1.0	7340.456576715457	0.0	0.0	0.5310853458896064
ref_split	2.9450799041371658e-25	1.0	7.308097997824606e-23	1.0	1.0	0.5310853458896064
region_match	7.252702128343002	1.0	1799.7290269952941	0.0	0.0	0.5310853458896064
sex	1.5013836166164065	1.0	372.5623398926292	5.883161556570957e-83	9.413058490513531e-83	0.5310853458896064
disease_state	1.027010544784952	1.0	254.84855930544222	2.4176990785602502e-57	3.223598771413667e-57	0.5310853458896064
subsample_ref	0.0008459418075929282	1.0	0.2099170763299627	0.6468327702447403	0.7392374517082746	0.5310853458896064
Residual	1102.8628279000068	273671.0				0.5310853458896064
