	sum_sq	df	F	PR(>F)	FDR	Rsquared
study	421.84495456950515	5.0	36211.9395962042	0.0	0.0	0.6601616360779777
reference	17.331258187128014	18.0	413.26299561553805	0.0	0.0	0.6601616360779777
method	4.149085548941424	1.0	1780.8253204198904	0.0	0.0	0.6601616360779777
ref_split	1.3860262813175866e-27	1.0	5.948951081925803e-25	1.0	1.0	0.6601616360779777
region_match	0.19456436766992388	1.0	83.50879930313464	6.454802202816184e-20	8.606402937088245e-20	0.6601616360779777
sex	0.23433338227378728	1.0	100.57802271135704	1.1672558133392573e-23	1.8676093013428118e-23	0.6601616360779777
disease_state	1.3544461355675823	1.0	581.3406219061969	4.372721690531773e-128	8.745443381063546e-128	0.6601616360779777
subsample_ref	0.015792447885102447	1.0	6.778262519165769	0.00922879807990276	0.010547197805603153	0.6601616360779777
Residual	238.52941922171112	102379.0				0.6601616360779777
