	sum_sq	df	F	PR(>F)	FDR	Rsquared
study	2679.036959603466	5.0	109972.60176877188	0.0	0.0	0.55973590753216
reference	229.46470936024093	18.0	2616.4907061515964	0.0	0.0	0.55973590753216
method	67.78429070467715	1.0	13912.489674923112	0.0	0.0	0.55973590753216
ref_split	7.58398692216961e-26	1.0	1.5565869119901583e-23	1.0	1.0	0.55973590753216
region_match	6.511245057451866	1.0	1336.4103790266945	3.324573256611111e-292	5.319317210577778e-292	0.55973590753216
sex	6.231396780498399	1.0	1278.9724944787413	9.370204199024616e-280	1.2493605598699488e-279	0.55973590753216
disease_state	10.263321605526297	1.0	2106.511027597836	0.0	0.0	0.55973590753216
subsample_ref	0.15930182332397064	1.0	32.696144625118016	1.0781074943971459e-08	1.2321228507395953e-08	0.55973590753216
Residual	2479.6376755303454	508937.0				0.55973590753216
