"method"	"response"	"SE"	"df"	"asymp.LCL"	"asymp.UCL"
"seurat"	0.806216560860122	0.065087999286539	Inf	0.647727527803296	0.903971873930919
"scvi"	0.826842358744343	0.0596936831254634	Inf	0.678359358202355	0.91533447450678
