"contrast"	"odds.ratio"	"SE"	"df"	"null"	"z.ratio"	"p.value"
"seurat / scvi"	0.871272486272165	0.0393051306068666	Inf	1	-3.05460863224648	0.00225354384592323
