"contrast"	"odds.ratio"	"SE"	"df"	"null"	"z.ratio"	"p.value"
"subsample_ref500 / subsample_ref100"	0.987700850626259	0.0202173466782554	Inf	1	-0.604589861834894	0.817608490359405
"subsample_ref500 / subsample_ref50"	1.02802859664455	0.0209693726159719	Inf	1	1.35520403846823	0.364685798737504
"subsample_ref100 / subsample_ref50"	1.04082991929462	0.0210872542320495	Inf	1	1.97523781862455	0.118340427448575
