"subsample_ref"	"response"	"SE"	"df"	"asymp.LCL"	"asymp.UCL"
"500"	0.775494393205219	0.0724068171358697	Inf	0.604554727843743	0.886423714947788
"100"	0.7776416390677	0.0719121338939205	Inf	0.607511403713428	0.887662861787537
"50"	0.770645049814615	0.0735069046451228	Inf	0.597931034503712	0.883609302234352
