"method"	"response"	"SE"	"df"	"asymp.LCL"	"asymp.UCL"
"seurat"	0.530692581387413	0.00564370026976955	Inf	0.519617855933763	0.541737159772664
"scvi"	0.502636914685229	0.00574351867287951	Inf	0.491380390325608	0.513890766631344
