"contrast"	"odds.ratio"	"SE"	"df"	"null"	"z.ratio"	"p.value"
"seurat / scvi"	1.11892422482086	0.0361057299027807	Inf	1	3.4822991622196	0.00049712797080072
