"method"	"response"	"SE"	"df"	"asymp.LCL"	"asymp.UCL"
"seurat"	0.530693497541003	0.00564370346424844	Inf	0.519618765358529	0.541738081714284
"scvi"	0.502640187617829	0.00574351819187195	Inf	0.491383662541991	0.51389403696343
