"reference"	"method"	"response"	"SE"	"df"	"asymp.LCL"	"asymp.UCL"	"key"
"An integrated transcriptomic and epigenomic atlas of mouse primary motor cortex cell types"	"seurat"	0.677449672320879	0.0048572317611241	Inf	0.667857029241021	0.686895154281736	"all"
"Single-cell RNA-seq for all cortical  hippocampal regions 10x"	"seurat"	0.685128091867156	0.00478349534508093	Inf	0.675678069231661	0.694427288948285	"all"
"Single-cell RNA-seq for all cortical  hippocampal regions SMART-Seq v4"	"seurat"	0.659271531454216	0.00502934568282103	Inf	0.649346419479626	0.669058891906814	"all"
"whole cortex"	"seurat"	0.530692581387413	0.00564370026976955	Inf	0.519617855933763	0.541737159772664	"all"
"An integrated transcriptomic and epigenomic atlas of mouse primary motor cortex cell types"	"scvi"	0.508813141324133	0.00572005810465215	Inf	0.497599480555049	0.520017940594763	"all"
"Single-cell RNA-seq for all cortical  hippocampal regions 10x"	"scvi"	0.46926192281044	0.00571787631861326	Inf	0.458072455620141	0.480482380681523	"all"
"Single-cell RNA-seq for all cortical  hippocampal regions SMART-Seq v4"	"scvi"	0.429820619719344	0.00559939425243625	Inf	0.418882212387518	0.440827984026421	"all"
"whole cortex"	"scvi"	0.502636914685229	0.00574351867287951	Inf	0.491380390325608	0.513890766631344	"all"
