"contrast"	"odds.ratio"	"SE"	"df"	"null"	"z.ratio"	"p.value"	"key"
"subsample_ref500 / subsample_ref100"	1.11624701798798	0.0217969553748033	Inf	1	5.63180122310125	5.34556565678912e-08	"all"
"subsample_ref500 / subsample_ref50"	1.31246688069039	0.0256204366684301	Inf	1	13.9291488682301	0	"all"
"subsample_ref100 / subsample_ref50"	1.17578534100462	0.0229287708748818	Inf	1	8.30407911313369	3.29736238313671e-14	"all"
