"subsample_ref"	"response"	"SE"	"df"	"asymp.LCL"	"asymp.UCL"	"key"
"500"	0.591487740967042	0.00336386125313724	Inf	0.58487860566462	0.598063963592458	"all"
"100"	0.56467239103327	0.00341151226188041	Inf	0.557974580422216	0.57134667965792	"all"
"50"	0.524532922379932	0.00342895744157883	Inf	0.517808250547395	0.531248709281046	"all"
