"subsample_ref"	"response"	"SE"	"df"	"asymp.LCL"	"asymp.UCL"
"500"	0.591487549934941	0.00336386241923889	Inf	0.584878412372784	0.598063774870761
"100"	0.564671782244776	0.00341151370844031	Inf	0.557973968903659	0.5713460738085
"50"	0.524536544034748	0.00342895589714482	Inf	0.517811874573428	0.531252327254684
