"contrast"	"odds.ratio"	"SE"	"df"	"null"	"z.ratio"	"p.value"
"subsample_ref500 / subsample_ref100"	1.11624889997031	0.0217969952280767	Inf	1	5.63188676259351	5.34291522136243e-08
"subsample_ref500 / subsample_ref50"	1.31244678411239	0.0256200524665708	Inf	1	13.9283600623022	0
"subsample_ref100 / subsample_ref50"	1.17576535497351	0.0229283865371441	Inf	1	8.30320549064151	3.28626015289046e-14
