"contrast"	"odds.ratio"	"SE"	"df"	"null"	"z.ratio"	"p.value"
"seurat / scvi"	0.555318640307889	0.0258647198624748	Inf	1	-12.6290080853724	1.46108373350829e-36
