"method"	"response"	"SE"	"df"	"asymp.LCL"	"asymp.UCL"
"seurat"	0.9183778561155	0.0236305104554405	Inf	0.85847071131025	0.954277795077848
"scvi"	0.952966584434418	0.0141342804625254	Inf	0.916111658267583	0.974087898271278
