"method"	"response"	"SE"	"df"	"asymp.LCL"	"asymp.UCL"
"seurat"	0.668662567092371	0.0762949281753386	Inf	0.506799726464567	0.798522258786768
"scvi"	0.25803144421632	0.0655175464830659	Inf	0.150977460021876	0.404802102280776
