"contrast"	"odds.ratio"	"SE"	"df"	"null"	"z.ratio"	"p.value"
"seurat / scvi"	5.80295730807855	0.817408431212462	Inf	1	12.4830282163553	9.24042348397443e-36
