"subsample_ref"	"response"	"SE"	"df"	"asymp.LCL"	"asymp.UCL"
"500"	0.167386857340975	0.0464965021155861	Inf	0.0946487721411372	0.278809836977239
"100"	0.155175160777481	0.0437858542687397	Inf	0.0871293459606359	0.261159818358261
"50"	0.165392265191529	0.0460848606372689	Inf	0.0933847754696212	0.276019321900151
