"contrast"	"odds.ratio"	"SE"	"df"	"null"	"z.ratio"	"p.value"
"subsample_ref500 / subsample_ref100"	1.09451713274936	0.0684387731043904	Inf	1	1.44434857926871	0.318156069124586
"subsample_ref500 / subsample_ref50"	1.01448423786081	0.0631412385130062	Inf	1	0.23104760002814	0.971000526302018
"subsample_ref100 / subsample_ref50"	0.926878353482219	0.0581275859633029	Inf	1	-1.2107952651377	0.446728675351547
