"contrast"	"odds.ratio"	"SE"	"df"	"null"	"z.ratio"	"p.value"
"subsample_ref500 / subsample_ref100"	1.2666616579643	0.0421512719060345	Inf	1	7.10345333165766	3.67239572085509e-12
"subsample_ref500 / subsample_ref50"	1.52184970310126	0.0508508397766496	Inf	1	12.5674429311758	0
"subsample_ref100 / subsample_ref50"	1.20146504280163	0.0395183306643378	Inf	1	5.58016773685953	7.20179867963466e-08
