"method"	"response"	"SE"	"df"	"asymp.LCL"	"asymp.UCL"
"seurat"	0.87063949075283	0.0468351813420286	Inf	0.748679581829395	0.938293137618132
"scvi"	0.855285899956263	0.0514702228680539	Inf	0.723448037890747	0.930326882866588
