"contrast"	"odds.ratio"	"SE"	"df"	"null"	"z.ratio"	"p.value"
"subsample_ref500 / subsample_ref100"	1.09420265878245	0.0197851167487354	Inf	1	4.97882403154793	1.91341383215526e-06
"subsample_ref500 / subsample_ref50"	1.1137688736953	0.0200088115964228	Inf	1	5.99776758337231	5.99909644183327e-09
"subsample_ref100 / subsample_ref50"	1.01788171026254	0.0180262392954994	Inf	1	1.00079906934579	0.576340824985001
