"contrast"	"odds.ratio"	"SE"	"df"	"null"	"z.ratio"	"p.value"
"seurat / scvi"	1.39422502243881	0.220764763283135	Inf	1	2.09886285500165	0.0358289920893017
