"method"	"response"	"SE"	"df"	"asymp.LCL"	"asymp.UCL"
"seurat"	0.0203197050077642	0.00273819459285071	Inf	0.0155928142456396	0.026441042767811
"scvi"	0.0146584134049483	0.00201482492914151	Inf	0.0111911011579611	0.019179157993121
