"subsample_ref"	"response"	"SE"	"df"	"asymp.LCL"	"asymp.UCL"
"500"	0.016399899196885	0.00164067931567577	Inf	0.0134758009373578	0.0199456657821246
"100"	0.0168908878762733	0.00168527655495176	Inf	0.0138864264332979	0.0205318587876357
"50"	0.0168562722315315	0.0016821891256264	Inf	0.0138573848967927	0.020490665946203
