"contrast"	"odds.ratio"	"SE"	"df"	"null"	"z.ratio"	"p.value"
"seurat / scvi"	0.660674824258685	0.0475247646081715	Inf	1	-5.76216265439745	8.30429092019898e-09
