"method"	"response"	"SE"	"df"	"asymp.LCL"	"asymp.UCL"
"seurat"	0.783251726773767	0.0263794976294235	Inf	0.727141586920933	0.830512919788185
"scvi"	0.845431657685155	0.0202127818251659	Inf	0.801556134434574	0.88104602809803
