"contrast"	"odds.ratio"	"SE"	"df"	"null"	"z.ratio"	"p.value"
"subsample_ref500 / subsample_ref100"	1.20267197803321	0.0404066121290312	Inf	1	5.49286283255386	1.18507655910705e-07
"subsample_ref500 / subsample_ref50"	1.18491764244994	0.0422376267781402	Inf	1	4.75994673314926	5.78361646319525e-06
"subsample_ref100 / subsample_ref50"	0.985237591040986	0.0332562472810193	Inf	1	-0.440606069914215	0.898536709513633
