"subsample_ref"	"response"	"SE"	"df"	"asymp.LCL"	"asymp.UCL"
"500"	0.889522517432244	0.0147501870367037	Inf	0.857134584081103	0.915293643564648
"100"	0.870041683871093	0.0168739307449564	Inf	0.833249047388837	0.899693491929984
"50"	0.871714065396781	0.0167870765611355	Inf	0.835068189454604	0.901181191984166
