"contrast"	"odds.ratio"	"SE"	"df"	"null"	"z.ratio"	"p.value"
"seurat / scvi"	1.69620332635044	0.0925633458639291	Inf	1	9.68267693090468	3.57237386358188e-22
