"method"	"response"	"SE"	"df"	"asymp.LCL"	"asymp.UCL"
"seurat"	0.399051071053345	0.0153465020768	Inf	0.369386958146994	0.429475006945764
"scvi"	0.281342325315745	0.0126994465697631	Inf	0.257134066820576	0.306888168765109
