"subsample_ref"	"response"	"SE"	"df"	"asymp.LCL"	"asymp.UCL"
"100"	0.25183052515952	0.00980717047005847	Inf	0.233099307249866	0.271533994803411
"50"	0.243173423848557	0.00958110251421842	Inf	0.224889798176004	0.262440221116441
