"contrast"	"odds.ratio"	"SE"	"df"	"null"	"z.ratio"	"p.value"
"subsample_ref100 / subsample_ref50"	1.0475835023927	0.0175541472018792	Inf	1	2.7741624658147	0.00553440317341087
