"contrast"	"odds.ratio"	"SE"	"df"	"null"	"z.ratio"	"p.value"
"seurat / scvi"	0.537990786799852	0.0321868535470545	Inf	1	-10.3616197254729	3.7063185731047e-25
