"contrast"	"odds.ratio"	"SE"	"df"	"null"	"z.ratio"	"p.value"
"subsample_ref500 / subsample_ref100"	1.091259758521	0.0341162168149616	Inf	1	2.79347322492648	0.0144295296677885
"subsample_ref500 / subsample_ref50"	1.26270436660642	0.0390167879929444	Inf	1	7.54887988323523	1.50546242139171e-13
"subsample_ref100 / subsample_ref50"	1.15710705608515	0.0345692804012948	Inf	1	4.88435106821599	3.10205606712799e-06
