"method"	"response"	"SE"	"df"	"asymp.LCL"	"asymp.UCL"
"seurat"	0.954982648399795	0.0159997794787009	Inf	0.910943514201849	0.977775401529507
"scvi"	0.967229402771185	0.0118092965813426	Inf	0.934298631107357	0.983938395247174
