"sex"	"response"	"SE"	"df"	"asymp.LCL"	"asymp.UCL"
"male"	0.935006827625903	0.026041332094343	Inf	0.861328640047072	0.970862925944861
"None"	0.977539435864337	0.0133061233400331	Inf	0.929920828446317	0.993043384733567
