"contrast"	"odds.ratio"	"SE"	"df"	"null"	"z.ratio"	"p.value"
"subsample_ref500 / subsample_ref100"	1.10572595251281	0.0262679102824192	Inf	1	4.23055232958757	6.9184536806044e-05
"subsample_ref500 / subsample_ref50"	1.30622420705331	0.0310222615465186	Inf	1	11.2482333504171	5.32907051820075e-15
"subsample_ref100 / subsample_ref50"	1.18132725752241	0.0277187362437658	Inf	1	7.10186494956231	3.71469521809331e-12
