"treatment_state"	"response"	"SE"	"df"	"asymp.LCL"	"asymp.UCL"
"no treatment"	0.963205238272298	0.0131909599266272	Inf	0.926587923476415	0.981914639084206
"treatment"	0.959868631733074	0.0143309702076777	Inf	0.920229521169402	0.980233586459998
