level_0	level_1	class	family	global	subclass
f1_score	mean	0.5942803287423244	0.7507645385580024	0.7927073683547441	0.6006863776903645
f1_score	std	0.411365151892217	0.3420019797879558	0.25626908579572105	0.41032830813254123
precision	mean	0.8164879079795913	0.8841832916252129	0.7771560232743256	0.8336904233121044
precision	std	0.3024101271273884	0.2279555792919805	0.3161552045411198	0.29077629566833374
recall	mean	0.6526380246310526	0.7778608532992504	0.8952484139465964	0.6476349509845427
recall	std	0.41270405822287354	0.3353271207236776	0.1449701518198019	0.41076255251108695
