metric	stat	class	family	global	subclass
f1_score	mean	0.5942803287423244	0.7507645385580024	0.7927073683547441	0.6006863776903645
f1_score	std	0.41136515189221734	0.3420019797879559	0.2562690857957211	0.410328308132541
precision	mean	0.8164879079795913	0.8841832916252129	0.7771560232743256	0.8336904233121044
precision	std	0.3024101271273884	0.22795557929198038	0.31615520454111984	0.2907762956683335
recall	mean	0.6526380246310526	0.7778608532992504	0.8952484139465964	0.6476349509845427
recall	std	0.41270405822287354	0.33532712072367765	0.14497015181980197	0.41076255251108723
