process	mean_duration	std_duration	count	mean_realtime	std_realtime	mean_memory	std_memory
scVI Query Processing	0.025363526570048308	0.010209226173920038	138	0.003944847020933978	0.0010281968277653058	0.018975033967391305	0.002707373708091505
Seurat Prediction	0.04491847826086957	0.01065778743458737	552	0.008712057165861513	0.003769229724415776	0.022153108016304348	0.01557448581480268
Seurat Query Processing	0.051328502415458936	0.009303958423570072	138	0.008869162640901773	0.00801443921633124	0.02950067934782609	0.01780695336386663
Seurat Reference Processing	0.11409722222222222	0.04233504922990004	8	0.08534722222222221	0.04241932637891503	0.025341796875	0.00027123635735523856
scVI Prediction	0.022152073268921095	0.006314376242571405	552	0.004341183574879227	0.0016396256615296041	0.013009510869565217	0.00075975155366878
