process	mean_duration	std_duration	count	mean_realtime	std_realtime	mean_memory	std_memory
scVI Query Processing	0.023345813204508854	0.0076656720113596035	1656	0.007975442834138487	0.00413345822784995	0.018319746376811594	0.003228808812955549
Seurat Prediction	0.04476338566827698	0.03390663247184203	6624	0.004453166935050993	0.0013126908936346457	0.014920530457427536	0.010573704746815404
Seurat Query Processing	0.29742753623188406	0.06520709474984578	1656	0.005377214170692431	0.00157572929487325	0.021240942028985507	0.016974634069955426
Seurat Reference Processing	0.12516203703703704	0.12537851505788378	96	0.03695601851851852	0.026439729930953254	0.029028320312499998	0.01785581666998164
scVI Prediction	0.020460312667740205	0.007477520108410084	6624	0.0031903851315083203	0.001419888194979175	0.013023663949275363	0.0011512135242115527
