"method"	"response"	"SE"	"df"	"asymp.LCL"	"asymp.UCL"
"seurat"	0.66739299362744	0.0118183852797587	Inf	0.643839329793815	0.690138657526963
"scvi"	0.859679758474185	0.00619625812572689	Inf	0.847090066184703	0.871390266661572
