"contrast"	"odds.ratio"	"SE"	"df"	"null"	"z.ratio"	"p.value"
"seurat / scvi"	0.327517018652129	0.0235706031795525	Inf	1	-15.5099761899977	2.96988990266852e-54
