"subsample_ref"	"response"	"SE"	"df"	"asymp.LCL"	"asymp.UCL"
"500"	0.842089375234046	0.00489170452197149	Inf	0.83226371844977	0.851442202537231
"100"	0.825067042891615	0.00514413217237605	Inf	0.814754754337727	0.834921576353352
"50"	0.799083823888379	0.00557131687409831	Inf	0.787941890107701	0.809781666188573
