"contrast"	"odds.ratio"	"SE"	"df"	"null"	"z.ratio"	"p.value"
"subsample_ref500 / subsample_ref100"	1.13065272552678	0.0435067573741632	Inf	1	3.19119653900047	0.00404756369218151
"subsample_ref500 / subsample_ref50"	1.34081667003642	0.0512880730384814	Inf	1	7.6671474041778	7.09432512735475e-14
"subsample_ref100 / subsample_ref50"	1.18587842205194	0.0448363390317618	Inf	1	4.50913356442107	1.93949468036969e-05
