"method"	"response"	"SE"	"df"	"asymp.LCL"	"asymp.UCL"
"seurat"	0.930581057163568	0.0187876796979797	Inf	0.883461990888175	0.959521665401289
"scvi"	0.966267921930672	0.00948984381210268	Inf	0.941824040445106	0.980652169268331
