"contrast"	"odds.ratio"	"SE"	"df"	"null"	"z.ratio"	"p.value"
"seurat / scvi"	0.308654009543937	0.0247790652617248	Inf	1	-14.6427390805392	1.49905339436382e-48
