"method"	"response"	"SE"	"df"	"asymp.LCL"	"asymp.UCL"
"seurat"	0.182852796499395	0.0148246712021545	Inf	0.155565770058923	0.213714763178559
"scvi"	0.420285018196308	0.0243758022871091	Inf	0.373392459831085	0.468661987333579
