"method"	"response"	"SE"	"df"	"asymp.LCL"	"asymp.UCL"
"seurat"	0.182852806795752	0.0148246679299648	Inf	0.155565785866354	0.213714766117212
"scvi"	0.420285025574431	0.0243757961154358	Inf	0.373392478753649	0.468661982275668
