"contrast"	"odds.ratio"	"SE"	"df"	"null"	"z.ratio"	"p.value"
"seurat / scvi"	0.308654021466533	0.0247790662040439	Inf	1	-14.6427386081523	1.49906381133068e-48
