"contrast"	"odds.ratio"	"SE"	"df"	"null"	"z.ratio"	"p.value"
"subsample_ref500 / subsample_ref100"	0.957547640410727	0.035467433767075	Inf	1	-1.1711653398527	0.470450816353184
"subsample_ref500 / subsample_ref50"	1.00590488747383	0.037688609135192	Inf	1	0.157137321958817	0.986479455905014
"subsample_ref100 / subsample_ref50"	1.05050113960112	0.0382496692882014	Inf	1	1.35309358740734	0.365828201425602
