"subsample_ref"	"response"	"SE"	"df"	"asymp.LCL"	"asymp.UCL"
"500"	0.189878679236681	0.0135920060973686	Inf	0.164656472915101	0.217956370136275
"100"	0.196641487055805	0.0138013063873883	Inf	0.170986702717029	0.225100331098595
"50"	0.188974685711794	0.0135025908761678	Inf	0.163918014993512	0.216868046596293
