"subsample_ref"	"response"	"SE"	"df"	"asymp.LCL"	"asymp.UCL"
"500"	0.217275130483015	0.064454173899818	Inf	0.116661627947137	0.368466082544348
"100"	0.215842514557936	0.0641434983344971	Inf	0.11579769224673	0.366495604819373
"50"	0.208366104723362	0.0625107547717659	Inf	0.111296357119765	0.356167501239091
