"contrast"	"odds.ratio"	"SE"	"df"	"null"	"z.ratio"	"p.value"
"subsample_ref500 / subsample_ref100"	1.00847976173821	0.0375152046518122	Inf	1	0.226990997402599	0.971995521488096
"subsample_ref500 / subsample_ref50"	1.05462532185238	0.0391773921703118	Inf	1	1.43171441076748	0.324539502425496
"subsample_ref100 / subsample_ref50"	1.04575754701774	0.0386286141142375	Inf	1	1.21124748396036	0.446460617111452
