"subsample_ref"	"response"	"SE"	"df"	"asymp.LCL"	"asymp.UCL"
"500"	0.684360796254858	0.00952696049575935	Inf	0.665397899720015	0.702729131033992
"100"	0.693359310645178	0.00932530606038657	Inf	0.674784734031501	0.711326851175817
"50"	0.784162309378414	0.00784947152267437	Inf	0.768380860239397	0.799149554794643
