"method"	"response"	"SE"	"df"	"asymp.LCL"	"asymp.UCL"
"seurat"	0.702355617523949	0.0693794403876548	Inf	0.551831910441142	0.818913808742156
"scvi"	0.242469391177751	0.0608384132449291	Inf	0.143272186657192	0.379892887378608
