"subsample_ref"	"response"	"SE"	"df"	"asymp.LCL"	"asymp.UCL"
"500"	0.187719462777284	0.048936638618159	Inf	0.109689107709435	0.30240455563561
"100"	0.181503222361822	0.0477209745241326	Inf	0.105667190858868	0.293881058122592
"50"	0.171779772248381	0.0457099713281188	Inf	0.0995014181065022	0.280223152555893
