"contrast"	"odds.ratio"	"SE"	"df"	"null"	"z.ratio"	"p.value"
"seurat / scvi"	0.525530162962329	0.0232291591208501	Inf	1	-14.5549227808913	5.43472703544329e-48
