"contrast"	"odds.ratio"	"SE"	"df"	"null"	"z.ratio"	"p.value"
"seurat / scvi"	2.05713305881468	0.301732273312336	Inf	1	4.91772857926013	8.75541935160437e-07
