"subsample_ref"	"response"	"SE"	"df"	"asymp.LCL"	"asymp.UCL"
"500"	0.179336473011831	0.0422245452638619	Inf	0.110743997091675	0.277171634041663
"100"	0.252001939653904	0.0541040729714722	Inf	0.161037347810342	0.371591027880179
"50"	0.242208897082397	0.0527444341270536	Inf	0.153964878777143	0.359536131992675
