"contrast"	"odds.ratio"	"SE"	"df"	"null"	"z.ratio"	"p.value"
"subsample_ref500 / subsample_ref100"	0.648634553124597	0.0469035490534746	Inf	1	-5.98642750114096	6.43240949393942e-09
"subsample_ref500 / subsample_ref50"	0.683695784013939	0.0505736098736827	Inf	1	-5.14042805555978	8.20515771660091e-07
"subsample_ref100 / subsample_ref50"	1.05405390557818	0.0774534376892584	Inf	1	0.716419904191796	0.753769470994572
