"contrast"	"odds.ratio"	"SE"	"df"	"null"	"z.ratio"	"p.value"
"seurat / scvi"	0.559708192990007	0.0324243484138489	Inf	1	-10.0178078850856	1.27294920963553e-23
