"method"	"response"	"SE"	"df"	"asymp.LCL"	"asymp.UCL"
"seurat"	0.583698629462123	0.0609070649257921	Inf	0.461751491579319	0.696195102804099
"scvi"	0.71469866581613	0.0510195607486795	Inf	0.605373655027816	0.803564547216182
