"contrast"	"odds.ratio"	"SE"	"df"	"null"	"z.ratio"	"p.value"
"subsample_ref500 / subsample_ref100"	1.1161112665893	0.0318733735530477	Inf	1	3.84664170281359	0.000352290377510389
"subsample_ref500 / subsample_ref50"	1.11543673202601	0.0310016650452943	Inf	1	3.93066046774929	0.000249798089237974
"subsample_ref100 / subsample_ref50"	0.999395638603889	0.0282117130603754	Inf	1	-0.02141588253317	0.999747170713598
