"subsample_ref"	"response"	"SE"	"df"	"asymp.LCL"	"asymp.UCL"
"500"	0.55218570058484	0.0613532279625286	Inf	0.431240402112987	0.667256735724638
"100"	0.524893203706893	0.0618883409357197	Inf	0.404500854191137	0.642459817793034
"50"	0.525043962838738	0.0618679452464316	Inf	0.404681565900344	0.642565228809697
