"subsample_ref"	"response"	"SE"	"df"	"asymp.LCL"	"asymp.UCL"
"500"	0.625090656014223	0.150067126933843	Inf	0.322163426037245	0.853993463608943
"100"	0.61823367035014	0.151136514769076	Inf	0.315828318494669	0.850321602903279
"50"	0.601101746156775	0.153543757038853	Inf	0.300478890464316	0.840925996303663
