"contrast"	"odds.ratio"	"SE"	"df"	"null"	"z.ratio"	"p.value"
"seurat / scvi"	0.228964429633256	0.0288470068805802	Inf	1	-11.7009281819135	1.26066961959652e-31
