"method"	"response"	"SE"	"df"	"asymp.LCL"	"asymp.UCL"
"seurat"	0.446679174945814	0.151055660595316	Inf	0.19592276727379	0.727857612468448
"scvi"	0.779041813320877	0.105696776846455	Inf	0.51414896671125	0.921548260351658
