"subsample_ref"	"response"	"SE"	"df"	"asymp.LCL"	"asymp.UCL"
"500"	0.250588680236962	0.114318783030212	Inf	0.0920719552026839	0.524391746783566
"100"	0.287154651334173	0.12461738767769	Inf	0.108858929287987	0.570517485238899
"50"	0.300159117328719	0.127845773198486	Inf	0.11512945361065	0.585720933498609
