"contrast"	"odds.ratio"	"SE"	"df"	"null"	"z.ratio"	"p.value"
"subsample_ref500 / subsample_ref100"	0.83008136622108	0.0525427030086564	Inf	1	-2.94212767466388	0.00914253790673736
"subsample_ref500 / subsample_ref50"	0.779630767046687	0.048806693586003	Inf	1	-3.97644772506364	0.000206512238324241
"subsample_ref100 / subsample_ref50"	0.93922210372693	0.0586360795887689	Inf	1	-1.00437003245439	0.574079520622563
