"contrast"	"odds.ratio"	"SE"	"df"	"null"	"z.ratio"	"p.value"
"seurat / scvi"	0.66926864526991	0.0415851423229256	Inf	1	-6.46283789992152	1.02757352737631e-10
