"subsample_ref"	"response"	"SE"	"df"	"asymp.LCL"	"asymp.UCL"
"500"	0.115262998887305	0.0191796258097557	Inf	0.0826633345303865	0.158497584391686
"100"	0.0874295486158239	0.0150141066569644	Inf	0.0621371790663338	0.121681236669357
"50"	0.0909088547699618	0.0155663130369153	Inf	0.0646608840624904	0.1263721685513
