metric	mean	std
f1_score	0.8750133766649748	0.2611654644531741
precision	0.9464798384959633	0.16345005607716767
recall	0.8817704370106773	0.26820391038883823
