metric	stat	class	family	subclass
f1_score	mean	0.8808383289171058	0.9820030473981546	0.8403161763701084
f1_score	std	0.24060709381377013	0.06339787355090068	0.30140883536382546
precision	mean	0.9358936776279506	0.9845824547096405	0.9451779878273565
precision	std	0.17918838884481583	0.06204989587456396	0.16696159590858312
recall	mean	0.8954949465223337	0.9835057123755955	0.8413459746193571
recall	std	0.2418854958866827	0.06955028025704525	0.31293270107746657
