metric	stat	class	family	subclass
f1_score	mean	0.8806275888210509	0.9821527698762526	0.8393134774790353
f1_score	std	0.24109481136573835	0.06328001184282839	0.3024472715371515
precision	mean	0.9360203741295998	0.9849496919786529	0.9446805654074406
precision	std	0.17915497873869632	0.0615738106460605	0.16794736605393198
recall	mean	0.895211188665199	0.9833983982296873	0.8406122931198707
recall	std	0.24237309296501672	0.06955811143485424	0.31382913113859406
