"contrast"	"odds.ratio"	"SE"	"df"	"null"	"z.ratio"	"p.value"
"Control / Disease"	1.0299566918739	0.00576225730318494	Inf	1	5.27588015551528	1.32120414377339e-07
