"disease_state"	"response"	"SE"	"df"	"asymp.LCL"	"asymp.UCL"
"Control"	0.977278515773393	0.00606367877783594	Inf	0.96181005020561	0.986569121105203
"Disease"	0.976613773352267	0.00623625188438597	Inf	0.960712837349487	0.986171659475966
