"method"	"response"	"SE"	"df"	"asymp.LCL"	"asymp.UCL"
"seurat"	0.972212749850536	0.00737682976840503	Inf	0.953460815757481	0.983539448431485
"scvi"	0.98089297720096	0.00511775116048787	Inf	0.967804758595001	0.988722488647113
