"contrast"	"odds.ratio"	"SE"	"df"	"null"	"z.ratio"	"p.value"
"seurat / scvi"	0.681533390442318	0.00404073816608343	Inf	1	-64.6680703729622	0
