"contrast"	"odds.ratio"	"SE"	"df"	"null"	"z.ratio"	"p.value"
"False / True"	0.855124545288693	0.00697606620229949	Inf	1	-19.1847324613056	4.96489876750654e-82
