"region_match"	"response"	"SE"	"df"	"asymp.LCL"	"asymp.UCL"
"False"	0.975118836383726	0.00662426236711924	Inf	0.958246455971672	0.985277928776216
"True"	0.978646534080677	0.0057076592313453	Inf	0.964071631744254	0.987386258780405
