"sex"	"response"	"SE"	"df"	"asymp.LCL"	"asymp.UCL"
"F"	0.974746890843227	0.00836335614954157	Inf	0.951997471588784	0.986863646483636
"female"	0.9760464099202	0.00794638995379561	Inf	0.954402582022138	0.987550526948663
"M"	0.975993609971986	0.00796006966043778	Inf	0.9543167277601	0.987519250419074
"None"	0.980564994412923	0.00747574204449819	Inf	0.958995460689252	0.990896062104595
