"contrast"	"odds.ratio"	"SE"	"df"	"null"	"z.ratio"	"p.value"
"female / male"	0.960798639718977	0.00479388336849396	Inf	1	-8.01495197621461	4.27435864480685e-14
"female / None"	0.775667463842367	0.40326640489709	Inf	1	-0.488619610375258	0.876723976004788
"male / None"	0.807315322666611	0.419712869759502	Inf	1	-0.411706557458553	0.910812605736519
