"contrast"	"odds.ratio"	"SE"	"df"	"null"	"z.ratio"	"p.value"
"F / female"	0.947277337387738	0.0114015190708598	Inf	1	-4.50007866251602	4.02042630297528e-05
"F / M"	0.949416742634484	0.00535723610259391	Inf	1	-9.19910749024057	4.56301663120939e-14
"F / None"	0.76504201616557	0.396988983064315	Inf	1	-0.516127706895541	0.955263886854592
"female / M"	1.00225847823262	0.0106554724166512	Inf	1	0.21219394019903	0.996625694341136
"female / None"	0.807621998300192	0.419148845868655	Inf	1	-0.411685370723357	0.976471861442425
"M / None"	0.805802111770957	0.41812788706469	Inf	1	-0.416108202436972	0.975738253383357
