"contrast"	"odds.ratio"	"SE"	"df"	"null"	"z.ratio"	"p.value"
"subsample_ref500 / subsample_ref100"	1.16707151777699	0.00522392828219174	Inf	1	34.5161302910641	0
"subsample_ref500 / subsample_ref50"	1.35519465559747	0.00603898494705831	Inf	1	68.2076177474669	0
"subsample_ref100 / subsample_ref50"	1.16119246760371	0.00494789308227747	Inf	1	35.0729632623623	0
