"subsample_ref"	"response"	"SE"	"df"	"asymp.LCL"	"asymp.UCL"
"500"	0.980150292212781	0.00531269417372084	Inf	0.966570536309101	0.98828054868936
"100"	0.976910543450529	0.00615918438561637	Inf	0.96120272804135	0.986349068944007
"50"	0.973288114510589	0.00709894661169014	Inf	0.95522924668272	0.9841833153441
