"1"	"response"	"SE"	"df"	"asymp.LCL"	"asymp.UCL"
"overall"	0.97694848407656	0.00614906747531064	Inf	0.961266217698864	0.986371441664813
