"1"	"response"	"SE"	"df"	"asymp.LCL"	"asymp.UCL"
"overall"	0.97730696439053	0.00581174433224744	Inf	0.962642040505098	0.986297095419325
