"method"	"response"	"SE"	"df"	"asymp.LCL"	"asymp.UCL"
"seurat"	0.526130527765479	0.0614000129758372	Inf	0.406592919929388	0.642746089830715
"scvi"	0.117674350051861	0.0253734697013963	Inf	0.0763066549081395	0.177167025451328
