"contrast"	"odds.ratio"	"SE"	"df"	"null"	"z.ratio"	"p.value"
"subsample_ref500 / subsample_ref100"	1.02162023283756	0.0698725865085546	Inf	1	0.31274473721669	0.947513642084268
"subsample_ref500 / subsample_ref50"	0.99499616245551	0.0658630603959077	Inf	1	-0.0757829561162273	0.996838732825506
"subsample_ref100 / subsample_ref50"	0.973939366580377	0.0653258586636247	Inf	1	-0.393688911464556	0.918123781966177
