"subsample_ref"	"response"	"SE"	"df"	"asymp.LCL"	"asymp.UCL"
"500"	0.320174935092451	0.0500736267127112	Inf	0.230789238298406	0.425050095822423
"100"	0.315537177174613	0.049816235769142	Inf	0.22680489538117	0.420121564389108
"50"	0.321267802759145	0.0500971049267854	Inf	0.231787665334362	0.426129926766601
