"contrast"	"odds.ratio"	"SE"	"df"	"null"	"z.ratio"	"p.value"
"seurat / scvi"	1.16173299014149	0.0811451142225808	Inf	1	2.14626231061636	0.0318520567519113
