"method"	"response"	"SE"	"df"	"asymp.LCL"	"asymp.UCL"
"seurat"	0.31843125023205	0.0232873445925799	Inf	0.274623015619032	0.365704601763984
"scvi"	0.286815014040838	0.0218714349735134	Inf	0.245924187239038	0.331515831345108
