"subsample_ref"	"response"	"SE"	"df"	"asymp.LCL"	"asymp.UCL"
"500"	0.231572603507776	0.0175597416756463	Inf	0.1989513399999	0.267754788377182
"100"	0.227742337799249	0.0173293444958909	Inf	0.195568987680927	0.263474997235727
"50"	0.231422317005372	0.0175096896010397	Inf	0.198890632324777	0.267498312406454
