"contrast"	"odds.ratio"	"SE"	"df"	"null"	"z.ratio"	"p.value"
"subsample_ref500 / subsample_ref100"	1.02188680092413	0.0316062286180538	Inf	1	0.700007225815065	0.76347211564114
"subsample_ref500 / subsample_ref50"	1.00084510739047	0.0308988244900954	Inf	1	0.0273623481514232	0.999587306939858
"subsample_ref100 / subsample_ref50"	0.979408978064276	0.0298460193522334	Inf	1	-0.682756262051561	0.773558784603666
