"method"	"response"	"SE"	"df"	"asymp.LCL"	"asymp.UCL"
"seurat"	0.747480506611474	0.0423479415880818	Inf	0.655993485957135	0.821266133351796
"scvi"	0.68984890704781	0.0480053895413718	Inf	0.588957646923424	0.775419164585861
