"contrast"	"odds.ratio"	"SE"	"df"	"null"	"z.ratio"	"p.value"
"seurat / scvi"	1.33083525524466	0.0271864062524178	Inf	1	13.9908785409552	1.77209231096888e-44
