"sex"	"response"	"SE"	"df"	"asymp.LCL"	"asymp.UCL"
"female"	0.772930098291238	0.0500378018682166	Inf	0.66063906784112	0.856155357077226
"male"	0.753207581447863	0.0519565074316221	Inf	0.638294324986626	0.84072306639274
"None"	0.619216784975191	0.0871716558547074	Inf	0.440685028679188	0.770446266912579
