"contrast"	"odds.ratio"	"SE"	"df"	"null"	"z.ratio"	"p.value"
"female / male"	1.11531560474209	0.067686365143659	Inf	1	1.79833361696137	0.170109412723841
"female / None"	2.09322408673899	0.976922571731575	Inf	1	1.58280317782013	0.253056159023753
"male / None"	1.87679978459822	0.869545767996041	Inf	1	1.35883962432333	0.362722103223968
