"subsample_ref"	"response"	"SE"	"df"	"asymp.LCL"	"asymp.UCL"
"500"	0.725546349450999	0.0446749792257653	Inf	0.630047472576231	0.804059880341979
"100"	0.715357771628232	0.0456832755636443	Inf	0.618178301202896	0.795967052108534
"50"	0.717735572221452	0.0454513459669647	Inf	0.620939757393878	0.79786036388163
