"method"	"cutoff"	"response"	"SE"	"df"	"asymp.LCL"	"asymp.UCL"
"seurat"	0	0.947329228386238	0.0166273560266071	Inf	0.903475701747586	0.971879078705847
"scvi"	0	0.94343498800851	0.0177836495667838	Inf	0.896691531017139	0.969742341874483
