"method"	"cutoff"	"response"	"SE"	"df"	"asymp.LCL"	"asymp.UCL"
"seurat"	0	0.947137629737435	0.0165696679071036	Inf	0.903533290815124	0.971650598192797
"scvi"	0	0.944507510314582	0.0173457041695105	Inf	0.89896534567364	0.970201651915592
