"method"	"cutoff"	"response"	"SE"	"df"	"asymp.LCL"	"asymp.UCL"
"seurat"	0	0.947716801523172	0.0165167851394892	Inf	0.904136083565961	0.972096720556157
"scvi"	0	0.943849518087579	0.0176660096873786	Inf	0.897394583016326	0.969975527219033
