"sex"	"response"	"SE"	"df"	"asymp.LCL"	"asymp.UCL"
"female"	0.938976328635027	0.0226327054512431	Inf	0.876464419770075	0.970905781537552
"male"	0.939777710657851	0.0223082501639447	Inf	0.878151712927696	0.971255943651644
"None"	0.956856582630431	0.024855953173474	Inf	0.872030032136168	0.986335820030701
