"sex"	"response"	"SE"	"df"	"asymp.LCL"	"asymp.UCL"
"female"	0.939628476665063	0.0225687105227912	Inf	0.877094289038141	0.971383477266347
"male"	0.939863163078147	0.0224397976958691	Inf	0.87771466212792	0.971453498682478
"None"	0.956265129158539	0.0253632513975651	Inf	0.869467534076735	0.986258796370295
