"contrast"	"odds.ratio"	"SE"	"df"	"null"	"z.ratio"	"p.value"
"female / male"	0.995863898529791	0.0302440007856836	Inf	1	-0.136474536367626	0.989784277145439
"female / None"	0.711825537674303	0.516138961427858	Inf	1	-0.468799071255198	0.885935752796796
"male / None"	0.714781948341718	0.517958757849245	Inf	1	-0.463372557810858	0.888407690844404
