"sex"	"response"	"SE"	"df"	"asymp.LCL"	"asymp.UCL"
"female"	0.939184792663454	0.0227191663910871	Inf	0.876268935103868	0.971161517115772
"male"	0.939421092642698	0.0225894553290761	Inf	0.876892934359984	0.971232053942474
"None"	0.955937978237616	0.0255420031020158	Inf	0.868592191757239	0.986151340791959
