"subsample_ref"	"response"	"SE"	"df"	"asymp.LCL"	"asymp.UCL"
"500"	0.945815676347539	0.0170769103050175	Inf	0.900837035626625	0.971048442952506
"100"	0.945598105126877	0.0171411182344147	Inf	0.900459294587339	0.97092862693083
"50"	0.944826029266559	0.0173699396640451	Inf	0.899115812458656	0.970504558835149
