"subsample_ref"	"response"	"SE"	"df"	"asymp.LCL"	"asymp.UCL"
"500"	0.945837618638114	0.0169477635752073	Inf	0.901293451439438	0.970928344459587
"100"	0.945220306015289	0.0171293352445798	Inf	0.900223373916172	0.970587674709085
"50"	0.944601689229032	0.0173112841714029	Inf	0.899151347851816	0.970246344830128
