"contrast"	"odds.ratio"	"SE"	"df"	"null"	"z.ratio"	"p.value"
"subsample_ref500 / subsample_ref100"	1.0042464029054	0.0136410917942428	Inf	1	0.311954952258999	0.947771307789325
"subsample_ref500 / subsample_ref50"	1.01933102319954	0.0137510233050835	Inf	1	1.41928891659936	0.33088698106082
"subsample_ref100 / subsample_ref50"	1.01502083577347	0.0134127804735031	Inf	1	1.12825882106525	0.496602175445523
