"contrast"	"odds.ratio"	"SE"	"df"	"null"	"z.ratio"	"p.value"
"subsample_ref500 / subsample_ref100"	1.01205797457591	0.0136640444876372	Inf	1	0.887759222164711	0.648045243009241
"subsample_ref500 / subsample_ref50"	1.02415723353625	0.0137684404290947	Inf	1	1.77556042185673	0.177815287851208
"subsample_ref100 / subsample_ref50"	1.01195510461287	0.0133147208454141	Inf	1	0.903232138789212	0.638251990613655
