"treatment_state"	"response"	"SE"	"df"	"asymp.LCL"	"asymp.UCL"
"No treatment"	0.945977951706694	0.0170352643358903	Inf	0.901097458620159	0.971144523900727
"treatment"	0.944846164346603	0.0173820421451076	Inf	0.899089199443307	0.970535058075855
