"contrast"	"odds.ratio"	"SE"	"df"	"null"	"z.ratio"	"p.value"
"No treatment / treatment"	1.01980769631382	0.0300003218939025	Inf	1	0.666745718175035	0.504934570731362
