"treatment_state"	"response"	"SE"	"df"	"asymp.LCL"	"asymp.UCL"
"No treatment"	0.946374905238028	0.0169221337279985	Inf	0.901773028954257	0.971367467793041
"treatment"	0.945250952926838	0.0172668742240517	Inf	0.899777080863673	0.970762531596181
