"method"	"response"	"SE"	"df"	"asymp.LCL"	"asymp.UCL"
"seurat"	0.113563882639869	0.00853910961648257	Inf	0.0978718259909525	0.131405412230511
"scvi"	0.516009574484549	0.0214320615877499	Inf	0.473989371851314	0.557804613544494
