"contrast"	"odds.ratio"	"SE"	"df"	"null"	"z.ratio"	"p.value"
"seurat / scvi"	0.904717582964307	0.0154335589305963	Inf	1	-5.86977934511048	4.36375521500729e-09
