"method"	"response"	"SE"	"df"	"asymp.LCL"	"asymp.UCL"
"seurat"	0.877562970324513	0.0293593842574556	Inf	0.807523331729035	0.924499045028581
"scvi"	0.88792154845775	0.0271965490971154	Inf	0.822598682886688	0.931202839417798
