"sex"	"response"	"SE"	"df"	"asymp.LCL"	"asymp.UCL"
"female"	0.875833090232769	0.0357831716769421	Inf	0.787285146983752	0.930762383101295
"male"	0.875923330976901	0.0355954662823088	Inf	0.787922931106565	0.930623541682931
"None"	0.895755325601885	0.0458726994678052	Inf	0.766396686421219	0.957457493053281
