"contrast"	"odds.ratio"	"SE"	"df"	"null"	"z.ratio"	"p.value"
"female / male"	0.999170281638737	0.0357918724917586	Inf	1	-0.0231721335600506	0.999704009326821
"female / None"	0.82088053014523	0.485265233627702	Inf	1	-0.333886497155117	0.940402041468928
"male / None"	0.82156219538366	0.48497403973398	Inf	1	-0.332958247540317	0.94072287829317
