"subsample_ref"	"response"	"SE"	"df"	"asymp.LCL"	"asymp.UCL"
"500"	0.883232265871673	0.02818105994672	Inf	0.815754153257184	0.928173208242953
"100"	0.884226681052268	0.0279719495555288	Inf	0.817205933074508	0.928815017764636
"50"	0.881046055150579	0.0286369342346149	Inf	0.812574632653153	0.92675776332881
