"contrast"	"odds.ratio"	"SE"	"df"	"null"	"z.ratio"	"p.value"
"subsample_ref500 / subsample_ref100"	0.99036878057497	0.0135497743166351	Inf	1	-0.707368948497552	0.759132464223937
"subsample_ref500 / subsample_ref50"	1.0212505686481	0.0138908964698622	Inf	1	1.54596065105875	0.269491577392942
"subsample_ref100 / subsample_ref50"	1.03118210981489	0.0138047720741229	Inf	1	2.2936485865989	0.0566779646154163
