"1"	"response"	"SE"	"df"	"asymp.LCL"	"asymp.UCL"
"overall"	0.882841512313509	0.0282508370979453	Inf	0.815219150451443	0.927905338187863
