"contrast"	"odds.ratio"	"SE"	"df"	"null"	"z.ratio"	"p.value"
"No treatment / treatment"	1.24770055366946	0.0344304916892707	Inf	1	8.01960671846746	1.06084268165505e-15
