"contrast"	"odds.ratio"	"SE"	"df"	"null"	"z.ratio"	"p.value"
"seurat / scvi"	0.787198737706316	0.0435063933492594	Inf	1	-4.32940078019397	1.49515614700823e-05
