"method"	"response"	"SE"	"df"	"asymp.LCL"	"asymp.UCL"
"seurat"	0.926655287434605	0.0152267856997122	Inf	0.890640990830393	0.951455737510147
"scvi"	0.941347698681483	0.0123828900351813	Inf	0.911823723545863	0.961404620065756
