"contrast"	"odds.ratio"	"SE"	"df"	"null"	"z.ratio"	"p.value"
"subsample_ref500 / subsample_ref100"	0.698653523864467	0.0188325914111447	Inf	1	-13.3033941688206	0
"subsample_ref500 / subsample_ref50"	0.736845335846159	0.0201755577987454	Inf	1	-11.1528918198586	9.32587340685131e-15
"subsample_ref100 / subsample_ref50"	1.05466488134267	0.0288270437067188	Inf	1	1.94721670884556	0.125618615949586
