"subsample_ref"	"response"	"SE"	"df"	"asymp.LCL"	"asymp.UCL"
"500"	0.826269487399796	0.0317796591787078	Inf	0.755008557981502	0.880094515953624
"100"	0.871917027340523	0.0247365086939965	Inf	0.815158798184573	0.913104662141243
"50"	0.865854624532168	0.0257444633413788	Inf	0.806959190665061	0.908811951554081
