"method"	"cutoff"	"response"	"SE"	"df"	"asymp.LCL"	"asymp.UCL"
"seurat"	0	0.822740810847584	0.0407861706183336	Inf	0.728473415059528	0.889256139677926
"scvi"	0	0.799216965569731	0.0448768214921522	Inf	0.697048865706981	0.873197513371037
