"contrast"	"odds.ratio"	"SE"	"df"	"null"	"z.ratio"	"p.value"
"seurat cutoff0 / scvi cutoff0"	1.16604846358878	0.0161843814275637	Inf	1	11.0680241265828	1.79310550891226e-28
