"sex"	"response"	"SE"	"df"	"asymp.LCL"	"asymp.UCL"
"female"	0.775579621812698	0.058140973200005	Inf	0.64230684259481	0.869300573172289
"male"	0.782940667410458	0.0566156154070536	Inf	0.652475985531713	0.873893507209798
"None"	0.864323977123204	0.0596846245108514	Inf	0.701434146868045	0.945278304454113
