"contrast"	"odds.ratio"	"SE"	"df"	"null"	"z.ratio"	"p.value"
"female / male"	0.958106333961329	0.0277462796930607	Inf	1	-1.47780564041491	0.30160166044999
"female / None"	0.54248863373186	0.330227212692607	Inf	1	-1.00470101999613	0.573869969766772
"male / None"	0.566209213427197	0.34438853664592	Inf	1	-0.935150359109394	0.618004716222695
