"method"	"response"	"SE"	"df"	"asymp.LCL"	"asymp.UCL"
"seurat"	0.175255173247403	0.0158174006495459	Inf	0.146375778398581	0.208441056249104
"scvi"	0.30807134421048	0.0228712178435668	Inf	0.265135632652918	0.354604897705833
