"contrast"	"odds.ratio"	"SE"	"df"	"null"	"z.ratio"	"p.value"
"subsample_ref500 / subsample_ref100"	0.951177125568063	0.0281289446416639	Inf	1	-1.69260362874762	0.20798496459266
"subsample_ref500 / subsample_ref50"	1.12076029579119	0.0333492056980439	Inf	1	3.83142092840049	0.000374650170583135
"subsample_ref100 / subsample_ref50"	1.17828768760797	0.033877455231049	Inf	1	5.70623012410773	3.46264362738324e-08
