"contrast"	"odds.ratio"	"SE"	"df"	"null"	"z.ratio"	"p.value"
"seurat / scvi"	1.06980458145454	0.0215562826551887	Inf	1	3.34872819064691	0.000811833973234622
