"sex"	"response"	"SE"	"df"	"asymp.LCL"	"asymp.UCL"
"female"	0.836828749932759	0.0420802110081094	Inf	0.737072301945544	0.903682796704677
"male"	0.845106133107733	0.0397822423172464	Inf	0.750460738028962	0.908243406748677
"None"	0.774596920211058	0.0701915696098741	Inf	0.609807886511482	0.883128977353912
