"contrast"	"odds.ratio"	"SE"	"df"	"null"	"z.ratio"	"p.value"
"female / male"	0.939974171130414	0.0519078083930717	Inf	1	-1.12097026708146	0.501087315284416
"female / None"	1.49237179124261	0.755701475850808	Inf	1	0.790650712611946	0.708787403498997
"male / None"	1.58767319047488	0.799855719789412	Inf	1	0.917581684746022	0.629155106891113
