"subsample_ref"	"response"	"SE"	"df"	"asymp.LCL"	"asymp.UCL"
"500"	0.828407825991011	0.0346391319248899	Inf	0.749655347482497	0.886149047963634
"100"	0.820872185087955	0.0358297546598535	Inf	0.739751979964481	0.880781932953359
"50"	0.812957195967117	0.0370512343059815	Inf	0.72943648408107	0.875110030560754
