"contrast"	"odds.ratio"	"SE"	"df"	"null"	"z.ratio"	"p.value"
"subsample_ref500 / subsample_ref100"	1.05349918648423	0.0173363554032244	Inf	1	3.16706756546338	0.00439203412913103
"subsample_ref500 / subsample_ref50"	1.11075951284967	0.0182056671797173	Inf	1	6.40891933637574	4.39617675596082e-10
"subsample_ref100 / subsample_ref50"	1.0543525112312	0.0170327682522533	Inf	1	3.2762467733946	0.00302087832556941
