"1"	"response"	"SE"	"df"	"asymp.LCL"	"asymp.UCL"
"overall"	0.820832497086471	0.0358093544424625	Inf	0.739768284575739	0.880716345022939
