"contrast"	"odds.ratio"	"SE"	"df"	"null"	"z.ratio"	"p.value"
"No treatment / treatment"	1.12957774329291	0.0309395838014896	Inf	1	4.44841601112608	8.65058621706106e-06
