"method"	"response"	"SE"	"df"	"asymp.LCL"	"asymp.UCL"
"seurat"	0.749086285076504	0.0447348207258184	Inf	0.651867963848628	0.826386341809633
"scvi"	0.793767531990497	0.0389670227966278	Inf	0.707079135917937	0.859884757355875
