"sex"	"response"	"SE"	"df"	"asymp.LCL"	"asymp.UCL"
"female"	0.81946185222416	0.0446374836660461	Inf	0.715316750943649	0.891297473097264
"male"	0.812095053543232	0.0452771068865435	Inf	0.707265146876294	0.88546413629618
"None"	0.66505660569609	0.0874130781084539	Inf	0.479209483546114	0.810771543928995
