"contrast"	"odds.ratio"	"SE"	"df"	"null"	"z.ratio"	"p.value"
"female / male"	1.05024616890627	0.0620729274694517	Inf	1	0.829474021268624	0.684694575725468
"female / None"	2.2859807248591	1.13118002019482	Inf	1	1.67085495224839	0.216445726316004
"male / None"	2.17661420011627	1.07045289522188	Inf	1	1.58148614633991	0.253632389045112
