"contrast"	"odds.ratio"	"SE"	"df"	"null"	"z.ratio"	"p.value"
"subsample_ref500 / subsample_ref100"	1.04695301644384	0.0177050953349365	Inf	1	2.71325572508215	0.0182864945105344
"subsample_ref500 / subsample_ref50"	1.0658018992835	0.017952990725128	Inf	1	3.78326166925307	0.000454496065531274
"subsample_ref100 / subsample_ref50"	1.01800356132855	0.0170074860721662	Inf	1	1.06803918263742	0.533972672476965
