"subsample_ref"	"response"	"SE"	"df"	"asymp.LCL"	"asymp.UCL"
"500"	0.77856148789049	0.0410332606178374	Inf	0.688006863795426	0.848616164009823
"100"	0.770549921545551	0.0420796802009869	Inf	0.678075276740097	0.84262590508699
"50"	0.76737993751962	0.0424854279932859	Inf	0.674168187821037	0.840245091654712
