"1"	"response"	"SE"	"df"	"asymp.LCL"	"asymp.UCL"
"overall"	0.77219829513232	0.0418320570004753	Inf	0.680196285718259	0.84381046771249
