"treatment_state"	"response"	"SE"	"df"	"asymp.LCL"	"asymp.UCL"
"No treatment"	0.781473069763991	0.0406434543828056	Inf	0.69164172046287	0.850780671734709
"treatment"	0.762649436024123	0.0431744855351192	Inf	0.668139763634541	0.836817530965524
