"contrast"	"odds.ratio"	"SE"	"df"	"null"	"z.ratio"	"p.value"
"seurat / scvi"	1.16173379992076	0.0811452078752279	Inf	1	2.14627130896313	0.0318513392510234
