"method"	"response"	"SE"	"df"	"asymp.LCL"	"asymp.UCL"
"seurat"	0.577975072246594	0.035672125771221	Inf	0.506957283028163	0.645908337100186
"scvi"	0.212467931636985	0.0233107375287372	Inf	0.170347961440525	0.261717117590452
