"contrast"	"odds.ratio"	"SE"	"df"	"null"	"z.ratio"	"p.value"
"subsample_ref500 / subsample_ref100"	1.16964342783526	0.0832186743183576	Inf	1	2.20241293937546	0.0707520084962187
"subsample_ref500 / subsample_ref50"	1.3004041135617	0.0919920721683629	Inf	1	3.71318676794045	0.00059956362930047
"subsample_ref100 / subsample_ref50"	1.11179534088303	0.0757128401525587	Inf	1	1.55619272225624	0.264861478299853
