"subsample_ref"	"response"	"SE"	"df"	"asymp.LCL"	"asymp.UCL"
"500"	0.492473415309479	0.0282726690850108	Inf	0.437377430660478	0.547752829695616
"100"	0.453433452715734	0.0275661351919843	Inf	0.400156513383586	0.507798843876813
"50"	0.427322511681817	0.0269808591325285	Inf	0.375457210523723	0.480836382455822
