"contrast"	"odds.ratio"	"SE"	"df"	"null"	"z.ratio"	"p.value"
"False / True"	0.809565431287152	0.00574045865396906	Inf	1	-29.793249115734	4.77813396652233e-195
