"subsample_ref"	"response"	"SE"	"df"	"asymp.LCL"	"asymp.UCL"
"500"	0.951272552437095	0.01219076080061	Inf	0.921005796023775	0.9703163117325
"100"	0.945598101709526	0.0135290368881563	Inf	0.912132827621975	0.966781893843237
"50"	0.938612997502562	0.0151532398936736	Inf	0.901299741377386	0.962408460217425
