"1"	"response"	"SE"	"df"	"asymp.LCL"	"asymp.UCL"
"overall"	0.945390693215671	0.0135771731919961	Inf	0.911811149823017	0.966651832155324
