"method"	"response"	"SE"	"df"	"asymp.LCL"	"asymp.UCL"
"seurat"	0.585409416598683	0.136446456854194	Inf	0.319330077057207	0.809519671538193
"scvi"	0.636975299323041	0.13005646291626	Inf	0.368165609736353	0.840856466828346
