"contrast"	"odds.ratio"	"SE"	"df"	"null"	"z.ratio"	"p.value"
"subsample_ref500 / subsample_ref100"	0.937610032806427	0.0478339427344807	Inf	1	-1.2627419402369	0.416361972335025
"subsample_ref500 / subsample_ref50"	0.969258884069244	0.0492304620664296	Inf	1	-0.614735042584757	0.812059941191613
"subsample_ref100 / subsample_ref50"	1.03375481293442	0.051342064517726	Inf	1	0.668422725645806	0.781846884796998
