"contrast"	"odds.ratio"	"SE"	"df"	"null"	"z.ratio"	"p.value"
"seurat / scvi"	1.36152122987946	0.0874344939098033	Inf	1	4.80552935266846	1.54342591057541e-06
