"contrast"	"odds.ratio"	"SE"	"df"	"null"	"z.ratio"	"p.value"
"subsample_ref500 / subsample_ref100"	1.16799847394257	0.0370666414332641	Inf	1	4.89335744838174	2.96352168294156e-06
"subsample_ref500 / subsample_ref50"	1.17926731122593	0.0369143445736225	Inf	1	5.26768950723917	4.13732137993783e-07
"subsample_ref100 / subsample_ref50"	1.0096479897318	0.0298225862743326	Inf	1	0.325068474444536	0.943418156100119
