"subsample_ref"	"response"	"SE"	"df"	"asymp.LCL"	"asymp.UCL"
"500"	0.548062586324383	0.0604039761474928	Inf	0.429196735718343	0.661686918383691
"100"	0.526537624557014	0.0607314461049598	Inf	0.408246145121398	0.641923194251442
"50"	0.531777693315077	0.0607142409237951	Inf	0.413227466800064	0.646845926134058
