"contrast"	"odds.ratio"	"SE"	"df"	"null"	"z.ratio"	"p.value"
"subsample_ref500 / subsample_ref100"	1.09045543843768	0.0326673221731478	Inf	1	2.89060947850929	0.0107363514586348
"subsample_ref500 / subsample_ref50"	1.06776048375446	0.0323103981817384	Inf	1	2.16667278076763	0.076991521238715
"subsample_ref100 / subsample_ref50"	0.979187636758701	0.02820509463085	Inf	1	-0.730161268774134	0.745571667432552
