"contrast"	"odds.ratio"	"SE"	"df"	"null"	"z.ratio"	"p.value"
"seurat / scvi"	0.663676515162265	0.02466176653918	Inf	1	-11.0325067443403	2.66336163394193e-28
