"method"	"response"	"SE"	"df"	"asymp.LCL"	"asymp.UCL"
"seurat"	0.554478990325662	0.106378987098637	Inf	0.348592577639633	0.743225354643684
"scvi"	0.652204825640886	0.0976534088908292	Inf	0.44644804943459	0.813440480806989
