"contrast"	"odds.ratio"	"SE"	"df"	"null"	"z.ratio"	"p.value"
"subsample_ref100 / subsample_ref50"	1.0035955641794	0.0120270204377099	Inf	1	0.299494002321343	0.764563147600122
