"subsample_ref"	"response"	"SE"	"df"	"asymp.LCL"	"asymp.UCL"
"100"	0.644531400114892	0.098486802004548	Inf	0.438455054022543	0.808083925252983
"50"	0.643708669521305	0.0985885084038708	Inf	0.437572057348256	0.807526383925301
