"subsample_ref"	"response"	"SE"	"df"	"asymp.LCL"	"asymp.UCL"
"500"	0.731915218325842	0.0817259110849513	Inf	0.546865569585903	0.860651135908325
"100"	0.714436282870396	0.0849469400550896	Inf	0.525217357139219	0.849808793636808
"50"	0.683760022013458	0.0900470012867475	Inf	0.488728194308658	0.830236764758451
