"contrast"	"odds.ratio"	"SE"	"df"	"null"	"z.ratio"	"p.value"
"control False / disease False"	1.01677921119012	0.00450234300666381	Inf	1	3.75786592158051	0.000171368658088773
