"disease_state"	"response"	"SE"	"df"	"asymp.LCL"	"asymp.UCL"
"control"	0.975876003434568	0.00931804410218739	Inf	0.949037859085123	0.988747974231443
"disease"	0.975480993180175	0.00946656054516602	Inf	0.948227617199593	0.988561052474412
