"contrast"	"odds.ratio"	"SE"	"df"	"null"	"z.ratio"	"p.value"
"control / disease"	1.01678573259221	0.00494057597724839	Inf	1	3.42588219856534	0.000612806098209304
