"disease_state"	"region_match"	"response"	"SE"	"df"	"asymp.LCL"	"asymp.UCL"
"control"	"False"	0.977213857016301	0.0113566022887597	Inf	0.940415723641736	0.991491760135447
"disease"	"False"	0.97684037821035	0.011538189079539	Inf	0.939477162785504	0.991350126928276
