"contrast"	"odds.ratio"	"SE"	"df"	"null"	"z.ratio"	"p.value"
"control False / disease False"	1.01674449648055	0.00450266870043988	Inf	1	3.74975613480253	0.000177006620688844
