"disease_state"	"region_match"	"response"	"SE"	"df"	"asymp.LCL"	"asymp.UCL"
"control"	"False"	0.978123831387532	0.00668688417322002	Inf	0.960370198835312	0.988023255304726
"disease"	"False"	0.977765670514778	0.00679393330704667	Inf	0.959733133089601	0.987825216102436
