"contrast"	"odds.ratio"	"SE"	"df"	"null"	"z.ratio"	"p.value"
"seurat / scvi"	1.06094551879341	0.00586951174753552	Inf	1	10.6935772561318	1.09080834693173e-26
