"method"	"response"	"SE"	"df"	"asymp.LCL"	"asymp.UCL"
"seurat"	0.976371407509544	0.00913130647202577	Inf	0.950056269833627	0.988982010763352
"scvi"	0.974967399049768	0.0096598926674761	Inf	0.947173558038311	0.988318279860277
