"contrast"	"odds.ratio"	"SE"	"df"	"null"	"z.ratio"	"p.value"
"seurat False / scvi False"	0.725571018257623	0.00807664807901046	Inf	1	-28.8189496765601	1.24176251294953e-182
