"method"	"region_match"	"response"	"SE"	"df"	"asymp.LCL"	"asymp.UCL"
"seurat"	"False"	0.97401581951586	0.00876666039930741	Inf	0.950028417265063	0.986650564932367
"scvi"	"False"	0.981011226328733	0.00645236385209037	Inf	0.96323854524915	0.990278253607896
