"method"	"region_match"	"response"	"SE"	"df"	"asymp.LCL"	"asymp.UCL"
"seurat"	"False"	0.97420595129192	0.00785410649285687	Inf	0.95341991467498	0.985853988340777
"scvi"	"False"	0.981153321809635	0.00577939391905596	Inf	0.965769822012882	0.989697025823878
