"contrast"	"odds.ratio"	"SE"	"df"	"null"	"z.ratio"	"p.value"
"False / True"	0.950082517795699	0.00966892036023601	Inf	1	-5.03162081037091	4.86350480171088e-07
