"contrast"	"odds.ratio"	"SE"	"df"	"null"	"z.ratio"	"p.value"
"False / True"	0.892491850546042	0.0089328501190368	Inf	1	-11.3636906801595	6.34080555554335e-30
