"region_match"	"response"	"SE"	"df"	"asymp.LCL"	"asymp.UCL"
"False"	0.968054563524886	0.015771205273141	Inf	0.917715871993878	0.988000386286733
"True"	0.971390702662993	0.0141746957051343	Inf	0.925897735989258	0.989277985558233
