"sex"	"region_match"	"response"	"SE"	"df"	"asymp.LCL"	"asymp.UCL"
"female"	"False"	0.984443264020759	0.00502896878946921	Inf	0.970800795817071	0.991765754790653
"femaleemale"	"False"	0.973624070499353	0.0303955795706301	Inf	0.783931454916419	0.997344387932306
"male"	"False"	0.984344285247295	0.00506029274169697	Inf	0.970618202139304	0.991712801614467
"maleale"	"False"	0.975571268712318	0.0282078676675221	Inf	0.796963176604581	0.997544840599715
"None"	"False"	0.959558070412406	0.0265215006146828	Inf	0.861416452036569	0.989079217061527
