"sex"	"response"	"SE"	"df"	"asymp.LCL"	"asymp.UCL"
"female"	0.980597333844523	0.00503299443670338	Inf	0.967838117695588	0.988355632272574
"femaleemale"	0.968194129636877	0.0282076711603278	Inf	0.834856676652395	0.994574026147267
"male"	0.980930970046271	0.00494779480488771	Inf	0.968385165106856	0.988557017277727
"maleale"	0.970638850507522	0.0261051663954575	Inf	0.845920149689979	0.9950015191357
"None"	0.975440120173041	0.0126714195007825	Inf	0.933707737959639	0.99115009128228
