"sex"	"region_match"	"response"	"SE"	"df"	"asymp.LCL"	"asymp.UCL"
"female"	"False"	0.983568650189495	0.005146675229002	Inf	0.969758587816843	0.991129884693987
"male"	"False"	0.983964230634784	0.00502469363549748	Inf	0.970477006830583	0.99134492901453
"None"	"False"	0.959575013155488	0.0266807382619923	Inf	0.860441037623945	0.989176219811286
