"contrast"	"odds.ratio"	"SE"	"df"	"null"	"z.ratio"	"p.value"
"female False / male False"	0.975532913219379	0.00338687268750078	Inf	1	-7.13498804851542	2.92610380370206e-12
"female False / None False"	2.52175210987807	1.91122427381058	Inf	1	1.22042430383193	0.441034457990808
"male False / None False"	2.58499951739812	1.95915160672166	Inf	1	1.25311358687784	0.421923278975572
