"contrast"	"odds.ratio"	"SE"	"df"	"null"	"z.ratio"	"p.value"
"subsample_ref500 / subsample_ref100"	1.11598509095624	0.00477788149790118	Inf	1	25.6317405543801	0
"subsample_ref500 / subsample_ref50"	1.24612783212468	0.00533198974937109	Inf	1	51.4253099764292	0
"subsample_ref100 / subsample_ref50"	1.1166169173971	0.00462226493374238	Inf	1	26.6464084254876	0
