"subsample_ref"	"region_match"	"response"	"SE"	"df"	"asymp.LCL"	"asymp.UCL"
"500"	"False"	0.97794546160021	0.00674003705000408	Inf	0.96005347272428	0.98792445330177
"100"	"False"	0.975651148694291	0.00742363783410903	Inf	0.955982003838441	0.986653968355789
"50"	"False"	0.972921734524257	0.0082326629294646	Inf	0.951158269732388	0.985139097818129
