"subsample_ref"	"response"	"SE"	"df"	"asymp.LCL"	"asymp.UCL"
"500"	0.978155755644962	0.00845717057353943	Inf	0.953733675068466	0.989823976395807
"100"	0.975683756772563	0.00939032310066691	Inf	0.948643503941682	0.988656995520532
"50"	0.972924848055819	0.0104261161954623	Inf	0.942996118970233	0.987350882879033
