"subsample_ref"	"region_match"	"response"	"SE"	"df"	"asymp.LCL"	"asymp.UCL"
"500"	"False"	0.977780996890576	0.00752425735884983	Inf	0.957120356953083	0.98860526406986
"100"	"False"	0.975467987735387	0.00828779367849824	Inf	0.952760809435334	0.987404459040774
"50"	"False"	0.972716734566053	0.00919123203138606	Inf	0.947599890873417	0.985972587363812
