"contrast"	"odds.ratio"	"SE"	"df"	"null"	"z.ratio"	"p.value"
"subsample_ref500 False / subsample_ref100 False"	1.10671851182975	0.00445895751608984	Inf	1	25.1674360185146	0
"subsample_ref500 False / subsample_ref50 False"	1.23431777588594	0.00497193256392653	Inf	1	52.262698931639	0
"subsample_ref100 False / subsample_ref50 False"	1.11529513845868	0.00434001797937875	Inf	1	28.0413506794306	0
