"1"	"response"	"SE"	"df"	"asymp.LCL"	"asymp.UCL"
"overall"	0.970961188809164	0.00881019929439651	Inf	0.94770923435649	0.984047812834377
