"1"	"response"	"SE"	"df"	"asymp.LCL"	"asymp.UCL"
"overall"	0.969767183842721	0.0149523548994087	Inf	0.921908285000627	0.988656413581264
