"contrast"	"odds.ratio"	"SE"	"df"	"null"	"z.ratio"	"p.value"
"seurat / scvi"	0.000901695457442519	0.000222691826314374	Inf	1	-28.3889970536826	2.76476223093963e-177
