"subsample_ref"	"response"	"SE"	"df"	"asymp.LCL"	"asymp.UCL"
"500"	0.0272483669145833	0.00288145113961079	Inf	0.0221351949547071	0.0335022020230981
"100"	0.0237673286878124	0.00275305025590353	Inf	0.0189290764559885	0.0298046639984965
"50"	0.0266006209110082	0.00284330614513283	Inf	0.0215607746795614	0.0327790678458615
