"contrast"	"odds.ratio"	"SE"	"df"	"null"	"z.ratio"	"p.value"
"seurat / scvi"	1.03177041109012	0.0473315864078131	Inf	1	0.681782119300226	0.49537673229393
