"method"	"response"	"SE"	"df"	"asymp.LCL"	"asymp.UCL"
"seurat"	0.860019079357444	0.0210363393257961	Inf	0.813507424119048	0.896407786644826
"scvi"	0.856211292493696	0.021558902614438	Inf	0.808602509982195	0.893536924484242
