"contrast"	"odds.ratio"	"SE"	"df"	"null"	"z.ratio"	"p.value"
"subsample_ref500 / subsample_ref100"	1.09392556691814	0.0232480361480307	Inf	1	4.22421110670595	7.11535440375277e-05
"subsample_ref500 / subsample_ref50"	1.13646444971826	0.024083720908629	Inf	1	6.03639697480801	4.7260935165383e-09
"subsample_ref100 / subsample_ref50"	1.03888645085786	0.0215225695522414	Inf	1	1.84145831715513	0.156184386073175
