"contrast"	"odds.ratio"	"SE"	"df"	"null"	"z.ratio"	"p.value"
"seurat / scvi"	1.61392746308783	0.0473573927226647	Inf	1	16.3129687993393	7.9817296970629e-60
