"contrast"	"odds.ratio"	"SE"	"df"	"null"	"z.ratio"	"p.value"
"seurat / scvi"	1.61387619300202	0.0473558818079072	Inf	1	16.311888400278	8.1241801416972e-60
