"method"	"response"	"SE"	"df"	"asymp.LCL"	"asymp.UCL"
"seurat"	0.817413812186791	0.00317868379451806	Inf	0.811100978908827	0.823561568347156
"scvi"	0.735021784119858	0.00427578732506864	Inf	0.726557101123812	0.743317007385903
