"reference"	"method"	"response"	"SE"	"df"	"asymp.LCL"	"asymp.UCL"
"An integrated transcriptomic and epigenomic atlas of mouse primary motor cortex cell types"	"seurat"	0.841486622764355	0.00281334942665154	Inf	0.83589441216462	0.846923166226907
"Single-cell RNA-seq for all cortical  hippocampal regions 10x"	"seurat"	0.854945503581069	0.0026023530113005	Inf	0.849770163038614	0.859971935189005
"Single-cell RNA-seq for all cortical  hippocampal regions SMART-Seq v4"	"seurat"	0.739610224996461	0.00423529950279356	Inf	0.731223875730058	0.747825145063348
"whole cortex"	"seurat"	0.817413812186791	0.00317868379451806	Inf	0.811100978908827	0.823561568347156
"An integrated transcriptomic and epigenomic atlas of mouse primary motor cortex cell types"	"scvi"	0.766959370205913	0.00388126570761864	Inf	0.759265976624904	0.77447992586257
"Single-cell RNA-seq for all cortical  hippocampal regions 10x"	"scvi"	0.747080554464581	0.00413251268686282	Inf	0.738895541404205	0.75509402997602
"Single-cell RNA-seq for all cortical  hippocampal regions SMART-Seq v4"	"scvi"	0.677130442796627	0.00485140518374731	Inf	0.667549563664963	0.686564853538308
"whole cortex"	"scvi"	0.735021784119858	0.00427578732506864	Inf	0.726557101123812	0.743317007385903
