"contrast"	"odds.ratio"	"SE"	"df"	"null"	"z.ratio"	"p.value"
"subsample_ref500 / subsample_ref100"	0.964885357544899	0.01720888776069	Inf	1	-2.00424211972356	0.111153684492241
"subsample_ref500 / subsample_ref50"	1.13000051954658	0.0203643096936114	Inf	1	6.78179177692313	3.56302765069927e-11
"subsample_ref100 / subsample_ref50"	1.17112412444708	0.0210777306146013	Inf	1	8.77682448553172	2.35367281220533e-14
