"contrast"	"odds.ratio"	"SE"	"df"	"null"	"z.ratio"	"p.value"
"subsample_ref500 / subsample_ref100"	0.964867377823382	0.0172085663772933	Inf	1	-2.00528700521171	0.110901253936535
"subsample_ref500 / subsample_ref50"	1.12998838089729	0.0203640765787541	Inf	1	6.78120048027487	3.57759377678235e-11
"subsample_ref100 / subsample_ref50"	1.17113336699848	0.0210779172075373	Inf	1	8.7772545510567	2.35367281220533e-14
