"subsample_ref"	"response"	"SE"	"df"	"asymp.LCL"	"asymp.UCL"	"key"
"500"	0.78270141207361	0.00238962799765455	Inf	0.777981380531771	0.787348525881901	"all"
"100"	0.788722733738557	0.00234795823444165	Inf	0.784084129618454	0.793287956935039	"all"
"50"	0.761200325695945	0.00256136014766657	Inf	0.756143998467433	0.766184230028999	"all"
