"method"	"response"	"SE"	"df"	"asymp.LCL"	"asymp.UCL"
"seurat"	0.892009148676244	0.0334749387250456	Inf	0.806952531110838	0.942270877331184
"scvi"	0.928722473976059	0.0230085650809856	Inf	0.868297703679753	0.962617993796068
