"contrast"	"odds.ratio"	"SE"	"df"	"null"	"z.ratio"	"p.value"
"seurat / scvi"	0.633941241501958	0.0215176812560811	Inf	1	-13.4284816973833	4.11767403836427e-41
