"subsample_ref"	"response"	"SE"	"df"	"asymp.LCL"	"asymp.UCL"
"100"	0.909001328810562	0.0286882401342959	Inf	0.835035869499484	0.951720147226534
"50"	0.913049094894411	0.0275348793507831	Inf	0.841798931597832	0.95396467587339
