"contrast"	"odds.ratio"	"SE"	"df"	"null"	"z.ratio"	"p.value"
"seurat / scvi"	1.06980398134468	0.0215562699695339	Inf	1	3.34870044364388	0.000811915273393698
