"contrast"	"odds.ratio"	"SE"	"df"	"null"	"z.ratio"	"p.value"
"female / male"	0.939975298545377	0.0519078698076524	Inf	1	-1.12094856576089	0.501100686723227
"female / None"	1.49262666234897	0.75585156750143	Inf	1	0.790965939439997	0.708593111198096
"male / None"	1.58794243280523	0.800013475036993	Inf	1	0.917892897455825	0.628957691175205
