"sex"	"response"	"SE"	"df"	"asymp.LCL"	"asymp.UCL"
"female"	0.8368446728383	0.0420780720409829	Inf	0.737091655426161	0.903694404224291
"male"	0.84512124077568	0.039780172174532	Inf	0.750479270008857	0.908254396044894
"None"	0.774587465366288	0.0701955999483555	Inf	0.609789812030867	0.883125639176705
