"subsample_ref"	"response"	"SE"	"df"	"asymp.LCL"	"asymp.UCL"
"500"	0.828416374855455	0.0346387244909269	Inf	0.749664147794719	0.886156452073827
"100"	0.820880412615069	0.0358294620404723	Inf	0.739760201480544	0.880789199589814
"50"	0.812966590644992	0.0370508293804838	Inf	0.72944606276716	0.875118231057016
