"1"	"response"	"SE"	"df"	"asymp.LCL"	"asymp.UCL"
"overall"	0.820841217052729	0.0358089869053525	Inf	0.739777146614377	0.88072396689335
