"contrast"	"odds.ratio"	"SE"	"df"	"null"	"z.ratio"	"p.value"
"No treatment / treatment"	1.12958162381456	0.0309397096216504	Inf	1	4.4485386252609	8.64565033683016e-06
