"treatment_state"	"response"	"SE"	"df"	"asymp.LCL"	"asymp.UCL"
"No treatment"	0.829626269165565	0.0344393280720314	Inf	0.751276555541191	0.887007254332073
"treatment"	0.81170598872814	0.037310077292095	Inf	0.727639839746931	0.874306679518668
