"subsample_ref"	"response"	"SE"	"df"	"asymp.LCL"	"asymp.UCL"
"500"	0.545709703578815	0.0117753091240175	Inf	0.522548688854435	0.568674578860157
"100"	0.536058088847997	0.0117111085037392	Inf	0.513044484086415	0.558919134557524
"50"	0.560300443936401	0.0116406942219186	Inf	0.537373454189207	0.58297297310087
