"method"	"response"	"SE"	"df"	"asymp.LCL"	"asymp.UCL"
"seurat"	0.187684371574224	0.0196400878323936	Inf	0.152178745030012	0.229234171452265
"scvi"	0.194993499242234	0.0198373517259843	Inf	0.159014865237444	0.23682028656296
