"subsample_ref"	"response"	"SE"	"df"	"asymp.LCL"	"asymp.UCL"
"500"	0.318390278026871	0.0198341236095209	Inf	0.280838098517036	0.358460916789552
"100"	0.256386199161922	0.0172826860335461	Inf	0.223999698463318	0.291695087836521
"50"	0.252045476887606	0.0169788330817996	Inf	0.220242139992636	0.286752414642221
