"method"	"response"	"SE"	"df"	"asymp.LCL"	"asymp.UCL"
"seurat"	0.732844640114021	0.0589774305003628	Inf	0.603169101610508	0.831951201784305
"scvi"	0.791614271959566	0.0496973754493956	Inf	0.677915897427592	0.872712325820864
