"method"	"response"	"SE"	"df"	"asymp.LCL"	"asymp.UCL"
"seurat"	0.732844660637599	0.0589774109007179	Inf	0.603169166766886	0.831951193038
"scvi"	0.791614290800379	0.0496973580524353	Inf	0.677915958909528	0.872712319916326
