"contrast"	"odds.ratio"	"SE"	"df"	"null"	"z.ratio"	"p.value"
"seurat / scvi"	0.722108372094499	0.0136208508069045	Inf	1	-17.2606017280081	9.31353317301999e-67
