"contrast"	"odds.ratio"	"SE"	"df"	"null"	"z.ratio"	"p.value"
"seurat / scvi"	0.572306459762302	0.0114252805261744	Inf	1	-27.9549519460914	5.73911820847662e-172
