"contrast"	"odds.ratio"	"SE"	"df"	"null"	"z.ratio"	"p.value"
"seurat / scvi"	0.722108365317024	0.0136208507179921	Inf	1	-17.260602176258	9.31346087362775e-67
