"reference"	"method"	"response"	"SE"	"df"	"asymp.LCL"	"asymp.UCL"
"Single-cell RNA-seq for all cortical  hippocampal regions SMART-Seq v4"	"seurat"	0.696468938141213	0.0637569064522437	Inf	0.559572277005364	0.805597289251091
"An integrated transcriptomic and epigenomic atlas of mouse primary motor cortex cell types"	"seurat"	0.781731060621957	0.0514763902528836	Inf	0.664738782693347	0.866120212724582
"Single-cell RNA-seq for all cortical  hippocampal regions 10x"	"seurat"	0.744839661046237	0.0573259457778204	Inf	0.617769579310901	0.840568190746308
"whole cortex"	"seurat"	0.702413013780045	0.0630474133069718	Inf	0.566515836386846	0.809995390252052
"Single-cell RNA-seq for all cortical  hippocampal regions SMART-Seq v4"	"scvi"	0.70224911202521	0.0630683712307463	Inf	0.566321104580834	0.809876078739654
"An integrated transcriptomic and epigenomic atlas of mouse primary motor cortex cell types"	"scvi"	0.824599995134775	0.0436432218333519	Inf	0.722403416474883	0.894659364755517
"Single-cell RNA-seq for all cortical  hippocampal regions 10x"	"scvi"	0.800471211529219	0.0481817124423824	Inf	0.689542496951471	0.878734748045557
"whole cortex"	"scvi"	0.823992058309912	0.0437560100695331	Inf	0.721577683174023	0.894255204274789
