"contrast"	"odds.ratio"	"SE"	"df"	"null"	"z.ratio"	"p.value"
"female / male"	1.07729316014963	0.056347341475991	Inf	1	1.42342400229334	0.328767000592163
"female / None"	0.786423280025261	0.548293327868323	Inf	1	-0.344607771129716	0.936639893959196
"male / None"	0.729999325268186	0.507730005872385	Inf	1	-0.452483216398432	0.893301663990527
