"sex"	"response"	"SE"	"df"	"asymp.LCL"	"asymp.UCL"
"female"	0.767345302170682	0.0676626971875353	Inf	0.61076820274602	0.87393634767968
"male"	0.744810705999772	0.0715041090326247	Inf	0.58267870663558	0.859176795798893
"None"	0.777503102890318	0.0861123203280302	Inf	0.568452373731917	0.902631294824938
