"contrast"	"odds.ratio"	"SE"	"df"	"null"	"z.ratio"	"p.value"
"female / male"	1.13004451603758	0.0561396692346948	Inf	1	2.46093153773289	0.036900203436712
"female / None"	0.943845349171426	0.590393025535238	Inf	1	-0.0923920268846781	0.995304840298045
"male / None"	0.835228467353613	0.521041912291501	Inf	1	-0.288619520984031	0.955119994907943
