"contrast"	"odds.ratio"	"SE"	"df"	"null"	"z.ratio"	"p.value"
"female / male"	1.13004446618749	0.0561396665838401	Inf	1	2.46093065740981	0.0369002895930185
"female / None"	0.94384504494047	0.590393002346791	Inf	1	-0.0923925160350042	0.995304790700614
"male / None"	0.835228234978033	0.521041915734781	Inf	1	-0.288619884760009	0.95511988437138
