"sex"	"response"	"SE"	"df"	"asymp.LCL"	"asymp.UCL"
"female"	0.765830340941359	0.0757208442715569	Inf	0.588399552329404	0.882100808764392
"male"	0.752215457084208	0.078177791913006	Inf	0.571599831268968	0.87353084445886
"None"	0.80614839177261	0.0867278189487912	Inf	0.583569105067207	0.925041737595978
