"subsample_ref"	"response"	"SE"	"df"	"asymp.LCL"	"asymp.UCL"
"500"	0.777144963453328	0.0521729052098584	Inf	0.658962710269654	0.862893783922792
"100"	0.764153302413659	0.0542901035664443	Inf	0.642256140880586	0.85395988731461
"50"	0.748567852109772	0.0566964466003122	Inf	0.622595874308016	0.843089336728596
