"contrast"	"odds.ratio"	"SE"	"df"	"null"	"z.ratio"	"p.value"
"subsample_ref500 / subsample_ref100"	1.06714256223512	0.0176104279682666	Inf	1	3.93788297752618	0.000242444625523586
"subsample_ref500 / subsample_ref50"	1.15112565864943	0.0188672884184248	Inf	1	8.58680716400919	2.67563748934663e-14
"subsample_ref100 / subsample_ref50"	1.0786990411463	0.017440725557631	Inf	1	4.68544878091561	8.33818599865754e-06
