"subsample_ref"	"response"	"SE"	"df"	"asymp.LCL"	"asymp.UCL"
"500"	0.787305457594817	0.0562326701540721	Inf	0.657143539339127	0.877280754684005
"100"	0.776220365897844	0.0583290257754544	Inf	0.642359799104224	0.870109604729637
"50"	0.762786743481979	0.0607593261055145	Inf	0.624777860664351	0.861303630842009
