"subsample_ref"	"response"	"SE"	"df"	"asymp.LCL"	"asymp.UCL"
"500"	0.777144946182622	0.0521729228841513	Inf	0.658962650243679	0.862893791927528
"100"	0.764153281296051	0.0542901223185382	Inf	0.642256075499497	0.85395989357628
"50"	0.748567831092498	0.0566964658219133	Inf	0.622595808738369	0.843089344099952
