"contrast"	"odds.ratio"	"SE"	"df"	"null"	"z.ratio"	"p.value"
"subsample_ref500 / subsample_ref100"	1.07628898556793	0.0168899361643797	Inf	1	4.68490163369715	8.36045079677383e-06
"subsample_ref500 / subsample_ref50"	1.17130290848869	0.0183231005978409	Inf	1	10.1076005293153	3.10862446895044e-14
"subsample_ref100 / subsample_ref50"	1.08827919285138	0.0167608583113034	Inf	1	5.49291354308825	1.18473633015093e-07
