"contrast"	"odds.ratio"	"SE"	"df"	"null"	"z.ratio"	"p.value"
"subsample_ref500 / subsample_ref100"	1.07628896678229	0.0168899359242955	Inf	1	4.68490050628168	8.36049673280659e-06
"subsample_ref500 / subsample_ref50"	1.17130289449616	0.0183231004316863	Inf	1	10.1075997365694	3.10862446895044e-14
"subsample_ref100 / subsample_ref50"	1.08827919884558	0.0167608584726053	Inf	1	5.49291387811161	1.18473408083908e-07
