"1"	"response"	"SE"	"df"	"asymp.LCL"	"asymp.UCL"
"overall"	0.763487104660288	0.0543718895530315	Inf	0.64146737031081	0.853466017276898
