"1"	"response"	"SE"	"df"	"asymp.LCL"	"asymp.UCL"
"overall"	0.775596089587334	0.0584216706375608	Inf	0.641594192822965	0.869673888647617
