"1"	"response"	"SE"	"df"	"asymp.LCL"	"asymp.UCL"
"overall"	0.763487084883613	0.0543719081195051	Inf	0.641467306608656	0.853466024522963
