"treatment_state"	"response"	"SE"	"df"	"asymp.LCL"	"asymp.UCL"
"no treatment"	0.781457440618175	0.0514445028084214	Inf	0.664582005966348	0.86582978089583
"treatment"	0.744522188153416	0.0573586812691676	Inf	0.617409604180121	0.840324764579586
