"contrast"	"odds.ratio"	"SE"	"df"	"null"	"z.ratio"	"p.value"
"no treatment / treatment"	1.22700080744817	0.0323261611464822	Inf	1	7.76494984485282	8.16775385943885e-15
