"contrast"	"odds.ratio"	"SE"	"df"	"null"	"z.ratio"	"p.value"
"no treatment / treatment"	1.22700079237861	0.0323261605995583	Inf	1	7.76494941468895	8.1677815800052e-15
