"treatment_state"	"response"	"SE"	"df"	"asymp.LCL"	"asymp.UCL"
"no treatment"	0.791904634709279	0.0553359309028745	Inf	0.663359590939761	0.880227589656473
"treatment"	0.758399370945906	0.0615885537424651	Inf	0.618957655986814	0.858479928875834
