"treatment_state"	"response"	"SE"	"df"	"asymp.LCL"	"asymp.UCL"
"no treatment"	0.781457420865282	0.0514445207416985	Inf	0.66458194287488	0.865829786902767
"treatment"	0.744522168489615	0.0573587003973576	Inf	0.617409540260194	0.840324773145656
