"contrast"	"odds.ratio"	"SE"	"df"	"null"	"z.ratio"	"p.value"
"no treatment / treatment"	1.21230130775363	0.0340661104532229	Inf	1	6.85117270323519	7.32470216170392e-12
