"method"	"response"	"SE"	"df"	"asymp.LCL"	"asymp.UCL"
"seurat"	0.852626386494348	0.0600480083735896	Inf	0.693964609356613	0.936551787026897
"scvi"	0.836776354308831	0.0652960788272895	Inf	0.667617450087144	0.929000884120045
