"contrast"	"odds.ratio"	"SE"	"df"	"null"	"z.ratio"	"p.value"
"seurat / scvi"	1.12852896691657	0.060699970561737	Inf	1	2.24804167714812	0.0245735324796147
