"subsample_ref"	"response"	"SE"	"df"	"asymp.LCL"	"asymp.UCL"
"500"	0.640361336786593	0.109824897968434	Inf	0.411507893416564	0.819298338253997
"100"	0.632168147998044	0.110869971330634	Inf	0.403002017579901	0.813972364913643
"50"	0.630357293766389	0.111115320523713	Inf	0.40109398322476	0.81281540129054
