"contrast"	"odds.ratio"	"SE"	"df"	"null"	"z.ratio"	"p.value"
"subsample_ref500 / subsample_ref100"	1.03603744373624	0.0269217785837304	Inf	1	1.36243337683829	0.360786341437469
"subsample_ref500 / subsample_ref50"	1.04412882802442	0.0280354659559125	Inf	1	1.60826612652916	0.242081009067443
"subsample_ref100 / subsample_ref50"	1.00780993422304	0.0261957724704131	Inf	1	0.29929839565465	0.951820850797888
