"contrast"	"odds.ratio"	"SE"	"df"	"null"	"z.ratio"	"p.value"
"seurat / scvi"	0.846287022016058	0.091425810759685	Inf	1	-1.54488668254258	0.122373675258736
