"contrast"	"odds.ratio"	"SE"	"df"	"null"	"z.ratio"	"p.value"
"subsample_ref500 / subsample_ref100"	1.23153311334984	0.0613721982079517	Inf	1	4.17907261648805	8.678703377063e-05
"subsample_ref500 / subsample_ref50"	1.27652028619723	0.0635412428612513	Inf	1	4.90463994146917	2.79836038596937e-06
"subsample_ref100 / subsample_ref50"	1.03652940579488	0.0512708549061221	Inf	1	0.725336561911299	0.748457413545787
