"subsample_ref"	"response"	"SE"	"df"	"asymp.LCL"	"asymp.UCL"
"500"	0.299816240894241	0.0468130713944308	Inf	0.216659566391623	0.398646944498602
"100"	0.257991725155649	0.0426865188310902	Inf	0.183400568875336	0.349920256654954
"50"	0.251183369439619	0.0419414616721851	Inf	0.178088071502369	0.341803664223569
