"method"	"cutoff"	"response"	"SE"	"df"	"asymp.LCL"	"asymp.UCL"
"seurat"	0	0.824065102689559	0.0407651720369839	Inf	0.729688716077315	0.890438420857417
"scvi"	0	0.7992508794934	0.0451123807471976	Inf	0.696470903688315	0.873546785030171
