"sex"	"response"	"SE"	"df"	"asymp.LCL"	"asymp.UCL"
"female"	0.776046963167578	0.0583617102943371	Inf	0.642129126913092	0.869997442194633
"male"	0.783421574142551	0.0568296982997982	Inf	0.652319723373122	0.874591988506188
"None"	0.865312885500279	0.0596386060658185	Inf	0.70207396294832	0.945990878639997
