"contrast"	"odds.ratio"	"SE"	"df"	"null"	"z.ratio"	"p.value"
"female / male"	0.957967363468612	0.0273301565335599	Inf	1	-1.50517328877159	0.288444756201579
"female / None"	0.539366446339813	0.33009052078796	Inf	1	-1.00876362449649	0.571298572886256
"male / None"	0.563032173024008	0.344306998346139	Inf	1	-0.939324793435657	0.61535403176684
