"treatment_state"	"response"	"SE"	"df"	"asymp.LCL"	"asymp.UCL"
"No treatment"	0.811576774003146	0.0430120172083253	Inf	0.712796777682513	0.882006554577557
"treatment"	0.812367272855075	0.0428970914434163	Inf	0.713793049395781	0.882576065643518
