"contrast"	"odds.ratio"	"SE"	"df"	"null"	"z.ratio"	"p.value"
"No treatment / treatment"	0.994835665201062	0.0242426316525607	Inf	1	-0.212475967154485	0.831735725171644
