"contrast"	"odds.ratio"	"SE"	"df"	"null"	"z.ratio"	"p.value"
"seurat / scvi"	1.0605586694111	0.025335320834105	Inf	1	2.4612442322701	0.0138456078218946
