"method"	"response"	"SE"	"df"	"asymp.LCL"	"asymp.UCL"
"seurat"	0.0324340720343068	0.000729705202845393	Inf	0.031033953113189	0.0338951486777294
"scvi"	0.0306388063380773	0.000691163373939639	Inf	0.0293127688665744	0.0320228515262075
