"method"	"response"	"SE"	"df"	"asymp.LCL"	"asymp.UCL"	"key"
"seurat"	0.0324341384839379	0.000729706675630514	Inf	0.0310340167339039	0.0338952180729702	"all"
"scvi"	0.0306388837086448	0.000691165013501274	Inf	0.0293128430848974	0.0320229321728028	"all"
