"reference"	"method"	"response"	"SE"	"df"	"asymp.LCL"	"asymp.UCL"	"key"
"An integrated transcriptomic and epigenomic atlas of mouse primary motor cortex cell types"	"seurat"	0.0267536812632855	0.000608310568848532	Inf	0.0255869021537724	0.0279721388841624	"all"
"Single-cell RNA-seq for all cortical  hippocampal regions 10x"	"seurat"	0.0267523454685298	0.00060845411452897	Inf	0.0255852982547553	0.0279710982464231	"all"
"Single-cell RNA-seq for all cortical  hippocampal regions SMART-Seq v4"	"seurat"	0.0267518285520752	0.000608485753336977	Inf	0.0255847224612978	0.0279706466134971	"all"
"whole cortex"	"seurat"	0.0324341384839379	0.000729706675630514	Inf	0.0310340167339039	0.0338952180729702	"all"
"An integrated transcriptomic and epigenomic atlas of mouse primary motor cortex cell types"	"scvi"	0.0267520459581999	0.000608534146435596	Inf	0.0255848488378082	0.0279709628432545	"all"
"Single-cell RNA-seq for all cortical  hippocampal regions 10x"	"scvi"	0.0267538646435568	0.000608524931851968	Inf	0.0255866830575971	0.0279727608088636	"all"
"Single-cell RNA-seq for all cortical  hippocampal regions SMART-Seq v4"	"scvi"	0.0267517728876345	0.000608527670791728	Inf	0.0255845881841426	0.0279706767983282	"all"
"whole cortex"	"scvi"	0.0306388837086448	0.000691165013501274	Inf	0.0293128430848974	0.0320229321728028	"all"
