"subsample_ref"	"response"	"SE"	"df"	"asymp.LCL"	"asymp.UCL"
"500"	0.0269412405904988	0.000504496725343734	Inf	0.0259698919869659	0.0279478779705059
"100"	0.0278013246905929	0.000519221274942326	Inf	0.0268015624657558	0.028837275370959
"50"	0.0289169226819132	0.000537984152876184	Inf	0.0278809404728798	0.0299902116927064
