"contrast"	"odds.ratio"	"SE"	"df"	"null"	"z.ratio"	"p.value"	"key"
"subsample_ref500 / subsample_ref100"	0.968206636247427	0.0140784283007414	Inf	1	-2.22201733546739	0.0675086208820166	"all"
"subsample_ref500 / subsample_ref50"	0.929784827157863	0.0135614208734113	Inf	1	-4.9913853182575	1.79317682269531e-06	"all"
"subsample_ref100 / subsample_ref50"	0.960316519582556	0.014027032912195	Inf	1	-2.77218027413178	0.0153758371700637	"all"
