"subsample_ref"	"response"	"SE"	"df"	"asymp.LCL"	"asymp.UCL"	"key"
"500"	0.0269412741695473	0.00050449750723446	Inf	0.0259699240651988	0.0279479131144843	"all"
"100"	0.0278013595482717	0.000519222081381324	Inf	0.026801595775276	0.0288373118424629	"all"
"50"	0.0289169832904774	0.000537985383368044	Inf	0.0278809987142293	0.0299902747584771	"all"
