"contrast"	"odds.ratio"	"SE"	"df"	"null"	"z.ratio"	"p.value"
"subsample_ref500 / subsample_ref100"	0.968206644746711	0.014078429357291	Inf	1	-2.22201658450678	0.0675087427494681
"subsample_ref500 / subsample_ref50"	0.929785643023117	0.013561436346316	Inf	1	-4.99132384245766	1.79374714504021e-06
"subsample_ref100 / subsample_ref50"	0.960317353808653	0.0140270487129011	Inf	1	-2.77212008690955	0.0153785880332256
