"method"	"response"	"SE"	"df"	"asymp.LCL"	"asymp.UCL"
"seurat"	0.46649244694734	0.058099895651065	Inf	0.356226296819448	0.580132728812241
"scvi"	0.451988247724374	0.0575354606085476	Inf	0.343461102243037	0.565281949022098
