"effect"	"component"	"group"	"term"	"estimate"	"std.error"	"statistic"	"p.value"	"FDR"	"formula"	"key"	"LogLik"	"AIC"	"BIC"
"fixed"	"cond"	NA	"(Intercept)"	-2.10365753551486	0.204526170583064	-10.2855176406899	8.19007977188898e-25	8.19007977188898e-25	"f1_score ~ label + support + cutoff + method + method:cutoff + method:support + (1 | study )"	"global"	61332.997405938	-122645.994811876	-122563.611298341
"fixed"	"cond"	NA	"labelNeuron"	2.60311425374246	0.020520745062779	126.85281386123	0	0	"f1_score ~ label + support + cutoff + method + method:cutoff + method:support + (1 | study )"	"global"	61332.997405938	-122645.994811876	-122563.611298341
"fixed"	"cond"	NA	"labelNon-neuron"	3.10735563313884	0.025336518974041	122.643352716391	0	0	"f1_score ~ label + support + cutoff + method + method:cutoff + method:support + (1 | study )"	"global"	61332.997405938	-122645.994811876	-122563.611298341
"fixed"	"cond"	NA	"support"	1.46596438498459	0.030974338022212	47.328352390722	0	0	"f1_score ~ label + support + cutoff + method + method:cutoff + method:support + (1 | study )"	"global"	61332.997405938	-122645.994811876	-122563.611298341
"fixed"	"cond"	NA	"cutoff"	-1.00446314313774	0.0388047116078305	-25.8850820304783	9.80519946790951e-148	1.56883191486552e-147	"f1_score ~ label + support + cutoff + method + method:cutoff + method:support + (1 | study )"	"global"	61332.997405938	-122645.994811876	-122563.611298341
"fixed"	"cond"	NA	"methodscvi"	0.305868144503122	0.0219941844400446	13.9067736445017	5.76205755588797e-44	7.68274340785062e-44	"f1_score ~ label + support + cutoff + method + method:cutoff + method:support + (1 | study )"	"global"	61332.997405938	-122645.994811876	-122563.611298341
"fixed"	"cond"	NA	"cutoff:methodscvi"	-3.24090001712203	0.0551620989325528	-58.7522969545575	0	0	"f1_score ~ label + support + cutoff + method + method:cutoff + method:support + (1 | study )"	"global"	61332.997405938	-122645.994811876	-122563.611298341
"fixed"	"cond"	NA	"support:methodscvi"	-0.452073491625538	0.0353709779742751	-12.7809158105361	2.09586996556892e-37	2.39527996065019e-37	"f1_score ~ label + support + cutoff + method + method:cutoff + method:support + (1 | study )"	"global"	61332.997405938	-122645.994811876	-122563.611298341
"ran_pars"	"cond"	"study"	"sd__(Intercept)"	0.733454960064091	NA	NA	NA	NA	"f1_score ~ label + support + cutoff + method + method:cutoff + method:support + (1 | study )"	"global"	61332.997405938	-122645.994811876	-122563.611298341
