"effect"	"component"	"group"	"term"	"estimate"	"std.error"	"statistic"	"p.value"	"FDR"	"formula"	"key"	"LogLik"	"AIC"	"BIC"
"fixed"	"cond"	NA	"(Intercept)"	-2.10365754960173	0.204526166329529	-10.2855179234737	8.19005572933801e-25	8.19005572933801e-25	"f1_score ~ label + support + cutoff + method + method:cutoff + method:support + (1 | study )"	"global"	61332.9974059403	-122645.994811881	-122563.611298346
"fixed"	"cond"	NA	"labelNeuron"	2.60311426538394	0.0205207451267046	126.852814033365	0	0	"f1_score ~ label + support + cutoff + method + method:cutoff + method:support + (1 | study )"	"global"	61332.9974059403	-122645.994811881	-122563.611298346
"fixed"	"cond"	NA	"labelNon-neuron"	3.10735565928506	0.0253365190260241	122.64335349672	0	0	"f1_score ~ label + support + cutoff + method + method:cutoff + method:support + (1 | study )"	"global"	61332.9974059403	-122645.994811881	-122563.611298346
"fixed"	"cond"	NA	"support"	1.46596437044363	0.0309743380841597	47.3283518266151	0	0	"f1_score ~ label + support + cutoff + method + method:cutoff + method:support + (1 | study )"	"global"	61332.9974059403	-122645.994811881	-122563.611298346
"fixed"	"cond"	NA	"cutoff"	-1.00446314819836	0.0388047117129081	-25.8850820907977	9.80518413556924e-148	1.56882946169108e-147	"f1_score ~ label + support + cutoff + method + method:cutoff + method:support + (1 | study )"	"global"	61332.9974059403	-122645.994811881	-122563.611298346
"fixed"	"cond"	NA	"methodscvi"	0.305868152701687	0.0219941845140275	13.9067739704834	5.76203130079905e-44	7.68270840106539e-44	"f1_score ~ label + support + cutoff + method + method:cutoff + method:support + (1 | study )"	"global"	61332.9974059403	-122645.994811881	-122563.611298346
"fixed"	"cond"	NA	"cutoff:methodscvi"	-3.24090001227798	0.0551620990407837	-58.7522967514678	0	0	"f1_score ~ label + support + cutoff + method + method:cutoff + method:support + (1 | study )"	"global"	61332.9974059403	-122645.994811881	-122563.611298346
"fixed"	"cond"	NA	"support:methodscvi"	-0.452073483997989	0.035370978070013	-12.780915560298	2.09587670929042e-37	2.39528766776048e-37	"f1_score ~ label + support + cutoff + method + method:cutoff + method:support + (1 | study )"	"global"	61332.9974059403	-122645.994811881	-122563.611298346
"ran_pars"	"cond"	"study"	"sd__(Intercept)"	0.733454944613561	NA	NA	NA	NA	"f1_score ~ label + support + cutoff + method + method:cutoff + method:support + (1 | study )"	"global"	61332.9974059403	-122645.994811881	-122563.611298346
