"label"	"response"	"SE"	"df"	"asymp.LCL"	"asymp.UCL"
"Neuroglioblast"	0.188016745691717	0.0311855936462542	Inf	0.134317025190968	0.256816440680267
"Neuron"	0.757710036238229	0.037436303573889	Inf	0.677104005387262	0.823440959045659
"Non-neuron"	0.838133699890764	0.0276946519853635	Inf	0.776311897715288	0.885391932212087
