"label"	"response"	"SE"	"df"	"asymp.LCL"	"asymp.UCL"
"Neuroglioblast"	0.188051928822304	0.0311940218900232	Inf	0.134337934533504	0.256870089587556
"Neuron"	0.757750093240606	0.0374368379322427	Inf	0.677140635036321	0.823480045012827
"Non-neuron"	0.838162728174066	0.0276941468393868	Inf	0.776340267214895	0.885418778458425
