"contrast"	"odds.ratio"	"SE"	"df"	"null"	"z.ratio"	"p.value"
"Neuroglioblast / Neuron"	0.0740426303838332	0.00151940994661744	Inf	1	-126.852814033365	0
"Neuroglioblast / (Non-neuron)"	0.0447190515368807	0.00113302510008993	Inf	1	-122.64335349672	0
"Neuron / (Non-neuron)"	0.603963572134855	0.00989842951553382	Inf	1	-30.7668436695789	0
