"label"	"response"	"SE"	"df"	"asymp.LCL"	"asymp.UCL"
"Neuroglioblast"	0.188016743522701	0.0311855927191063	Inf	0.1343170245103	0.256816436374196
"Neuron"	0.757710035767136	0.0374363028389389	Inf	0.677104006657282	0.823440957454989
"Non-neuron"	0.838133701510431	0.027694651182921	Inf	0.776311901240631	0.885391932574965
