"contrast"	"odds.ratio"	"SE"	"df"	"null"	"z.ratio"	"p.value"
"Neuroglioblast / Neuron"	0.0740426312457993	0.0015194099595724	Inf	1	-126.85281386123	0
"Neuroglioblast / (Non-neuron)"	0.0447190527061147	0.00113302512738961	Inf	1	-122.643352716391	0
"Neuron / (Non-neuron)"	0.603963580895186	0.00989842964657158	Inf	1	-30.7668428235228	0
