"contrast"	"odds.ratio"	"SE"	"df"	"null"	"z.ratio"	"p.value"
"subsample_ref500 / subsample_ref100"	1.07241133471057	0.0592944457611245	Inf	1	1.26440091135749	0.415406979449045
"subsample_ref500 / subsample_ref50"	1.06395335032	0.061771644650165	Inf	1	1.06774093070311	0.534159350073017
"subsample_ref100 / subsample_ref50"	0.992113115446651	0.0576538259819683	Inf	1	-0.136256369061796	0.989816744606416
