"subsample_ref"	"response"	"SE"	"df"	"asymp.LCL"	"asymp.UCL"
"500"	0.683464682407605	0.0315713508258911	Inf	0.618624924931847	0.741880305554969
"100"	0.668150182564983	0.0322762077556398	Inf	0.60217163070118	0.728126735102279
"50"	0.6699034949896	0.03237888283765	Inf	0.603666343437681	0.730021570425907
