"effect"	"component"	"group"	"term"	"estimate"	"std.error"	"statistic"	"p.value"	"FDR"	"formula"	"key"	"LogLik"	"AIC"	"BIC"
"fixed"	"cond"	NA	"(Intercept)"	-2.04342892987993	0.204561933964099	-9.98929219274275	1.69789766517416e-23	1.98088060936985e-23	"f1_score ~ label + method + support + method:cutoff + (1 | study )"	"global"	63596.0444550864	-127174.088910173	-127099.67885972
"fixed"	"cond"	NA	"labelNeuron"	2.60137306502702	0.0202183816214149	128.66376319021	0	0	"f1_score ~ label + method + support + method:cutoff + (1 | study )"	"global"	63596.0444550864	-127174.088910173	-127099.67885972
"fixed"	"cond"	NA	"labelNon-neuron"	3.10819124490706	0.0250970588264294	123.846832666856	0	0	"f1_score ~ label + method + support + method:cutoff + (1 | study )"	"global"	63596.0444550864	-127174.088910173	-127099.67885972
"fixed"	"cond"	NA	"methodscvi"	0.162722978786858	0.0177804930684044	9.15176976031187	5.60083541433057e-20	5.60083541433057e-20	"f1_score ~ label + method + support + method:cutoff + (1 | study )"	"global"	63596.0444550864	-127174.088910173	-127099.67885972
"fixed"	"cond"	NA	"support"	1.2567444136552	0.0241378274613114	52.0653491151817	0	0	"f1_score ~ label + method + support + method:cutoff + (1 | study )"	"global"	63596.0444550864	-127174.088910173	-127099.67885972
"fixed"	"cond"	NA	"methodseurat:cutoff"	-1.03024836788134	0.0371490232742169	-27.7328520934864	2.80564380825739e-169	3.92790133156034e-169	"f1_score ~ label + method + support + method:cutoff + (1 | study )"	"global"	63596.0444550864	-127174.088910173	-127099.67885972
"fixed"	"cond"	NA	"methodscvi:cutoff"	-4.33070945509196	0.041367524375797	-104.688630041051	0	0	"f1_score ~ label + method + support + method:cutoff + (1 | study )"	"global"	63596.0444550864	-127174.088910173	-127099.67885972
"ran_pars"	"cond"	"study"	"sd__(Intercept)"	0.734211348174431	NA	NA	NA	NA	"f1_score ~ label + method + support + method:cutoff + (1 | study )"	"global"	63596.0444550864	-127174.088910173	-127099.67885972
