name	mean duration (hours)	std duration (hours)	mean realtime (hours)	std realtime (hours)	mean %cpu	std %cpu	mean peak virtual memory (GB)	std peak virtual memory (GB)
SCVI Random Forest	0.017927358082381446	0.0011862435471477553	0.002677689800392293	0.0007581311723179701	127.22090861889929	17.551882206361615	0.013201507536669262	0.0012237176288500365
SCVI pre-process query	0.018007658359293872	0.003572870371572393	0.0039799238490827275	0.0010279424783165446	171.85545171339564	60.11725164288148	0.02044377312110592	0.0013168373705089032
Seurat TransferData	0.02008435444790585	0.004130821509607512	0.004302989788854275	0.001598006982925121	294.55103322949117	47.94479197184406	0.019683930425752855	0.016367528618698057
Seurat pre-process query	0.025021633783316028	0.007446381289193871	0.005732519903080651	0.002961841610666975	517.37507788162	153.81279517946746	0.031110208576713396	0.019126194378272274
Seurat pre-process reference	0.050731481481481475	0.029967308610851798	0.0343824074074074	0.029093394876891682	440.4266666666666	173.38541185242698	0.038977864583333334	0.015905556316785217
