"method"	"response"	"SE"	"df"	"asymp.LCL"	"asymp.UCL"
"seurat"	0.0501064492569707	0.00870739725008046	Inf	0.0355449481412484	0.0701990854526753
"scvi"	0.0249696691035637	0.00464177029253161	Inf	0.0173188779045593	0.0358768811782769
