"subsample_ref"	"response"	"SE"	"df"	"asymp.LCL"	"asymp.UCL"
"500"	0.0331620676422464	0.00428746369673007	Inf	0.0257128326872726	0.0426748841873995
"100"	0.0379310999651721	0.0044569231577996	Inf	0.0300993146890228	0.0477004797046398
"50"	0.0395668285776301	0.00460923304083104	Inf	0.0314585577790701	0.0496578129832985
