"method"	"response"	"SE"	"df"	"asymp.LCL"	"asymp.UCL"
"seurat"	0.250306157743001	0.0236759550013464	Inf	0.206809318076971	0.299497098638899
"scvi"	0.78109240445219	0.0215501098802289	Inf	0.735949765291437	0.820400758305051
