"contrast"	"odds.ratio"	"SE"	"df"	"null"	"z.ratio"	"p.value"
"seurat / scvi"	0.0935720202590073	0.00307422797016977	Inf	1	-72.107323080522	0
