"subsample_ref"	"response"	"SE"	"df"	"asymp.LCL"	"asymp.UCL"
"100"	0.758415759123423	0.0227808786950626	Inf	0.711015410747202	0.800225806021305
"50"	0.74587186991726	0.0235612434422923	Inf	0.697007062413093	0.789239005709951
