"contrast"	"odds.ratio"	"SE"	"df"	"null"	"z.ratio"	"p.value"
"subsample_ref100 / subsample_ref50"	1.06961444744517	0.0114156025075898	Inf	1	6.30568423969259	2.86923463159497e-10
