"disease_state"	"response"	"SE"	"df"	"asymp.LCL"	"asymp.UCL"
"control"	0.977356443518675	0.00579972658261161	Inf	0.962721129462349	0.986327677418866
"disease"	0.976712670591306	0.0059607871934323	Inf	0.961677264690486	0.98593541105285
