"contrast"	"odds.ratio"	"SE"	"df"	"null"	"z.ratio"	"p.value"
"seurat / scvi"	0.681515565012809	0.00404074175082107	Inf	1	-64.6707329855386	0
