"sex"	"response"	"SE"	"df"	"asymp.LCL"	"asymp.UCL"
"female"	0.974760788857572	0.00837512601254528	Inf	0.951964096597898	0.98688773224739
"male"	0.975727590467035	0.00806198043970062	Inf	0.953763885421004	0.987395681274192
"None"	0.980242219407672	0.00761225248485061	Inf	0.958269606906074	0.990757022272269
