"subsample_ref"	"response"	"SE"	"df"	"asymp.LCL"	"asymp.UCL"
"500"	0.980227215954058	0.00507957884168363	Inf	0.967384597093876	0.988075269220034
"100"	0.976998705394536	0.00588931662467817	Inf	0.96214075296688	0.986109800047903
"50"	0.973389437407441	0.00678815993886194	Inf	0.956304667720969	0.983906521552749
