"1"	"response"	"SE"	"df"	"asymp.LCL"	"asymp.UCL"
"overall"	0.977036759945252	0.00587955858853051	Inf	0.962203211763199	0.986132703843311
