"method"	"response"	"SE"	"df"	"asymp.LCL"	"asymp.UCL"
"seurat"	0.00887353888719637	0.00128801775358869	Inf	0.00667419908576983	0.011789022711347
"scvi"	0.00865218151661876	0.00126118680211551	Inf	0.00649993518892148	0.0115088202102327
