"contrast"	"odds.ratio"	"SE"	"df"	"null"	"z.ratio"	"p.value"
"seurat / scvi"	1.02581304830957	0.163712153076448	Inf	1	0.159691106538785	0.873124406949263
