"subsample_ref"	"response"	"SE"	"df"	"asymp.LCL"	"asymp.UCL"
"500"	0.00931772918954194	0.00105070536572082	Inf	0.00746848045640837	0.0116195045695338
"100"	0.00961032900447035	0.00108157266438421	Inf	0.00770630634436801	0.0119791057222363
"50"	0.00948740622025994	0.00107031115685162	Inf	0.00760370915761477	0.0118321951680915
