"contrast"	"odds.ratio"	"SE"	"df"	"null"	"z.ratio"	"p.value"
"subsample_ref500 / subsample_ref100"	0.969267251610684	0.0768332896963779	Inf	1	-0.393782226442643	0.918086610870803
"subsample_ref500 / subsample_ref50"	0.981947341423935	0.0778226344014158	Inf	1	-0.229865256673728	0.971292242457153
"subsample_ref100 / subsample_ref50"	1.01308213992805	0.0803373439534815	Inf	1	0.163900618852989	0.985299389557473
