"contrast"	"odds.ratio"	"SE"	"df"	"null"	"z.ratio"	"p.value"
"seurat / scvi"	0.987401161984596	0.0435085641091941	Inf	1	-0.287739609262183	0.773546067816069
