"method"	"response"	"SE"	"df"	"asymp.LCL"	"asymp.UCL"
"seurat"	0.835738311817736	0.0542396399138247	Inf	0.70108445730567	0.916921975004086
"scvi"	0.83747146437437	0.0538151685949301	Inf	0.703625047555169	0.917922344201366
