"contrast"	"odds.ratio"	"SE"	"df"	"null"	"z.ratio"	"p.value"
"subsample_ref500 / subsample_ref100"	1.08684561513406	0.0221157355918167	Inf	1	4.09265315800628	0.000126233275093202
"subsample_ref500 / subsample_ref50"	1.15495143834737	0.0234799187775645	Inf	1	7.08606961051713	4.16189305241232e-12
"subsample_ref100 / subsample_ref50"	1.06266375119424	0.0215692832120972	Inf	1	2.99441345413461	0.00774533709050473
