"method"	"response"	"SE"	"df"	"asymp.LCL"	"asymp.UCL"
"seurat"	0.870852369318055	0.0257811394410059	Inf	0.811415502519204	0.913552100881745
"scvi"	0.950296370362547	0.0108256012584669	Inf	0.924245669076823	0.96770170969273
