"contrast"	"odds.ratio"	"SE"	"df"	"null"	"z.ratio"	"p.value"
"seurat / scvi"	0.352685113318653	0.00867420612120071	Inf	1	-42.3740504854439	0
