"subsample_ref"	"response"	"SE"	"df"	"asymp.LCL"	"asymp.UCL"
"100"	0.918863013142322	0.0170464068491751	Inf	0.878559651175828	0.946603526402299
"50"	0.922327689795057	0.0163805925218194	Inf	0.883525606988451	0.948950198565228
