"contrast"	"odds.ratio"	"SE"	"df"	"null"	"z.ratio"	"p.value"
"subsample_ref500 / subsample_ref100"	0.853722151169161	0.0554552036320133	Inf	1	-2.43468082888265	0.0395467735010657
"subsample_ref500 / subsample_ref50"	0.899524138466395	0.0576558567328103	Inf	1	-1.65204487769534	0.22394918809128
"subsample_ref100 / subsample_ref50"	1.05364975857134	0.0676120335487156	Inf	1	0.814408859644926	0.694080691733806
