"subsample_ref"	"response"	"SE"	"df"	"asymp.LCL"	"asymp.UCL"
"500"	0.177673046224674	0.112364106258087	Inf	0.0456717625946971	0.493785670194133
"100"	0.201967337287659	0.123947485087801	Inf	0.05308630010028	0.533251346975618
"50"	0.193675273819485	0.120095004690971	Inf	0.0505189969012326	0.520228654119005
