"contrast"	"odds.ratio"	"SE"	"df"	"null"	"z.ratio"	"p.value"
"seurat / scvi"	2.75539905534231	0.299665022924464	Inf	1	9.31963470747434	1.16741528271274e-20
