"method"	"response"	"SE"	"df"	"asymp.LCL"	"asymp.UCL"
"seurat"	0.736146096934517	0.0259881199958534	Inf	0.682177139074759	0.783854381212201
"scvi"	0.503117651601331	0.0330891711380503	Inf	0.438573450414086	0.567558111815602
