"subsample_ref"	"response"	"SE"	"df"	"asymp.LCL"	"asymp.UCL"
"500"	0.320192802554412	0.0251552263875427	Inf	0.273012533999856	0.371361526500349
"100"	0.362617592297307	0.026751660902532	Inf	0.311980435837596	0.416498252432741
"50"	0.413168880529256	0.0280142188255485	Inf	0.35954541451247	0.468934169121766
