"method"	"cutoff"	"response"	"SE"	"df"	"asymp.LCL"	"asymp.UCL"
"seurat"	0	0.95879062361091	0.0101326712231841	Inf	0.933663293981083	0.974658439260157
"scvi"	0	0.957321132932931	0.010479328524327	Inf	0.931357578266506	0.973741023468244
