"contrast"	"odds.ratio"	"SE"	"df"	"null"	"z.ratio"	"p.value"
"seurat cutoff0 / scvi cutoff0"	1.03724887381308	0.0248776533958566	Inf	1	1.5248285586466	0.127301864715272
