"sex"	"response"	"SE"	"df"	"asymp.LCL"	"asymp.UCL"
"female"	0.95537321757342	0.0138744762167863	Inf	0.918784907462454	0.975910265054416
"male"	0.954128371606614	0.0141017346496734	Inf	0.917090521154477	0.975070210998326
"None"	0.96399553095745	0.0144395471868824	Inf	0.922158648331062	0.983743025600561
