"contrast"	"odds.ratio"	"SE"	"df"	"null"	"z.ratio"	"p.value"
"female / male"	1.02923568211008	0.0525424031524578	Inf	1	0.564476270052647	0.838992084458253
"female / None"	0.799574393027125	0.422021070582788	Inf	1	-0.423783018920084	0.905763731535882
"male / None"	0.77686229395767	0.408495195263695	Inf	1	-0.480181040943536	0.880680610661429
