"contrast"	"odds.ratio"	"SE"	"df"	"null"	"z.ratio"	"p.value"
"subsample_ref500 / subsample_ref100"	1.03280224116532	0.0192741190732684	Inf	1	1.72949262727737	0.194159591464768
"subsample_ref500 / subsample_ref50"	1.08386543019365	0.0200545101085027	Inf	1	4.352524735191	4.00174769046302e-05
"subsample_ref100 / subsample_ref50"	1.04944140029238	0.0190778503351111	Inf	1	2.65459505253798	0.0216546321245681
