"subsample_ref"	"response"	"SE"	"df"	"asymp.LCL"	"asymp.UCL"
"500"	0.959547141015189	0.00995410903018889	Inf	0.934850969318433	0.975130727806611
"100"	0.958275562589021	0.0102520829902163	Inf	0.932861454414891	0.974334285581971
"50"	0.95630279158675	0.0107134887356257	Inf	0.929778869629605	0.973097975495212
