"contrast"	"odds.ratio"	"SE"	"df"	"null"	"z.ratio"	"p.value"
"seurat / scvi"	0.741224411152776	0.0429865681050788	Inf	1	-5.1634971416065	2.42378284455273e-07
