"method"	"response"	"SE"	"df"	"asymp.LCL"	"asymp.UCL"
"seurat"	0.650315518483242	0.0822420226962514	Inf	0.477913762499623	0.790717419446503
"scvi"	0.715017296043813	0.0737955954513101	Inf	0.552324230192976	0.836127233110899
