"subsample_ref"	"response"	"SE"	"df"	"asymp.LCL"	"asymp.UCL"
"500"	0.684545613292041	0.0778022510450814	Inf	0.517139318940399	0.814708213060706
"100"	0.67472372439054	0.0790742347709928	Inf	0.505866180606302	0.807802020536423
"50"	0.681071698945272	0.078263886592767	Inf	0.513123970730878	0.812280149108153
