"contrast"	"odds.ratio"	"SE"	"df"	"null"	"z.ratio"	"p.value"
"subsample_ref500 / subsample_ref100"	1.04614583037803	0.0283947394509138	Inf	1	1.6620874289052	0.219921679319794
"subsample_ref500 / subsample_ref50"	1.01616924348921	0.0276071398777175	Inf	1	0.590400413101456	0.825276153639945
"subsample_ref100 / subsample_ref50"	0.971345690038268	0.0262278336680378	Inf	1	-1.07671099407627	0.528551017424656
