"method"	"response"	"SE"	"df"	"asymp.LCL"	"asymp.UCL"
"seurat"	0.4354461680591	0.101009902240426	Inf	0.256356734739508	0.63312863736441
"scvi"	0.671092559468783	0.0906347178584651	Inf	0.477099361070121	0.820233177044354
