"contrast"	"odds.ratio"	"SE"	"df"	"null"	"z.ratio"	"p.value"
"subsample_ref500 / subsample_ref100"	1.09790920795265	0.0322708789447257	Inf	1	3.17788432141492	0.0042344350176523
"subsample_ref500 / subsample_ref50"	0.942430751450181	0.027968526050592	Inf	1	-1.99793838007281	0.112686070343548
"subsample_ref100 / subsample_ref50"	0.858386781551457	0.0253907466375935	Inf	1	-5.16235623984819	7.30024654171935e-07
