"subsample_ref"	"response"	"SE"	"df"	"asymp.LCL"	"asymp.UCL"
"500"	0.669635008539115	0.0905302117806984	Inf	0.476135626441413	0.818853563595969
"100"	0.648653798933454	0.0932615116538235	Inf	0.452908849426631	0.804581472511348
"50"	0.682617620434755	0.0886673364274169	Inf	0.490922299197461	0.827494010277426
