"method"	"response"	"SE"	"df"	"asymp.LCL"	"asymp.UCL"
"seurat"	0.187684371330277	0.0196400876695665	Inf	0.152178745061083	0.229234170844291
"scvi"	0.19499349894142	0.0198373515548262	Inf	0.159014865228241	0.236820285882683
