"contrast"	"odds.ratio"	"SE"	"df"	"null"	"z.ratio"	"p.value"
"seurat / scvi"	0.953855430027585	0.143225312122573	Inf	1	-0.314631149374347	0.753041725657788
