"subsample_ref"	"response"	"SE"	"df"	"asymp.LCL"	"asymp.UCL"
"500"	0.31839027798076	0.0198341233145646	Inf	0.280838099009343	0.358460916131271
"100"	0.256386199086779	0.0172826857709472	Inf	0.223999698858132	0.291695087204377
"50"	0.252045476822874	0.0169788328214691	Inf	0.220242140393319	0.286752414024578
