"contrast"	"odds.ratio"	"SE"	"df"	"null"	"z.ratio"	"p.value"
"subsample_ref500 / subsample_ref100"	1.35480508864906	0.0982276013060689	Inf	1	4.18820019491249	8.33839413856285e-05
"subsample_ref500 / subsample_ref50"	1.38618216457941	0.100212369793578	Inf	1	4.51703112554592	1.86874264527237e-05
"subsample_ref100 / subsample_ref50"	1.02315984505316	0.0726755355956138	Inf	1	0.322336633817844	0.944338110101586
