"method"	"response"	"SE"	"df"	"asymp.LCL"	"asymp.UCL"
"seurat"	0.749093511295188	0.0447378667554834	Inf	0.651867452770055	0.826397696671771
"scvi"	0.79377480362547	0.0389694050444312	Inf	0.707079906649546	0.859895012621786
