"contrast"	"odds.ratio"	"SE"	"df"	"null"	"z.ratio"	"p.value"
"seurat / scvi"	2.05979513268833	0.470651678165502	Inf	1	3.16246914154541	0.00156437314583847
