"contrast"	"odds.ratio"	"SE"	"df"	"null"	"z.ratio"	"p.value"
"subsample_ref500 / subsample_ref100"	0.869958746230694	0.0928335058843221	Inf	1	-1.30549315284044	0.392066165216694
"subsample_ref500 / subsample_ref50"	0.832575889012421	0.0885778323609457	Inf	1	-1.72225519806858	0.196820097749229
"subsample_ref100 / subsample_ref50"	0.957029161003044	0.0986622292647592	Inf	1	-0.426040207204626	0.904807061488593
