"method"	"response"	"SE"	"df"	"asymp.LCL"	"asymp.UCL"
"seurat"	0.246657914294201	0.0165402326466905	Inf	0.215687042858734	0.280485555153242
"scvi"	0.36949382339782	0.0209846516721657	Inf	0.329392697299956	0.411481384065862
