"contrast"	"odds.ratio"	"SE"	"df"	"null"	"z.ratio"	"p.value"
"seurat / scvi"	0.558708125051612	0.0473131928017748	Inf	1	-6.8741860096203	6.23448154159319e-12
