"contrast"	"odds.ratio"	"SE"	"df"	"null"	"z.ratio"	"p.value"
"subsample_ref100 / subsample_ref50"	0.940305705316133	0.0253790700359092	Inf	1	-2.28046339096435	0.0225802196581391
