"subsample_ref"	"response"	"SE"	"df"	"asymp.LCL"	"asymp.UCL"
"100"	0.180335824613358	0.0103839873054826	Inf	0.160871042401271	0.201589973149216
"50"	0.189613474413923	0.0107686903026893	Inf	0.169400740907214	0.211623492721374
