"method"	"cutoff"	"response"	"SE"	"df"	"asymp.LCL"	"asymp.UCL"
"seurat"	0	0.874491605145457	0.0378526019648847	Inf	0.779940341201711	0.931961726106936
"scvi"	0	0.877736768796986	0.0370098139304007	Inf	0.785032041604981	0.933832348453743
