"contrast"	"odds.ratio"	"SE"	"df"	"null"	"z.ratio"	"p.value"
"seurat cutoff0 / scvi cutoff0"	0.970542252449733	0.0179398384428498	Inf	1	-1.61760341070832	0.105748093588821
