"contrast"	"odds.ratio"	"SE"	"df"	"null"	"z.ratio"	"p.value"
"No treatment / treatment"	0.929885375830254	0.0248271040766955	Inf	1	-2.72271155257581	0.00647485631928236
