"treatment_state"	"response"	"SE"	"df"	"asymp.LCL"	"asymp.UCL"
"No treatment"	0.872124297779249	0.0384667113948171	Inf	0.77623207113726	0.930597530121925
"treatment"	0.880014469497592	0.0364386887374295	Inf	0.788546295826045	0.935169362119493
