"treatment_state"	"response"	"SE"	"df"	"asymp.LCL"	"asymp.UCL"
"No treatment"	0.893810655046801	0.0259399952669872	Inf	0.831263337915919	0.934986248772762
"treatment"	0.870903133424072	0.0307677317905027	Inf	0.797800819226595	0.920219253067929
