name	mean duration (hours)	std duration (hours)	mean realtime (hours)	std realtime (hours)	mean %cpu	std %cpu	mean peak virtual memory (GB)	std peak virtual memory (GB)
SCVI Random Forest	0.016364380429812527	0.004117396589377089	0.004423662551440329	0.0026683984562650117	91.59934156378601	26.700670838217256	0.012704877186213992	0.0013223142085237456
SCVI pre-process query	0.01815775034293553	0.006918866938932815	0.013526063100137174	0.002767546821490517	202.1901234567901	66.53551445408509	0.015272955246913581	0.0003488949409358884
Seurat TransferData	0.01784487882944673	0.0019209996418803452	0.006968335619570187	0.0031185738423917505	206.8724279835391	42.42652062448172	0.01525487075617284	0.010469610176687993
Seurat pre-process query	0.03424211248285322	0.011939099732002545	0.02509636488340192	0.010288993433548204	871.3271604938271	409.3342106635107	0.031200569058641974	0.01811479139611041
Seurat pre-process reference	0.042	0.025812293772617758	0.03474814814814815	0.026300677602596256	725.5733333333334	332.483241438625	0.02296875	0.008936019739907517
