name	mean duration (hours)	std duration (hours)	mean realtime (hours)	std realtime (hours)	mean %cpu	std %cpu	mean peak virtual memory (GB)	std peak virtual memory (GB)
SCVI Random Forest	0.01611785550983082	0.0035901733267017203	0.0040935756744398715	0.001189216907380596	92.66230452674897	24.172226531393186	0.012561005015432098	0.0015944939084869643
SCVI pre-process query	0.035627572016460905	0.005992341454868525	0.023680384087791495	0.004291269782808537	110.95308641975308	49.044706996214785	0.015223524305555555	0.0006528351732786984
Seurat TransferData	0.017964563328760858	0.0007417053708314164	0.00742400548696845	0.0027594276989941673	191.3532510288066	34.7037618309813	0.01672019675925926	0.011531707057351301
Seurat pre-process query	0.05798696844993142	0.013854164691846828	0.0519420438957476	0.014280886328629401	451.4555555555555	220.6642800452879	0.030545910493827162	0.018348849665348124
Seurat pre-process reference	0.04207407407407407	0.029606974687862338	0.03624259259259259	0.029293738071877126	611.16	250.31757389028706	0.03481119791666667	0.016628616452241753
