name	mean duration (hours)	std duration (hours)	mean realtime (hours)	std realtime (hours)	mean %cpu	std %cpu	mean peak virtual memory (GB)	std peak virtual memory (GB)
SCVI Random Forest	0.015905177220230982	0.00369313650075369	0.0037837913181999207	0.001293496650007924	96.45254480286738	23.32206099885862	0.012734375	0.0012368378167050657
SCVI pre-process query	0.01462425328554361	0.0052711739383441685	0.007718040621266428	0.0022199510764775703	327.42258064516125	122.83363403543876	0.015353032594086023	0.000877976261019869
Seurat TransferData	0.018210872162485063	0.0031588460779118405	0.0068069494225408205	0.003079029192522813	209.9562724014337	47.85016831198832	0.016016115031362008	0.011857281454497272
Seurat pre-process query	0.05025268817204301	0.015109733070983436	0.04149611708482676	0.014625532367916387	540.77311827957	216.9591906169006	0.032310567876344086	0.018280773611892582
Seurat pre-process reference	0.042	0.02581229377261776	0.03474814814814815	0.026300677602596242	725.5733333333334	332.4832414386249	0.02296875	0.00893601973990752
