name	mean duration (hours)	std duration (hours)	mean realtime (hours)	std realtime (hours)	mean %cpu	std %cpu	mean peak virtual memory (GB)	std peak virtual memory (GB)
SCVI Random Forest	0.015614814814814816	0.0038983213321266037	0.004694235785080855	0.0018660683553504715	84.16985915492957	25.357625713165923	0.012469327684859154	0.0014800479730790875
SCVI pre-process query	0.02499237089201878	0.009761609658362006	0.01570226917057903	0.006208877998921652	205.4056338028169	102.30516250297221	0.015330655809859154	0.0006103709419258565
Seurat TransferData	0.01769089723526343	0.001692187350442689	0.007843831507563903	0.003011801527358794	198.77953051643195	40.368383186468755	0.01603524794600939	0.010926410549877768
Seurat pre-process query	0.050580985915492954	0.020120094212822022	0.0426830985915493	0.019772396262868006	580.4549295774648	339.31040680465077	0.024529599471830987	0.014741078530937791
Seurat pre-process reference	0.04799074074074074	0.04062623717594474	0.04067037037037037	0.04051743327606895	537.5766666666666	217.81734030304997	0.02655598958333333	0.015739978199060155
