"contrast"	"odds.ratio"	"SE"	"df"	"null"	"z.ratio"	"p.value"
"seurat / scvi"	1.00004252388917	0.000118805276456761	Inf	1	0.3579369078866	0.720390529590796
