"contrast"	"odds.ratio"	"SE"	"df"	"null"	"z.ratio"	"p.value"
"subsample_ref100 / subsample_ref50"	0.99998306801557	3.98775574458066e-05	Inf	1	-0.424595741764603	0.67113139772983
