"contrast"	"odds.ratio"	"SE"	"df"	"null"	"z.ratio"	"p.value"
"seurat / scvi"	0.875334218962394	0.0834821532868104	Inf	1	-1.39611054455394	0.162681208975166
