key	method	n	mean	median	std	n_zero	pct_zero	n_one	pct_one	n_boundary	pct_boundary
subclass	scvi	6348	0.48926140949791813	0.5260310613921085	0.20701912728051128	108	1.7013232514177694	0	0.0	108	1.7013232514177694
subclass	seurat	6120	0.604091665995327	0.5991176470588235	0.15323012334306724	0	0.0	18	0.29411764705882354	18	0.29411764705882354
class	scvi	6348	0.4692626811670373	0.4908484299516908	0.21317126914736653	108	1.7013232514177694	0	0.0	108	1.7013232514177694
class	seurat	6120	0.5834159363551845	0.5721739232982688	0.1657022213781814	0	0.0	25	0.4084967320261438	25	0.4084967320261438
family	scvi	6348	0.5962128937981871	0.6532050305076621	0.2291197719721938	18	0.2835538752362949	13	0.20478890989287965	31	0.48834278512917456
family	seurat	6120	0.6995039087268745	0.6950048096925242	0.1453329010262128	0	0.0	87	1.4215686274509804	87	1.4215686274509804
global	scvi	6348	0.6224980316009001	0.6446639037000483	0.295192414285166	18	0.2835538752362949	127	2.0006301197227474	145	2.2841839949590423
global	seurat	6120	0.7199093224871255	0.7556055056055055	0.25580564432604397	0	0.0	1110	18.137254901960784	1110	18.137254901960784
