key	method	n	mean	median	std	n_zero	pct_zero	n_one	pct_one	n_boundary	pct_boundary
subclass	scvi	6624	0.49244332298876486	0.5273638642059695	0.20497686741861593	108	1.6304347826086956	0	0.0	108	1.6304347826086956
subclass	seurat	6624	0.6032143796588569	0.5991176470588235	0.1547012519731588	0	0.0	19	0.28683574879227053	19	0.28683574879227053
class	scvi	6624	0.47224342896738886	0.4922458172458173	0.21145665795583948	108	1.6304347826086956	0	0.0	108	1.6304347826086956
class	seurat	6624	0.5826041349945289	0.5714251533263017	0.16673469484038486	0	0.0	26	0.392512077294686	26	0.392512077294686
family	scvi	6624	0.5999989812569858	0.6553580297367174	0.22659716027740223	18	0.2717391304347826	13	0.196256038647343	31	0.46799516908212563
family	seurat	6624	0.6981847491432012	0.6947778048825412	0.14785962972339972	0	0.0	92	1.3888888888888888	92	1.3888888888888888
global	scvi	6624	0.6268730142806257	0.6499110637584534	0.29328774301184724	18	0.2717391304347826	129	1.9474637681159421	147	2.2192028985507246
global	seurat	6624	0.7197765711099915	0.7560975609756098	0.2574686955611292	0	0.0	1219	18.40277777777778	1219	18.40277777777778
