"contrast"	"odds.ratio"	"SE"	"df"	"null"	"z.ratio"	"p.value"
"seurat / scvi"	0.238529507267416	0.0389238736173851	Inf	1	-8.7831787528373	1.58918315824421e-18
