"method"	"response"	"SE"	"df"	"asymp.LCL"	"asymp.UCL"
"seurat"	0.0203307440118683	0.00264156792315587	Inf	0.0157502537518472	0.0262078627542734
"scvi"	0.0800389058215512	0.00881679707299885	Inf	0.0643740504157885	0.0991118660499962
