"subsample_ref"	"response"	"SE"	"df"	"asymp.LCL"	"asymp.UCL"
"500"	0.0509737039145529	0.00360117435801789	Inf	0.0443605210281742	0.0585124036064178
"100"	0.0501963269099396	0.00357039969272838	Inf	0.0436428972729522	0.0576744759410655
"50"	0.042929694359196	0.00328776078089264	Inf	0.0369283089373027	0.049855902333636
