"contrast"	"odds.ratio"	"SE"	"df"	"null"	"z.ratio"	"p.value"
"subsample_ref500 / subsample_ref100"	1.01631854766921	0.0717924135065103	Inf	1	0.229146450982239	0.971468902704117
"subsample_ref500 / subsample_ref50"	1.19744063316425	0.0861660150812203	Inf	1	2.50403369154576	0.0328824312168948
"subsample_ref100 / subsample_ref50"	1.17821389357739	0.0845766584255659	Inf	1	2.28463338027815	0.0579562378300944
