"contrast"	"odds.ratio"	"SE"	"df"	"null"	"z.ratio"	"p.value"
"seurat / scvi"	2.75539920895705	0.29966503959977	Inf	1	9.31963522106479	1.16740963199e-20
