"method"	"response"	"SE"	"df"	"asymp.LCL"	"asymp.UCL"
"seurat"	0.736146109485348	0.0259881211640694	Inf	0.682177148793477	0.783854395513134
"scvi"	0.503117653817814	0.0330891736719896	Inf	0.438573447702007	0.567558118871175
