"contrast"	"odds.ratio"	"SE"	"df"	"null"	"z.ratio"	"p.value"
"subsample_ref500 / subsample_ref100"	0.827898318342978	0.0395155590668156	Inf	1	-3.95694674857473	0.000224002925972577
"subsample_ref500 / subsample_ref50"	0.668977232562927	0.0319398562677345	Inf	1	-8.41996151623782	2.97539770599542e-14
"subsample_ref100 / subsample_ref50"	0.8080427484161	0.0385552903705052	Inf	1	-4.4670001082357	2.36234100827737e-05
