"subsample_ref"	"response"	"SE"	"df"	"asymp.LCL"	"asymp.UCL"
"500"	0.320192811544125	0.0251552292039536	Inf	0.273012537831263	0.371361541276852
"100"	0.362617606671298	0.0267516639673559	Inf	0.311980444440225	0.416498272921058
"50"	0.413168891829962	0.0280142218065198	Inf	0.359545420118298	0.468934186273452
