"contrast"	"odds.ratio"	"SE"	"df"	"null"	"z.ratio"	"p.value"
"seurat / scvi"	1.51573193169525	0.0739498123198317	Inf	1	8.52457273995293	1.53374901179224e-17
