"method"	"response"	"SE"	"df"	"asymp.LCL"	"asymp.UCL"
"seurat"	0.790819481059481	0.00585465491753484	Inf	0.779113107149425	0.80206306692801
"scvi"	0.71381261062817	0.00743195262354766	Inf	0.699027098483744	0.728154244778602
