"reference"	"method"	"response"	"SE"	"df"	"asymp.LCL"	"asymp.UCL"	"key"
"An integrated transcriptomic and epigenomic atlas of mouse primary motor cortex cell types"	"seurat"	0.83044804428383	0.0048888992515712	Inf	0.820649409298086	0.839815834668189	"all"
"Single-cell RNA-seq for all cortical  hippocampal regions 10x"	"seurat"	0.829872111688459	0.00490421923611679	Inf	0.820043071358796	0.839269525248975	"all"
"Single-cell RNA-seq for all cortical  hippocampal regions SMART-Seq v4"	"seurat"	0.773826026907902	0.00630129238090819	Inf	0.761237704314894	0.785937286286763	"all"
"whole cortex"	"seurat"	0.790819480264174	0.00585465482031758	Inf	0.779113106553651	0.802063065951092	"all"
"An integrated transcriptomic and epigenomic atlas of mouse primary motor cortex cell types"	"scvi"	0.745430356880432	0.00685705475882563	Inf	0.731758852148967	0.758634896777933	"all"
"Single-cell RNA-seq for all cortical  hippocampal regions 10x"	"scvi"	0.772642527248107	0.00628289020947681	Inf	0.760093587843146	0.784720972938617	"all"
"Single-cell RNA-seq for all cortical  hippocampal regions SMART-Seq v4"	"scvi"	0.724866145921614	0.0072673130527504	Inf	0.710396238261031	0.73887881909922	"all"
"whole cortex"	"scvi"	0.713812620659546	0.00743195246360823	Inf	0.699027108822689	0.728154254491357	"all"
