"contrast"	"odds.ratio"	"SE"	"df"	"null"	"z.ratio"	"p.value"
"subsample_ref500 / subsample_ref100"	0.929181183457006	0.0273277609805202	Inf	1	-2.49745225288396	0.0334705202203177
"subsample_ref500 / subsample_ref50"	1.13715973762288	0.0338945565976272	Inf	1	4.31229548145142	4.80140697629583e-05
"subsample_ref100 / subsample_ref50"	1.22382992452784	0.0361092284182305	Inf	1	6.84577245577223	2.28418395309404e-11
