"subsample_ref"	"response"	"SE"	"df"	"asymp.LCL"	"asymp.UCL"
"500"	0.778610748701147	0.00405751098510845	Inf	0.770556069342759	0.786461026493735
"100"	0.791012660290738	0.0038590808131315	Inf	0.783348286943637	0.798475648293494
"50"	0.755664474305681	0.00429979723353014	Inf	0.747139019183114	0.763993283373575
