"subsample_ref"	"response"	"SE"	"df"	"asymp.LCL"	"asymp.UCL"
"500"	0.77861072850164	0.00405751119903407	Inf	0.770556048727466	0.786461006716629
"100"	0.79101267301537	0.00385908061497118	Inf	0.783348300057967	0.798475660631281
"50"	0.755664528193336	0.00429979660069188	Inf	0.74713907430412	0.763993336014958
