"contrast"	"odds.ratio"	"SE"	"df"	"null"	"z.ratio"	"p.value"
"subsample_ref500 / subsample_ref100"	0.92918100305055	0.02732775508428	Inf	1	-2.497458908421	0.0334699209854113
"subsample_ref500 / subsample_ref50"	1.13715927247665	0.0338945426040381	Inf	1	4.31228177456627	4.80170371757183e-05
"subsample_ref100 / subsample_ref50"	1.2238296615442	0.0361092209881137	Inf	1	6.84576511034823	2.28430607762675e-11
