metric	stat	class	family	subclass
f1_score	mean	0.8813285877073916	0.9829255145694589	0.8399012648969455
f1_score	std	0.2401225869646466	0.060409300235696815	0.30189298120441355
precision	mean	0.9361945967330956	0.9849180404370728	0.9448534352041148
precision	std	0.17882259091783653	0.06163468257807048	0.16759148838947666
recall	mean	0.8960037454979687	0.984472842810612	0.8412677556100591
recall	std	0.24125846495150532	0.06487507064940001	0.3132428527775716
