metric	stat	class	family	subclass
f1_score	mean	0.88153981896275	0.9827754772175897	0.8409061403748138
f1_score	std	0.2396313382268874	0.060534927098308426	0.3008484952754014
precision	mean	0.93606779590297	0.9845500308499342	0.9453514114158095
precision	std	0.1788562141775429	0.06211110822767352	0.16660197830706627
recall	mean	0.8962881165532143	0.9845803826434726	0.8420034202169492
recall	std	0.24076669399764383	0.06486487400709809	0.31234113473952235
