metric	mean	std
f1_score	0.8756596578050034	0.26043328824097206
precision	0.9466197654937663	0.16314072086268916
recall	0.8825240466411202	0.26735690378976334
