"contrast"	"odds.ratio"	"SE"	"df"	"null"	"z.ratio"	"p.value"
"seurat / scvi"	1.29132794716907	0.0566598744609913	Inf	1	5.82696743852113	5.64436197362169e-09
