"method"	"response"	"SE"	"df"	"asymp.LCL"	"asymp.UCL"
"seurat"	0.864282438723163	0.0037817520777471	Inf	0.856698284176377	0.871525400467677
"scvi"	0.831409889682895	0.00472518096355273	Inf	0.821944893168995	0.840469402425276
