"contrast"	"odds.ratio"	"SE"	"df"	"null"	"z.ratio"	"p.value"
"seurat / scvi"	0.933854425120698	0.067841748939978	Inf	1	-0.942016709652507	0.346184085001083
