"method"	"response"	"SE"	"df"	"asymp.LCL"	"asymp.UCL"
"seurat"	0.621841357255307	0.0532517251765028	Inf	0.513379173508166	0.719344602142567
"scvi"	0.637794852066308	0.0522695458983129	Inf	0.530546671871737	0.732877811789063
