"contrast"	"odds.ratio"	"SE"	"df"	"null"	"z.ratio"	"p.value"
"subsample_ref100 / subsample_ref50"	0.998457626513158	0.0244900248736837	Inf	1	-0.0629310678450993	0.949821395304861
