"subsample_ref"	"response"	"SE"	"df"	"asymp.LCL"	"asymp.UCL"
"100"	0.571359556266843	0.0541826918805077	Inf	0.463510870779417	0.672830926640736
"50"	0.571737545483072	0.0541707863612763	Inf	0.463894606724212	0.673170727359654
