"method"	"response"	"SE"	"df"	"asymp.LCL"	"asymp.UCL"
"seurat"	0.103550110567295	0.0116496784533946	Inf	0.0828409338824555	0.128709797158655
"scvi"	0.0445400636584983	0.00544081531049402	Inf	0.0350133415015431	0.0565071086612499
