"contrast"	"odds.ratio"	"SE"	"df"	"null"	"z.ratio"	"p.value"
"seurat / scvi"	2.47791381394887	0.410559586475468	Inf	1	5.4766742724276	4.33393929778019e-08
