"subsample_ref"	"response"	"SE"	"df"	"asymp.LCL"	"asymp.UCL"
"500"	0.121915507116378	0.00850252530764363	Inf	0.106207103754675	0.139584402339744
"100"	0.131036079512722	0.00895462173886309	Inf	0.114460790405813	0.149606153184215
"50"	0.126487617087941	0.00900478483651348	Inf	0.109865619675772	0.145214162315429
