"contrast"	"odds.ratio"	"SE"	"df"	"null"	"z.ratio"	"p.value"
"control False / disease False"	1.01421506597201	0.00490676215191584	Inf	1	2.91752977171738	0.0035281596581881
