"method"	"region_match"	"response"	"SE"	"df"	"asymp.LCL"	"asymp.UCL"
"seurat"	"False"	0.973431892587589	0.00922329896246077	Inf	0.947951669519397	0.986614427545568
"scvi"	"False"	0.979987192291052	0.00699416380626927	Inf	0.960539767290738	0.989950500506495
