"region_match"	"response"	"SE"	"df"	"asymp.LCL"	"asymp.UCL"
"False"	0.967059473441329	0.0165963686328029	Inf	0.913602334152992	0.987879683749561
"True"	0.969745957843501	0.0152871601625857	Inf	0.920279519331309	0.988889123811418
