"contrast"	"odds.ratio"	"SE"	"df"	"null"	"z.ratio"	"p.value"
"False / True"	0.915900036324715	0.00932918427145335	Inf	1	-8.62455180229769	6.43441501448176e-18
