"sex"	"region_match"	"response"	"SE"	"df"	"asymp.LCL"	"asymp.UCL"
"female"	"False"	0.983329001875152	0.00570805502620475	Inf	0.967542110323653	0.991504871407525
"femaleemale"	"False"	0.973110895903698	0.031551964239508	Inf	0.773009742329902	0.997406549522804
"male"	"False"	0.983514489837844	0.00564539551629894	Inf	0.967898319559555	0.991599952853165
"maleale"	"False"	0.975085577842497	0.0292941092189885	Inf	0.786455590423217	0.99760139234092
"None"	"False"	0.959346284813749	0.0271548592983954	Inf	0.857724283969342	0.989289981487879
