"subsample_ref"	"region_match"	"response"	"SE"	"df"	"asymp.LCL"	"asymp.UCL"
"500"	"False"	0.9769358537284	0.00803449125964517	Inf	0.954664128695336	0.988399312118482
"100"	"False"	0.974657391277036	0.00880752185831849	Inf	0.950297765450746	0.987238417968399
"50"	"False"	0.971957630703892	0.00971876313398784	Inf	0.945149126455929	0.985859442551211
