"disease_state"	"response"	"SE"	"df"	"asymp.LCL"	"asymp.UCL"
"control"	0.925469030579684	0.034999678877993	Inf	0.821209864119896	0.971072427839088
"disease"	0.918683235410714	0.0379058672620717	Inf	0.806913833373634	0.96829609346026
