"disease_state"	"region_match"	"response"	"SE"	"df"	"asymp.LCL"	"asymp.UCL"
"control"	"False"	0.943869460381915	0.0263223664391302	Inf	0.863953892081715	0.978034891233478
"disease"	"False"	0.939403779490042	0.0282818169893178	Inf	0.854114134088061	0.97621866308376
