"contrast"	"odds.ratio"	"SE"	"df"	"null"	"z.ratio"	"p.value"
"control False / disease False"	1.08472965139586	0.0042513636783601	Inf	1	20.7514394452222	1.1897562463661e-95
