"contrast"	"odds.ratio"	"SE"	"df"	"null"	"z.ratio"	"p.value"
"control / disease"	1.09910559765411	0.00471853753535211	Inf	1	22.0114628159806	2.23658281485628e-107
