"disease_state"	"region_match"	"response"	"SE"	"df"	"asymp.LCL"	"asymp.UCL"
"control"	"False"	0.955302848951791	0.0131916819992918	Inf	0.921042775688584	0.975099145932102
"disease"	"False"	0.951698600729858	0.0142017352942665	Inf	0.914921604481265	0.973046283683882
