"contrast"	"odds.ratio"	"SE"	"df"	"null"	"z.ratio"	"p.value"
"seurat / scvi"	0.771437259591492	0.0035489312995659	Inf	1	-56.4079437916893	0
