"region_match"	"response"	"SE"	"df"	"asymp.LCL"	"asymp.UCL"
"False"	0.930855120176077	0.0198821570945542	Inf	0.880214387579204	0.961034638040898
"True"	0.947999927783866	0.0152319105283998	Inf	0.908670047858556	0.970934733766599
