"contrast"	"odds.ratio"	"SE"	"df"	"null"	"z.ratio"	"p.value"
"False / True"	0.738436541807812	0.00631466115599116	Inf	1	-35.4585627494483	2.14066076589539e-275
