"contrast"	"odds.ratio"	"SE"	"df"	"null"	"z.ratio"	"p.value"
"False / True"	0.738444241766801	0.00631463970383545	Inf	1	-35.4578335622999	2.19677581110098e-275
