"region_match"	"response"	"SE"	"df"	"asymp.LCL"	"asymp.UCL"
"False"	0.913734353078742	0.0391604014458375	Inf	0.800013867761729	0.965571512861492
"True"	0.934827751239214	0.0302710423590796	Inf	0.844158787731737	0.974348177535159
