"contrast"	"odds.ratio"	"SE"	"df"	"null"	"z.ratio"	"p.value"
"False / True"	0.77120609592628	0.00673949413299705	Inf	1	-29.7290947041751	3.23143485704386e-194
