"sex"	"region_match"	"response"	"SE"	"df"	"asymp.LCL"	"asymp.UCL"
"female"	"False"	0.965971677756414	0.0105140554818951	Inf	0.938139653419347	0.981528158427047
"femaleemale"	"False"	0.911806506695832	0.0927234007070163	Inf	0.518977839948383	0.990007140684366
"male"	"False"	0.96682091228762	0.0102603814718486	Inf	0.939641087956638	0.981996076520342
"maleale"	"False"	0.914236705183944	0.0904085652296187	Inf	0.526613580401455	0.990305375252292
"None"	"False"	0.923287352888259	0.0471549204625807	Inf	0.765485327230501	0.977963150470435
