"contrast"	"odds.ratio"	"SE"	"df"	"null"	"z.ratio"	"p.value"
"female False / male False"	0.972354417533626	0.00285270527585085	Inf	1	-9.55579694708741	2.40918396343659e-14
"female False / None False"	2.18063557520186	1.63400836448808	Inf	1	1.04042259255383	0.55131153610969
"male False / None False"	2.2426345125608	1.68046092406387	Inf	1	1.07783920804765	0.527846539547177
