"sex"	"region_match"	"response"	"SE"	"df"	"asymp.LCL"	"asymp.UCL"
"female"	"False"	0.963454964918538	0.0110848182141443	Inf	0.934314528578359	0.979945147337794
"male"	"False"	0.96442933634578	0.0108000118204769	Inf	0.936014838204269	0.980488569677004
"None"	"False"	0.923604773020352	0.0479817630499542	Inf	0.761249630244945	0.978651314493587
