"subsample_ref"	"response"	"SE"	"df"	"asymp.LCL"	"asymp.UCL"
"500"	0.931923662169816	0.0321914169230784	Inf	0.835085295916856	0.973689822425283
"100"	0.923313978196353	0.0359276017758858	Inf	0.816638417829729	0.970193337927852
"50"	0.909754541260781	0.0416592494916232	Inf	0.788537076047972	0.964605178714839
