"contrast"	"odds.ratio"	"SE"	"df"	"null"	"z.ratio"	"p.value"
"subsample_ref500 / subsample_ref100"	1.1369750965671	0.00413108919918631	Inf	1	35.3308722136616	0
"subsample_ref500 / subsample_ref50"	1.35795468837946	0.00487971006641235	Inf	1	85.1498369988227	0
"subsample_ref100 / subsample_ref50"	1.1943574599651	0.00416280725876578	Inf	1	50.9578861164591	0
