"subsample_ref"	"region_match"	"response"	"SE"	"df"	"asymp.LCL"	"asymp.UCL"
"500"	"False"	0.949075697722444	0.0163053914201544	Inf	0.905844248321825	0.973048095917442
"100"	"False"	0.941973217423738	0.0184404324360081	Inf	0.893389703178379	0.969180449050712
"50"	"False"	0.931023759211155	0.0216652093817016	Inf	0.874494399804844	0.963164063713113
