"subsample_ref"	"region_match"	"response"	"SE"	"df"	"asymp.LCL"	"asymp.UCL"
"500"	"False"	0.953533957082793	0.0136881224113268	Inf	0.918035130715257	0.974092192373989
"100"	"False"	0.947018572203708	0.0155007475575554	Inf	0.907027674727341	0.970369809415409
"50"	"False"	0.936957284043397	0.018248339217175	Inf	0.890252373717603	0.964577014666294
