"1"	"response"	"SE"	"df"	"asymp.LCL"	"asymp.UCL"
"overall"	0.93999826086823	0.0174233258381278	Inf	0.895298202866095	0.966332284950521
