"1"	"response"	"SE"	"df"	"asymp.LCL"	"asymp.UCL"
"overall"	0.922143793818895	0.0364293126023569	Inf	0.814169267540646	0.969714805170629
