"method"	"response"	"SE"	"df"	"asymp.LCL"	"asymp.UCL"
"seurat"	0.00307311562794469	0.000532039675129694	Inf	0.00218848593051811	0.00431378437939186
"scvi"	0.00279054079578512	0.000520362682552919	Inf	0.00193592919101605	0.00402089888672947
