"contrast"	"odds.ratio"	"SE"	"df"	"null"	"z.ratio"	"p.value"
"seurat / scvi"	0.842737447775935	0.0516547423047941	Inf	1	-2.79146151220605	0.00524705974635928
