"method"	"response"	"SE"	"df"	"asymp.LCL"	"asymp.UCL"
"seurat"	0.424415649466392	0.128282678457327	Inf	0.208513284207144	0.673611540727211
"scvi"	0.600035049093829	0.125980091934058	Inf	0.349045509418838	0.807595240239556
