"contrast"	"odds.ratio"	"SE"	"df"	"null"	"z.ratio"	"p.value"
"subsample_ref500 / subsample_ref100"	1.0274617245284	0.0402839474220647	Inf	1	0.690979767413519	0.768765248802073
"subsample_ref500 / subsample_ref50"	1.07231426161536	0.040917595566775	Inf	1	1.82972863310954	0.159886187770868
"subsample_ref100 / subsample_ref50"	1.04365373036893	0.0402451754986565	Inf	1	1.10803305118128	0.509076129737409
