"contrast"	"odds.ratio"	"SE"	"df"	"null"	"z.ratio"	"p.value"
"seurat / scvi"	0.894118164596915	0.0611390356888539	Inf	1	-1.63671741230653	0.101689529004594
