"subsample_ref"	"response"	"SE"	"df"	"asymp.LCL"	"asymp.UCL"
"100"	0.591867593404651	0.0490048861999466	Inf	0.493519650302367	0.683370630572515
"50"	0.595438415459606	0.0488695615209299	Inf	0.497219254778806	0.686565469257917
