"contrast"	"odds.ratio"	"SE"	"df"	"null"	"z.ratio"	"p.value"
"subsample_ref100 / subsample_ref50"	0.985306330127922	0.0226982304370396	Inf	1	-0.642569265009262	0.520503631563419
