"method"	"response"	"SE"	"df"	"asymp.LCL"	"asymp.UCL"
"seurat"	0.640086826795303	0.08283919014329	Inf	0.467787475422241	0.782536721138325
"scvi"	0.700369649639916	0.0755679652459192	Inf	0.535757171937771	0.825612278912198
