"subsample_ref"	"response"	"SE"	"df"	"asymp.LCL"	"asymp.UCL"
"500"	0.677630478397427	0.0782450575594775	Inf	0.51021600987291	0.809218099182375
"100"	0.662779946381263	0.0800589940997641	Inf	0.493411714575308	0.798632506676591
"50"	0.669591174901484	0.0792509533975001	Inf	0.50106227604782	0.803517258316768
