"contrast"	"odds.ratio"	"SE"	"df"	"null"	"z.ratio"	"p.value"
"subsample_ref500 / subsample_ref100"	1.06950542097727	0.0289673147040583	Inf	1	2.48096267641088	0.0349836845423177
"subsample_ref500 / subsample_ref50"	1.03724386368333	0.0280974051796237	Inf	1	1.34990981480527	0.367555034983117
"subsample_ref100 / subsample_ref50"	0.969835068938262	0.026193625078571	Inf	1	-1.13406695487143	0.493036440766367
