"method"	"response"	"SE"	"df"	"asymp.LCL"	"asymp.UCL"
"seurat"	0.906926268952907	0.0216671854285104	Inf	0.854901377716157	0.941572566521765
"scvi"	0.81650918155093	0.0384469077756797	Inf	0.729070693453495	0.880359009673344
