"contrast"	"odds.ratio"	"SE"	"df"	"null"	"z.ratio"	"p.value"
"female / male"	1.25357186794284	0.0711049592755586	Inf	1	3.98429937534432	0.000199840657120198
"female / None"	1.18245255786007	0.630528747489251	Inf	1	0.314288724775146	0.947008242648751
"male / None"	0.943266667112208	0.500546821340956	Inf	1	-0.110064966591701	0.993343462607692
