"sex"	"response"	"SE"	"df"	"asymp.LCL"	"asymp.UCL"
"female"	0.882463369390559	0.0336462517222993	Inf	0.799019191446007	0.934119319683003
"male"	0.856923632049777	0.0392462005931743	Inf	0.761801748306023	0.918141360658166
"None"	0.86393637571736	0.0497776687399818	Inf	0.734663414482898	0.935736358551624
