"subsample_ref"	"response"	"SE"	"df"	"asymp.LCL"	"asymp.UCL"
"500"	0.868842196165	0.0292455057526488	Inf	0.800233670566611	0.916350629655408
"100"	0.869276264941591	0.0291632014958385	Inf	0.800842968592469	0.916642450058075
"50"	0.866340089690407	0.0297170266407988	Inf	0.796730488471047	0.914665077556151
