"contrast"	"odds.ratio"	"SE"	"df"	"null"	"z.ratio"	"p.value"
"subsample_ref500 / subsample_ref100"	0.996192792129086	0.0173240295318371	Inf	1	-0.219345691660402	0.973825515200757
"subsample_ref500 / subsample_ref50"	1.02202030038113	0.0175416481743339	Inf	1	1.26903622332388	0.412743728075077
"subsample_ref100 / subsample_ref50"	1.02592621474087	0.0175122811025175	Inf	1	1.4994866461461	0.291149770592975
