"1"	"response"	"SE"	"df"	"asymp.LCL"	"asymp.UCL"
"overall"	0.868158212717813	0.0293526426831562	Inf	0.799335630657104	0.915861082481105
