"contrast"	"odds.ratio"	"SE"	"df"	"null"	"z.ratio"	"p.value"
"no treatment / treatment"	1.17543291670291	0.0327851244147566	Inf	1	5.79509423669138	6.8282828265305e-09
