"treatment_state"	"response"	"SE"	"df"	"asymp.LCL"	"asymp.UCL"
"no treatment"	0.877136604160937	0.0276533935853346	Inf	0.811939253361512	0.921905185299636
"treatment"	0.8586294610038	0.0312017055246705	Inf	0.78586005109017	0.909517454190962
