name	mean duration (hours)	std duration (hours)	mean realtime (hours)	std realtime (hours)	mean %cpu	std %cpu	mean peak virtual memory (GB)	std peak virtual memory (GB)
SCVI Random Forest	0.018179669454400638	0.0056002391649857515	0.003091278375149343	0.0012124635369560282	127.43354838709676	21.933528202764016	0.013054715501792113	0.0012445048977845863
SCVI pre-process query	0.018478195937873358	0.007079710287029202	0.0032936081242532856	0.0007616311270522911	180.57849462365593	34.763120072012605	0.01975701444892473	0.001524838145338358
Seurat TransferData	0.02058721624850657	0.006117631231690404	0.005011668657905217	0.002420901579911819	282.0194982078853	58.60251558268218	0.019306185595878135	0.016222126928018686
Seurat pre-process query	0.026208183990442054	0.003735593148224801	0.006405615292712066	0.0017089469533340305	443.0129032258065	134.6097264090553	0.028518775201612903	0.018758169717467136
Seurat pre-process reference	0.06874074074074074	0.050783146478415725	0.048992592592592595	0.052722714867512295	416.18	150.32832280929455	0.03046875	0.016756940570424084
