"method"	"response"	"SE"	"df"	"asymp.LCL"	"asymp.UCL"
"seurat"	0.0549661528731334	0.00718383762056576	Inf	0.0424699254658637	0.0708671087862838
"scvi"	0.745487996560848	0.0245681602066975	Inf	0.694427906265942	0.790589007270785
