"subsample_ref"	"response"	"SE"	"df"	"asymp.LCL"	"asymp.UCL"
"500"	0.0860199493835863	0.00688548008596777	Inf	0.0734488138447235	0.100509298167527
"100"	0.087413160446369	0.00690998672762458	Inf	0.0747847372278138	0.101939110955974
"50"	0.0852873886097993	0.00687383630616291	Inf	0.07274438505197	0.0997604468280887
