"contrast"	"odds.ratio"	"SE"	"df"	"null"	"z.ratio"	"p.value"
"seurat / scvi"	0.660034079131881	0.0582984909214397	Inf	1	-4.70372850264914	2.55452896837638e-06
