"method"	"response"	"SE"	"df"	"asymp.LCL"	"asymp.UCL"
"seurat"	0.175128490161699	0.010774852541741	Inf	0.155001868932151	0.197258427954893
"scvi"	0.24337875769389	0.0140609869031284	Inf	0.216886607166598	0.271982980439876
