"subsample_ref"	"response"	"SE"	"df"	"asymp.LCL"	"asymp.UCL"
"100"	0.146826933400797	0.00599953610260608	Inf	0.135453462795802	0.158979777521445
"50"	0.151779626710582	0.00614490923900984	Inf	0.140124016265304	0.164219598943153
