"contrast"	"odds.ratio"	"SE"	"df"	"null"	"z.ratio"	"p.value"
"subsample_ref100 / subsample_ref50"	0.96175357750284	0.0274082291271608	Inf	1	-1.36840366401829	0.171185757995927
