"method"	"response"	"SE"	"df"	"asymp.LCL"	"asymp.UCL"	"key"
"seurat"	0.495616746159618	0.0194400202218649	Inf	0.457613939177581	0.533670267450707	"all"
"scvi"	0.42758624524155	0.0193081410110759	Inf	0.390235554664286	0.465781087782654	"all"
