"contrast"	"odds.ratio"	"SE"	"df"	"null"	"z.ratio"	"p.value"
"subsample_ref500 / subsample_ref100"	0.79970060094581	0.0522855689062829	Inf	1	-3.41867514965501	0.0018209408336588
"subsample_ref500 / subsample_ref50"	1.09261231231748	0.0711448293588302	Inf	1	1.36024294397488	0.361965577126978
"subsample_ref100 / subsample_ref50"	1.3662767178432	0.0897725919128109	Inf	1	4.74978339318076	6.08152153358521e-06
