"subsample_ref"	"response"	"SE"	"df"	"asymp.LCL"	"asymp.UCL"
"500"	0.393444291750765	0.0110914829162731	Inf	0.371929096395185	0.415380959094668
"100"	0.447855483262986	0.0115471213346588	Inf	0.425346672987441	0.470580016059465
"50"	0.372518255087706	0.0110269391257159	Inf	0.351172656177765	0.394372689320467
