"contrast"	"odds.ratio"	"SE"	"df"	"null"	"z.ratio"	"p.value"
"seurat / scvi"	0.381765532725395	0.0171203075054385	Inf	1	-21.4727803973418	2.79769495396958e-102
