"method"	"response"	"SE"	"df"	"asymp.LCL"	"asymp.UCL"
"seurat"	0.420477869997359	0.0265301600508293	Inf	0.369537289167791	0.473170384448108
"scvi"	0.655236292870058	0.024597230830527	Inf	0.605569556149672	0.701729388147195
