"contrast"	"odds.ratio"	"SE"	"df"	"null"	"z.ratio"	"p.value"
"subsample_ref100 / subsample_ref50"	1.02664490525614	0.0154896394663829	Inf	1	1.74289203972645	0.0813524747858508
