"subsample_ref"	"response"	"SE"	"df"	"asymp.LCL"	"asymp.UCL"
"100"	0.641742340424779	0.0241081712615132	Inf	0.593249106976504	0.687499584421682
"50"	0.635674357396578	0.0242782246494566	Inf	0.586901764939379	0.681810494585866
