"contrast"	"odds.ratio"	"SE"	"df"	"null"	"z.ratio"	"p.value"
"seurat / scvi"	3.00065196407538	0.13590836785087	Inf	1	24.2605014599275	5.12312061635619e-130
