"method"	"response"	"SE"	"df"	"asymp.LCL"	"asymp.UCL"
"seurat"	0.901746787853458	0.00295381218448144	Inf	0.895803517882379	0.907386107097495
"scvi"	0.753609419831905	0.00643747095998441	Inf	0.740775988962833	0.766008193899825
