"contrast"	"odds.ratio"	"SE"	"df"	"null"	"z.ratio"	"p.value"
"subsample_ref500 / subsample_ref100"	1.10491448341092	0.0305027227727112	Inf	1	3.61394109799837	0.000880243072913345
"subsample_ref500 / subsample_ref50"	1.26208481607156	0.0351025946869456	Inf	1	8.36887234034891	3.14193115968919e-14
"subsample_ref100 / subsample_ref50"	1.14224660371493	0.0316919028429353	Inf	1	4.79350843766157	4.89618007326609e-06
