"contrast"	"odds.ratio"	"SE"	"df"	"null"	"z.ratio"	"p.value"	"key"
"subsample_ref500 / subsample_ref100"	1.10491447168838	0.0305027226011685	Inf	1	3.61394069566916	0.000880244425711774	"all"
"subsample_ref500 / subsample_ref50"	1.26208481770985	0.0351025948510541	Inf	1	8.36887235875856	3.15303338993544e-14	"all"
"subsample_ref100 / subsample_ref50"	1.14224661731628	0.0316919033666955	Inf	1	4.79350884469437	4.8961701496486e-06	"all"
