	sum_sq	df	F	PR(>F)	FDR	Rsquared
study	1205.07118201166	5.0	83622.23174043835	0.0	0.0	0.6434598963513576
reference	132.47487620127632	18.0	2553.5247679533672	0.0	0.0	0.6434598963513576
method	0.15383930418518565	1.0	53.376041753344786	2.761900938794888e-13	3.1564582157655863e-13	0.6434598963513576
ref_split	0.00034591090095830476	1.0	0.12001714900024596	0.7290161606864143	0.7290161606864143	0.6434598963513576
region_match	5.975794860780636	1.0	2073.36010577956	0.0	0.0	0.6434598963513576
sex	1.1116205994929445	1.0	385.6875708498379	8.256174618326134e-86	1.6512349236652268e-85	0.6434598963513576
disease_state	0.5453142442619134	1.0	189.20207696324496	4.909547938179009e-43	6.546063917572012e-43	0.6434598963513576
subsample_ref	0.6104520151695764	1.0	211.80225965454207	5.792559123193438e-48	9.268094597109502e-48	0.6434598963513576
Residual	778.2315502434177	270015.0				0.6434598963513576
