	sum_sq	df	F	PR(>F)	FDR	Rsquared
study	484.09369056120175	5.0	48307.72511767092	0.0	0.0	0.7197988178339245
reference	20.2116302600404	18.0	560.2553446318148	0.0	0.0	0.7197988178339245
method	0.29368772801931714	1.0	146.53553963018265	1.0454794856431531e-33	1.1948336978778892e-33	0.7197988178339245
ref_split	0.00018498339288483233	1.0	0.0922974939464208	0.7612770544034761	0.7612770544034761	0.7197988178339245
region_match	0.29740654554287105	1.0	148.39104423800308	4.114191505209681e-34	5.485588673612908e-34	0.7197988178339245
sex	0.36334479961659744	1.0	181.29094682545494	2.746260371845722e-41	4.394016594953155e-41	0.7197988178339245
disease_state	1.5194192198700331	1.0	758.1144667150746	2.79832820168415e-166	7.4622085378244e-166	0.7197988178339245
subsample_ref	0.41270205007085947	1.0	205.9177549619585	1.1853869145799061e-46	2.3707738291598123e-46	0.7197988178339245
Residual	205.27701500153148	102423.0				0.7197988178339245
