	sum_sq	df	F	PR(>F)	FDR	Rsquared
study	3090.8133068283014	5.0	170127.6978876795	0.0	0.0	0.6551571166392396
reference	231.6865316209491	18.0	3542.4239820968155	0.0	0.0	0.6551571166392396
method	0.4549470858036533	1.0	125.20830714280304	4.6187833455156964e-29	5.278609537732224e-29	0.6551571166392396
ref_split	0.0003679965439165855	1.0	0.10127820517149873	0.7503012290181454	0.7503012290181454	0.6551571166392396
region_match	3.7461679523216014	1.0	1031.0019829102553	5.568145848930509e-226	8.909033358288816e-226	0.6551571166392396
sex	5.315114287636997	1.0	1462.7997035083104	1.3763e-319	2.75264e-319	0.6551571166392396
disease_state	8.06045312338177	1.0	2218.358402273881	0.0	0.0	0.6551571166392396
subsample_ref	1.246479802475546	1.0	343.05006192086114	1.4662975754126627e-76	1.9550634338835502e-76	0.6551571166392396
Residual	1823.82798869141	501945.0				0.6551571166392396
