"method"	"response"	"SE"	"df"	"asymp.LCL"	"asymp.UCL"
"seurat"	0.781100632609087	0.0173414660821966	Inf	0.74522538840139	0.813190546832446
"scvi"	0.803014299085923	0.0162969474839798	Inf	0.769113704527049	0.833018010104872
