"contrast"	"odds.ratio"	"SE"	"df"	"null"	"z.ratio"	"p.value"
"subsample_ref500 / subsample_ref100"	0.951415414855827	0.0413467954377552	Inf	1	-1.14603227902381	0.485715116811677
"subsample_ref500 / subsample_ref50"	1.0311395302851	0.0450803003004564	Inf	1	0.701401935106401	0.762651527652511
"subsample_ref100 / subsample_ref50"	1.08379527405634	0.0473706786258486	Inf	1	1.84105336941521	0.156311124814115
