"subsample_ref"	"response"	"SE"	"df"	"asymp.LCL"	"asymp.UCL"
"500"	0.680268662859858	0.0181886516215773	Inf	0.643618699211155	0.714819599908148
"100"	0.691002708870927	0.0178957949852637	Inf	0.654875249184992	0.724936813596663
"50"	0.673562483712001	0.0184304220322422	Inf	0.636465120649683	0.708607381868408
