"contrast"	"odds.ratio"	"SE"	"df"	"null"	"z.ratio"	"p.value"
"seurat / scvi"	0.459787320245356	0.0122644633390021	Inf	1	-29.1289322592806	1.54462573783792e-186
