"method"	"response"	"SE"	"df"	"asymp.LCL"	"asymp.UCL"
"seurat"	0.869351021720545	0.012334652710418	Inf	0.843219785226588	0.891686314800489
"scvi"	0.935367616881493	0.00656796619850626	Inf	0.921238112697635	0.947107887311282
