"contrast"	"odds.ratio"	"SE"	"df"	"null"	"z.ratio"	"p.value"
"subsample_ref100 / subsample_ref50"	1.00055673900221	0.00889954087688847	Inf	1	0.0625755823041042	0.950104473800325
