"subsample_ref"	"response"	"SE"	"df"	"asymp.LCL"	"asymp.UCL"
"100"	0.923316576586497	0.00759020324738133	Inf	0.90705332660405	0.936932040329334
"50"	0.923277159435442	0.00759521530969032	Inf	0.907003043394784	0.936901490360141
