"contrast"	"odds.ratio"	"SE"	"df"	"null"	"z.ratio"	"p.value"
"subsample_ref500 / subsample_ref100"	0.65396500126218	0.0294561264975019	Inf	1	-9.42893425870876	2.74225087082414e-14
"subsample_ref500 / subsample_ref50"	0.633893272410052	0.028391130579607	Inf	1	-10.1783862083139	2.76445533131664e-14
"subsample_ref100 / subsample_ref50"	0.969307640602495	0.0418842499801152	Inf	1	-0.721427620193494	0.750789573444563
