"contrast"	"odds.ratio"	"SE"	"df"	"null"	"z.ratio"	"p.value"
"seurat / scvi"	0.378024883303025	0.0233148737612311	Inf	1	-15.7727988215681	4.78801383342794e-56
