"method"	"response"	"SE"	"df"	"asymp.LCL"	"asymp.UCL"
"seurat"	0.306555534527627	0.024793552847213	Inf	0.260212023896493	0.357167896078694
"scvi"	0.176951121877808	0.0157839866459445	Inf	0.148103035544799	0.210032965961133
