"contrast"	"odds.ratio"	"SE"	"df"	"null"	"z.ratio"	"p.value"
"seurat / scvi"	2.05622095994472	0.321344769573332	Inf	1	4.61270186549255	3.97468214849132e-06
