"contrast"	"odds.ratio"	"SE"	"df"	"null"	"z.ratio"	"p.value"
"subsample_ref500 / subsample_ref100"	0.860934073485721	0.0683600271388213	Inf	1	-1.88580943665499	0.142757429128785
"subsample_ref500 / subsample_ref50"	0.836965304483905	0.067356103617218	Inf	1	-2.21148396196948	0.0692358094438037
"subsample_ref100 / subsample_ref50"	0.972159576743464	0.0760039762797973	Inf	1	-0.361155200457	0.930631645203048
