"label"	"response"	"SE"	"df"	"asymp.LCL"	"asymp.UCL"
"GABAergic"	0.765366982254755	0.030982405541992	Inf	0.699346244290969	0.820608984623942
"Glutamatergic"	0.843688478965092	0.022719668106194	Inf	0.793847377129712	0.883251745789559
"Neuroglioblast"	0.147935822948672	0.0217550353508714	Inf	0.110155637821575	0.195822043531741
"Neuron"	0.622294886969402	0.0406112112077651	Inf	0.540077611238128	0.698032341998779
"Non-neuron"	0.858771939845361	0.0209343982036161	Inf	0.812573763779311	0.89505355530014
