"label"	"response"	"SE"	"df"	"asymp.LCL"	"asymp.UCL"
"GABAergic"	0.76535818666288	0.0309892316078439	Inf	0.699322129527079	0.820611447595351
"Glutamatergic"	0.843682019161911	0.0227248597576958	Inf	0.793828594092074	0.883253478642565
"Neuroglioblast"	0.147929444220025	0.021758481353628	Inf	0.110144244052247	0.195824410753306
"Neuron"	0.62228437385988	0.0406195141108077	Inf	0.540050223669854	0.69803672672082
"Non-neuron"	0.858766628686439	0.0209391191321537	Inf	0.812557094215801	0.895055609435753
