"label"	"response"	"SE"	"df"	"asymp.LCL"	"asymp.UCL"
"GABAergic"	0.765358194539834	0.0309892308116606	Inf	0.69932213892164	0.820611453932011
"Glutamatergic"	0.843682023990397	0.0227248591316291	Inf	0.793828600215943	0.883253482334848
"Neuroglioblast"	0.147929447997756	0.0217584817633827	Inf	0.110144247065113	0.195824415352008
"Neuron"	0.622284382396049	0.0406195136606993	Inf	0.540050232875854	0.698036734218753
"Non-neuron"	0.858766632607896	0.0209391185967681	Inf	0.812557099262357	0.895055612397445
