"contrast"	"odds.ratio"	"SE"	"df"	"null"	"z.ratio"	"p.value"
"seurat / scvi"	0.759368041526023	0.101652269524942	Inf	1	-2.05632659926536	0.0397510460721892
