"method"	"response"	"SE"	"df"	"asymp.LCL"	"asymp.UCL"
"seurat"	0.309493233619116	0.0475700662206137	Inf	0.224650684309816	0.409456625723381
"scvi"	0.371165319042941	0.0531411812724475	Inf	0.274189808154608	0.479767625355468
