"subsample_ref"	"response"	"SE"	"df"	"asymp.LCL"	"asymp.UCL"
"500"	0.302238935993987	0.0444980942252252	Inf	0.222663274434372	0.395774057428086
"100"	0.266815877095302	0.0413279259833518	Inf	0.193894321823691	0.355081981575014
"50"	0.251797592677923	0.0396525456401915	Inf	0.182191289229427	0.3370374006367
