"contrast"	"odds.ratio"	"SE"	"df"	"null"	"z.ratio"	"p.value"
"seurat / scvi"	0.999947653034845	0.000298478428842691	Inf	1	-0.175374800891575	0.860785139693957
