"contrast"	"odds.ratio"	"SE"	"df"	"null"	"z.ratio"	"p.value"
"subsample_ref500 / subsample_ref100"	1.00000836818021	0.000138215939311303	Inf	1	0.0605445020918462	0.997981084959997
"subsample_ref500 / subsample_ref50"	1.00000023663138	0.000138368872100725	Inf	1	0.00171014911899785	0.999998387579304
"subsample_ref100 / subsample_ref50"	0.999991868519209	0.000138224854643171	Inf	1	-0.058827681545623	0.998093851200092
