"contrast"	"odds.ratio"	"SE"	"df"	"null"	"z.ratio"	"p.value"
"seurat / scvi"	0.225298459169377	0.0257359632531288	Inf	1	-13.0466804376146	6.63771193974208e-39
