"method"	"response"	"SE"	"df"	"asymp.LCL"	"asymp.UCL"
"seurat"	0.388751666485641	0.0192737365792862	Inf	0.35170893715404	0.427125371969784
"scvi"	0.738418860778206	0.0155411111061325	Inf	0.706836852593655	0.767716658510615
