"contrast"	"odds.ratio"	"SE"	"df"	"null"	"z.ratio"	"p.value"
"subsample_ref500 / subsample_ref100"	1.93573857250191	0.117981399091652	Inf	1	10.8367415299585	2.8199664825479e-14
"subsample_ref500 / subsample_ref50"	1.65125307296183	0.101512862510151	Inf	1	8.15818075865179	3.73034936274053e-14
"subsample_ref100 / subsample_ref50"	0.853035165191554	0.0497547741380081	Inf	1	-2.72524167799893	0.0176579488804414
