"subsample_ref"	"response"	"SE"	"df"	"asymp.LCL"	"asymp.UCL"
"500"	0.875247867365981	0.00660965161375152	Inf	0.861706178682606	0.887636463638036
"100"	0.783755830679147	0.00893440186366815	Inf	0.765732344519986	0.800753482293045
"50"	0.80948138265447	0.00839551990576659	Inf	0.79248123436741	0.825395702928269
