"contrast"	"odds.ratio"	"SE"	"df"	"null"	"z.ratio"	"p.value"
"seurat cutoff0 / scvi cutoff0"	1.10169443482774	0.0194283782269899	Inf	1	5.49188576803125	3.97664583268817e-08
