"method"	"cutoff"	"response"	"SE"	"df"	"asymp.LCL"	"asymp.UCL"
"seurat"	0	0.946306968990015	0.0168620244726968	Inf	0.901928892705716	0.971243816104203
"scvi"	0	0.941167926286435	0.0183751168521099	Inf	0.893024086465519	0.968411346482638
