"contrast"	"odds.ratio"	"SE"	"df"	"null"	"z.ratio"	"p.value"
"No treatment / treatment"	1.01789493068989	0.030242249180679	Inf	1	0.596982659297133	0.550518958133689
