"method"	"response"	"SE"	"df"	"asymp.LCL"	"asymp.UCL"
"seurat"	0.700825485397554	0.0539445206104427	Inf	0.585881255332798	0.79502724305193
"scvi"	0.683395352756878	0.0556685318470289	Inf	0.565900235319584	0.781374786877002
