"contrast"	"odds.ratio"	"SE"	"df"	"null"	"z.ratio"	"p.value"
"seurat / scvi"	8.32495446619395	1.20520668398656	Inf	1	14.6387528182609	1.58957308544287e-48
