"contrast"	"odds.ratio"	"SE"	"df"	"null"	"z.ratio"	"p.value"
"seurat cutoff0 / scvi cutoff0"	1.03635885825293	0.0248611563617942	Inf	1	1.48874705046557	0.136553990175681
