"method"	"cutoff"	"response"	"SE"	"df"	"asymp.LCL"	"asymp.UCL"
"seurat"	0	0.958765208163399	0.0101904049767418	Inf	0.933464277614375	0.974705884604461
"scvi"	0	0.957329931310335	0.0105307676877948	Inf	0.931207077646574	0.97381207587233
