"contrast"	"odds.ratio"	"SE"	"df"	"null"	"z.ratio"	"p.value"
"seurat / scvi"	0.0775485375978357	0.010978580516013	Inf	1	-18.060629493657	6.5076251928972e-73
