"contrast"	"odds.ratio"	"SE"	"df"	"null"	"z.ratio"	"p.value"
"subsample_ref500 / subsample_ref100"	1.77936609876694	0.117683551285684	Inf	1	8.71296347697289	2.44249065417534e-14
"subsample_ref500 / subsample_ref50"	1.67489919184198	0.113658646854878	Inf	1	7.60025103626719	1.07469588783715e-13
"subsample_ref100 / subsample_ref50"	0.941289818324994	0.0622851021402955	Inf	1	-0.914375713240382	0.631188520920469
