"subsample_ref"	"response"	"SE"	"df"	"asymp.LCL"	"asymp.UCL"
"500"	0.923946649632526	0.0049175713351874	Inf	0.913730326523218	0.933041781774063
"100"	0.872245679952334	0.00713672386044417	Inf	0.857592503605441	0.88559224468725
"50"	0.878837381575857	0.00720314670295397	Inf	0.863995742411592	0.892261370475761
