"contrast"	"odds.ratio"	"SE"	"df"	"null"	"z.ratio"	"p.value"
"seurat / scvi"	0.0981084459079802	0.00592697359392177	Inf	1	-38.4305061874556	0
