"contrast"	"odds.ratio"	"SE"	"df"	"null"	"z.ratio"	"p.value"
"seurat / scvi"	7.3870502466544	1.19398800201275	Inf	1	12.3720631098573	3.70189006347945e-35
