"subsample_ref"	"response"	"SE"	"df"	"asymp.LCL"	"asymp.UCL"
"500"	0.437245387657214	0.020144998992551	Inf	0.398238364233626	0.477044264830298
"100"	0.365117461889418	0.0181997843727197	Inf	0.330239270775827	0.401471234421442
"50"	0.39266544782001	0.0183319377327385	Inf	0.357372970036698	0.429115913715115
