"subsample_ref"	"response"	"SE"	"df"	"asymp.LCL"	"asymp.UCL"
"500"	0.00456611888424692	0.000532370489889697	Inf	0.00363292219673649	0.00573764745088126
"100"	0.0049664204951336	0.000538286850512642	Inf	0.00401550468790815	0.00614113517412962
"50"	0.00477497513964789	0.000524149546084308	Inf	0.00385025656440965	0.00592046400548501
