"contrast"	"odds.ratio"	"SE"	"df"	"null"	"z.ratio"	"p.value"
"seurat / scvi"	0.729845196795007	0.0254440032642348	Inf	1	-9.03336278903197	1.66475664764727e-19
