"disease_state"	"response"	"SE"	"df"	"asymp.LCL"	"asymp.UCL"
"control"	0.926791986711802	0.0205805410399557	Inf	0.874780812958491	0.958231257127944
"disease"	0.923045801378354	0.0215464258043491	Inf	0.868749449702236	0.956017744195246
