"contrast"	"odds.ratio"	"SE"	"df"	"null"	"z.ratio"	"p.value"
"control / disease"	1.05543797865088	0.00352360419272227	Inf	1	16.1615849164686	9.4110632901768e-59
