"contrast"	"odds.ratio"	"SE"	"df"	"null"	"z.ratio"	"p.value"
"seurat / scvi"	0.645357531429366	0.00309226149979863	Inf	1	-91.4006947444224	0
