"method"	"response"	"SE"	"df"	"asymp.LCL"	"asymp.UCL"
"seurat"	0.908251563386476	0.0252771161328378	Inf	0.845266153789946	0.947199889182747
"scvi"	0.938798073765642	0.0174286635820119	Inf	0.894342890311869	0.965275004690763
