"contrast"	"odds.ratio"	"SE"	"df"	"null"	"z.ratio"	"p.value"
"female / male"	0.970157272680843	0.00411634031192048	Inf	1	-7.14055058719724	2.81097367604843e-12
"female / None"	1.4279617303744	0.859440291144997	Inf	1	0.591906857633892	0.824467350397392
"male / None"	1.47188684823081	0.885868910740046	Inf	1	0.642251593444463	0.796746408341129
