"sex"	"response"	"SE"	"df"	"asymp.LCL"	"asymp.UCL"
"female"	0.932143821459094	0.0249234488699147	Inf	0.863868644609275	0.967465946623589
"male"	0.93403525539828	0.024277362845791	Inf	0.867394388453946	0.968405662150427
"None"	0.905838412036939	0.0388067985336962	Inf	0.797722886381097	0.959127813513723
