"contrast"	"odds.ratio"	"SE"	"df"	"null"	"z.ratio"	"p.value"
"subsample_ref500 / subsample_ref100"	1.10826064532236	0.0041472513742454	Inf	1	27.4688212640445	0
"subsample_ref500 / subsample_ref50"	1.23554814599187	0.0045691408746639	Inf	1	57.1960069831352	0
"subsample_ref100 / subsample_ref50"	1.11485339771538	0.00400821771640642	Inf	1	30.2404008719279	0
