"subsample_ref"	"response"	"SE"	"df"	"asymp.LCL"	"asymp.UCL"
"500"	0.931897898449273	0.0192510133644582	Inf	0.883055280476269	0.961236593622849
"100"	0.925077507849086	0.0210238302998079	Inf	0.872015619130326	0.957219390668423
"50"	0.917185036335041	0.0230401382995435	Inf	0.85938353098547	0.952538955246266
