"method"	"response"	"SE"	"df"	"asymp.LCL"	"asymp.UCL"
"seurat"	0.767706586297683	0.0821653901693691	Inf	0.572576437125656	0.890751645469931
"scvi"	0.809057296117708	0.0711601879551165	Inf	0.632061962874159	0.912673145114208
