"subsample_ref"	"response"	"SE"	"df"	"asymp.LCL"	"asymp.UCL"
"500"	0.575758413234286	0.11228798448206	Inf	0.355346118110503	0.769659829124313
"100"	0.557268891196811	0.113388754156835	Inf	0.33834384880646	0.75599644123217
"50"	0.533533506652002	0.114401895442986	Inf	0.317212639816799	0.737938737330955
