"method"	"response"	"SE"	"df"	"asymp.LCL"	"asymp.UCL"
"seurat"	0.627539157626136	0.0527408281328745	Inf	0.51984414905227	0.723907967902572
"scvi"	0.653918051704068	0.0510700331323956	Inf	0.548351311856918	0.746229215234842
