"contrast"	"odds.ratio"	"SE"	"df"	"null"	"z.ratio"	"p.value"
"seurat / scvi"	0.891693970113835	0.0143996428582859	Inf	1	-7.09857328307117	1.26051343806273e-12
