"sex"	"response"	"SE"	"df"	"asymp.LCL"	"asymp.UCL"
"female"	0.676800082422372	0.0596386828976099	Inf	0.551004937349112	0.781337515183626
"male"	0.677363801271494	0.0590710792511808	Inf	0.552780742024298	0.780991515427485
"None"	0.563697739237438	0.0997071169345275	Inf	0.368559322262967	0.740922380163639
