"subsample_ref"	"response"	"SE"	"df"	"asymp.LCL"	"asymp.UCL"
"500"	0.642417276651027	0.051834355067963	Inf	0.535842674162334	0.736552345500748
"100"	0.640410378119875	0.0519641898650971	Inf	0.533668100049868	0.734858631213277
"50"	0.639675002129756	0.0520090040431373	Inf	0.532877177613563	0.734233491129194
