"contrast"	"odds.ratio"	"SE"	"df"	"null"	"z.ratio"	"p.value"
"subsample_ref500 / subsample_ref100"	1.0087637610201	0.0138252964253509	Inf	1	0.63666273840625	0.79988694718601
"subsample_ref500 / subsample_ref50"	1.01198878085485	0.0136881371102771	Inf	1	0.881081238971083	0.65226554240846
"subsample_ref100 / subsample_ref50"	1.0031970020726	0.0135761807666364	Inf	1	0.235862139836113	0.969798126387262
