"1"	"response"	"SE"	"df"	"asymp.LCL"	"asymp.UCL"
"overall"	0.640835042348136	0.0519047007523659	Inf	0.534196067028283	0.735163928859644
