"treatment_state"	"response"	"SE"	"df"	"asymp.LCL"	"asymp.UCL"
"no treatment"	0.657501758944508	0.0508246104413352	Inf	0.552265886161139	0.74923412562271
"treatment"	0.623821309206262	0.0530605133889254	Inf	0.515653635131144	0.720906857622864
