"contrast"	"odds.ratio"	"SE"	"df"	"null"	"z.ratio"	"p.value"
"no treatment / treatment"	1.15763742453072	0.030748308125712	Inf	1	5.51107995533228	3.56638659343983e-08
