metric	stat	class	family	global	subclass
f1_score	mean	0.5631391977658059	0.7143710599256312	0.7634544954275108	0.5609740077882502
f1_score	std	0.4113058610905871	0.3578654850361957	0.262119483768398	0.4136410662775468
precision	mean	0.8133003303884083	0.8720269195179916	0.7634064682663289	0.8279094837301948
precision	std	0.30115197914250286	0.23884297445490532	0.3156518299714259	0.2903233217573763
recall	mean	0.618763695615488	0.7476815771324504	0.8659893717827176	0.6065331443801003
recall	std	0.4217245537460468	0.35739767683167534	0.18170169911521036	0.4231738924394927
