"contrast"	"odds.ratio"	"SE"	"df"	"null"	"z.ratio"	"p.value"
"Control / Disease"	1.15758047693498	0.0084416275380423	Inf	1	20.0661663351988	1.45828748554102e-89
