"disease_state"	"response"	"SE"	"df"	"asymp.LCL"	"asymp.UCL"
"Control"	0.942000503055363	0.0155524599072378	Inf	0.902880814257288	0.965956882990878
"Disease"	0.933468980795568	0.01767461710294	Inf	0.889283695161792	0.960797897291809
