"method"	"response"	"SE"	"df"	"asymp.LCL"	"asymp.UCL"
"seurat"	0.924840727759078	0.019783888458698	Inf	0.875683206917217	0.955547054814651
"scvi"	0.948767946679304	0.0138349188330214	Inf	0.913800019462559	0.970016211605887
