"contrast"	"odds.ratio"	"SE"	"df"	"null"	"z.ratio"	"p.value"
"False / True"	0.838074543701162	0.00831439858588215	Inf	1	-17.8057837474004	6.37337949409607e-71
