"region_match"	"response"	"SE"	"df"	"asymp.LCL"	"asymp.UCL"
"False"	0.932521384401338	0.0179079373967677	Inf	0.887783109694879	0.960222696054859
"True"	0.942823146814833	0.0153475892136236	Inf	0.904194550407942	0.966454586445168
