"sex"	"response"	"SE"	"df"	"asymp.LCL"	"asymp.UCL"
"female"	0.942989200959918	0.0198760625656164	Inf	0.889061160784161	0.971541615278589
"male"	0.945104732624494	0.0191802339289454	Inf	0.892955036713695	0.972627170957891
"None"	0.923546160878279	0.0301400410221541	Inf	0.839552536463533	0.965382490361645
