"subsample_ref"	"response"	"SE"	"df"	"asymp.LCL"	"asymp.UCL"
"100"	0.936616276819208	0.0168966215781811	Inf	0.894280302125298	0.96270562349024
"50"	0.93910317619879	0.0162767512984088	Inf	0.898247900001216	0.964207979517401
