"contrast"	"odds.ratio"	"SE"	"df"	"null"	"z.ratio"	"p.value"
"subsample_ref100 / subsample_ref50"	0.958220122875156	0.0053510265345116	Inf	1	-7.64239954056199	2.13210346009503e-14
