"1"	"response"	"SE"	"df"	"asymp.LCL"	"asymp.UCL"
"overall"	0.937871344467596	0.0165834324554353	Inf	0.896283371594366	0.96346328512524
