"contrast"	"odds.ratio"	"SE"	"df"	"null"	"z.ratio"	"p.value"
"seurat / scvi"	2.81279078689442	0.405181452799439	Inf	1	7.17931175799711	7.00632168557979e-13
