"method"	"response"	"SE"	"df"	"asymp.LCL"	"asymp.UCL"
"seurat"	0.178824279785722	0.0317463042810729	Inf	0.124765792531954	0.249624914219035
"scvi"	0.0718568104380597	0.0144051536622755	Inf	0.0482528482684288	0.105724550499201
