"subsample_ref"	"response"	"SE"	"df"	"asymp.LCL"	"asymp.UCL"
"500"	0.144016236759877	0.0244680646807633	Inf	0.102353458593352	0.198880427513663
"100"	0.180305558117544	0.0293685802904792	Inf	0.12968519764276	0.245119736536707
"50"	0.191389601075349	0.0308758095081878	Inf	0.137996036347854	0.25922947226122
