"contrast"	"odds.ratio"	"SE"	"df"	"null"	"z.ratio"	"p.value"
"subsample_ref500 / subsample_ref100"	0.764872078250516	0.0541279098013124	Inf	1	-3.78772096951116	0.000446480911305058
"subsample_ref500 / subsample_ref50"	0.71083191154999	0.0519493522048851	Inf	1	-4.67033046535995	8.9748032854331e-06
"subsample_ref100 / subsample_ref50"	0.929347444837924	0.067169277653822	Inf	1	-1.01379256266118	0.568117353184246
