"contrast"	"odds.ratio"	"SE"	"df"	"null"	"z.ratio"	"p.value"
"seurat / scvi"	0.120165014149792	0.00720798743507878	Inf	1	-35.3241972974125	2.49705906317037e-273
