"subsample_ref"	"response"	"SE"	"df"	"asymp.LCL"	"asymp.UCL"
"500"	0.174448056107701	0.0111692237645581	Inf	0.153627192273178	0.197432497384457
"100"	0.174119224551799	0.0111500326929939	Inf	0.153334879510361	0.197065123526689
"50"	0.170572069341675	0.0109885375893231	Inf	0.150101049409368	0.193200307394818
