"method"	"cutoff"	"response"	"SE"	"df"	"asymp.LCL"	"asymp.UCL"
"seurat"	0	0.871674815424332	0.0388827540412623	Inf	0.774613655720277	0.930677894281427
"scvi"	0	0.874956137128213	0.0380303311391666	Inf	0.779752228597788	0.932566295738254
