"contrast"	"odds.ratio"	"SE"	"df"	"null"	"z.ratio"	"p.value"
"seurat cutoff0 / scvi cutoff0"	0.970775261637363	0.0179380456005142	Inf	1	-1.60516225635863	0.108458101359014
