"contrast"	"odds.ratio"	"SE"	"df"	"null"	"z.ratio"	"p.value"
"female / male"	0.928649686892906	0.0388833362057283	Inf	1	-1.76790600358966	0.180460623679671
"female / None"	0.93289555768922	0.66756890797867	Inf	1	-0.0970698537748808	0.994818645525646
"male / None"	1.00457209091463	0.717872377513501	Inf	1	0.00638348426959117	0.999977534224024
