"sex"	"response"	"SE"	"df"	"asymp.LCL"	"asymp.UCL"
"female"	0.867938193066671	0.0503460846949507	Inf	0.735354260399141	0.939558870156542
"male"	0.876194266084422	0.0474739866068089	Inf	0.750095258897607	0.943461189292845
"None"	0.875698575967435	0.0615047743478607	Inf	0.699487225881032	0.955202357757535
