"contrast"	"odds.ratio"	"SE"	"df"	"null"	"z.ratio"	"p.value"
"subsample_ref500 / subsample_ref100"	0.994589789205031	0.014800674711298	Inf	1	-0.364547511853843	0.929370086864919
"subsample_ref500 / subsample_ref50"	1.05865380626953	0.0156041840350141	Inf	1	3.86699251289824	0.000324349157403869
"subsample_ref100 / subsample_ref50"	1.06441250227966	0.01552349091675	Inf	1	4.2802117298006	5.54591914223579e-05
