"contrast"	"odds.ratio"	"SE"	"df"	"null"	"z.ratio"	"p.value"
"seurat / scvi"	0.904717333060276	0.0154335544063128	Inf	1	-5.86979563669401	4.36332644506215e-09
