"method"	"response"	"SE"	"df"	"asymp.LCL"	"asymp.UCL"
"seurat"	0.87756304945367	0.0293592744275196	Inf	0.807523711298395	0.924498977380418
"scvi"	0.887921649236181	0.0271964411467313	Inf	0.822599079510548	0.931202795050111
