"sex"	"response"	"SE"	"df"	"asymp.LCL"	"asymp.UCL"
"female"	0.875832940678777	0.0357830953736791	Inf	0.787285258621289	0.930762162893195
"male"	0.875923166206661	0.0355953932171586	Inf	0.787923020218206	0.930623311485549
"None"	0.895755840578178	0.0458723527418492	Inf	0.766398224246605	0.957457592454497
