"contrast"	"odds.ratio"	"SE"	"df"	"null"	"z.ratio"	"p.value"
"female / male"	0.999170422387641	0.035791877077531	Inf	1	-0.0231682014291498	0.999704109757953
"female / None"	0.820874874127814	0.485260342266176	Inf	1	-0.333899217720274	0.940397639341947
"male / None"	0.821556418940256	0.484969080764782	Inf	1	-0.332971221989104	0.940718399248
