"subsample_ref"	"response"	"SE"	"df"	"asymp.LCL"	"asymp.UCL"
"500"	0.883232354916735	0.0281809515534116	Inf	0.815754539363517	0.928173152100889
"100"	0.884226763212507	0.0279718432215837	Inf	0.817206307742011	0.928814958061633
"50"	0.88104615552269	0.0286368221333367	Inf	0.812575038261405	0.926757712566761
