"contrast"	"odds.ratio"	"SE"	"df"	"null"	"z.ratio"	"p.value"
"subsample_ref500 / subsample_ref100"	0.990368840806969	0.0135497749425661	Inf	1	-0.707364513601381	0.759135084676417
"subsample_ref500 / subsample_ref50"	1.02125047233039	0.0138908952530163	Inf	1	1.54595370680702	0.269494736784184
"subsample_ref100 / subsample_ref50"	1.03118194984634	0.0138047699205942	Inf	1	2.29363700067096	0.0566795922452809
