"1"	"response"	"SE"	"df"	"asymp.LCL"	"asymp.UCL"
"overall"	0.882841602771875	0.0282507281371356	Inf	0.815219539216441	0.927905282550949
