"contrast"	"odds.ratio"	"SE"	"df"	"null"	"z.ratio"	"p.value"
"seurat / scvi"	0.655648247660346	0.0138475262615544	Inf	1	-19.9869161759039	7.15854784854361e-89
