"sex"	"response"	"SE"	"df"	"asymp.LCL"	"asymp.UCL"
"male"	0.698423281573545	0.0642435391824032	Inf	0.560204944344008	0.808083954972948
"None"	0.885988339160393	0.0487364637330086	Inf	0.751151905038199	0.952394945476195
