"treatment_state"	"response"	"SE"	"df"	"asymp.LCL"	"asymp.UCL"
"no treatment"	0.806547304354386	0.0445926515154678	Inf	0.704241150444001	0.87951895223998
"treatment"	0.811910839767288	0.0436248421925854	Inf	0.711478422748325	0.883126224715375
