"contrast"	"odds.ratio"	"SE"	"df"	"null"	"z.ratio"	"p.value"
"seurat / scvi"	1.3326073356012	0.0612798649561689	Inf	1	6.24416258586576	4.2607662025146e-10
