"subsample_ref"	"response"	"SE"	"df"	"asymp.LCL"	"asymp.UCL"
"500"	0.776117191599453	0.0369976213009616	Inf	0.695478059721469	0.840305815819822
"100"	0.740525945742806	0.0408984742298634	Inf	0.652835478681319	0.812430595628475
"50"	0.706351825917263	0.0441441930552761	Inf	0.613156334568311	0.784969145301646
