"contrast"	"odds.ratio"	"SE"	"df"	"null"	"z.ratio"	"p.value"
"subsample_ref500 / subsample_ref100"	1.21467534277619	0.0254322896826348	Inf	1	9.288436760311	3.13082892944294e-14
"subsample_ref500 / subsample_ref50"	1.44116195917827	0.030356686952973	Inf	1	17.3494628267281	0
"subsample_ref100 / subsample_ref50"	1.1864585609225	0.0243447991853362	Inf	1	8.3324666065569	3.1863400806742e-14
