"method"	"cutoff"	"response"	"SE"	"df"	"asymp.LCL"	"asymp.UCL"
"seurat"	0	0.822660842612041	0.0429500354175137	Inf	0.722614217440274	0.892015297523512
"scvi"	0	0.797701393377704	0.0475067358767628	Inf	0.688903306443775	0.875335575871488
