"method"	"response"	"SE"	"df"	"asymp.LCL"	"asymp.UCL"
"seurat"	0.0207711967790624	0.00257714909115193	Inf	0.0162778955254454	0.0264714390967387
"scvi"	0.0304476468466633	0.00372963300161328	Inf	0.023928917689574	0.0386718533857306
