"contrast"	"odds.ratio"	"SE"	"df"	"null"	"z.ratio"	"p.value"
"seurat / scvi"	0.675452590656549	0.0905578857311727	Inf	1	-2.9266241132111	0.00342662750969744
