"contrast"	"odds.ratio"	"SE"	"df"	"null"	"z.ratio"	"p.value"
"subsample_ref500 / subsample_ref100"	0.930879543418507	0.0610076207302427	Inf	1	-1.09288992774942	0.518469298476455
"subsample_ref500 / subsample_ref50"	0.805263707481035	0.0539358890521684	Inf	1	-3.23362459087952	0.0035010889555479
"subsample_ref100 / subsample_ref50"	0.865056830579639	0.0575511713237752	Inf	1	-2.1789079073682	0.0748071511111549
