"contrast"	"odds.ratio"	"SE"	"df"	"null"	"z.ratio"	"p.value"
"seurat / scvi"	1.13877185112791	0.0445291185225936	Inf	1	3.32330427286588	0.000889578249125051
