"method"	"response"	"SE"	"df"	"asymp.LCL"	"asymp.UCL"
"seurat"	0.870639608581863	0.0468349087994103	Inf	0.748680552160933	0.93829296017972
"scvi"	0.855285874937114	0.0514699706416804	Inf	0.723448819968663	0.930326603284287
