"subsample_ref"	"response"	"SE"	"df"	"asymp.LCL"	"asymp.UCL"
"500"	0.840196294443366	0.0557445805198032	Inf	0.699717727292194	0.922257657895146
"100"	0.827735642592498	0.0591987500523408	Inf	0.68047298199944	0.91555120046261
"50"	0.825193747829152	0.0598869938703521	Inf	0.676609474224529	0.914169873435962
