"contrast"	"odds.ratio"	"SE"	"df"	"null"	"z.ratio"	"p.value"
"subsample_ref500 / subsample_ref100"	1.09420246344679	0.0197851129177868	Inf	1	4.97881423391352	1.91351057876599e-06
"subsample_ref500 / subsample_ref50"	1.11376854671032	0.0200088054946244	Inf	1	5.99775130952302	5.99969773862341e-09
"subsample_ref100 / subsample_ref50"	1.01788159313944	0.0180262371875252	Inf	1	1.00079257385311	0.576344939053575
