"contrast"	"odds.ratio"	"SE"	"df"	"null"	"z.ratio"	"p.value"
"seurat / scvi"	0.718547678047659	0.0256315600049191	Inf	1	-9.26579149780734	1.93635776269925e-20
