"method"	"response"	"SE"	"df"	"asymp.LCL"	"asymp.UCL"
"seurat"	0.868443793271518	0.0293482756666826	Inf	0.799599644143317	0.916118708263446
"scvi"	0.901835890279315	0.0227465151274401	Inf	0.847379653326371	0.938276990019744
