"sex"	"response"	"SE"	"df"	"asymp.LCL"	"asymp.UCL"
"male"	0.840720822043797	0.0395533096624083	Inf	0.74737843223105	0.904003649557771
"None"	0.919934647788487	0.0307820554448529	Inf	0.835118400508265	0.963051184912132
