"contrast"	"odds.ratio"	"SE"	"df"	"null"	"z.ratio"	"p.value"
"male / None"	0.459388839771505	0.23472495714503	Inf	1	-1.52237503014368	0.127915137745951
