"subsample_ref"	"response"	"SE"	"df"	"asymp.LCL"	"asymp.UCL"
"500"	0.886203040635538	0.0258462103975181	Inf	0.824944001183532	0.927898732906979
"100"	0.883918472308788	0.026297102237176	Inf	0.821677143806504	0.926381670498603
"50"	0.881341121272356	0.026802147146963	Inf	0.81800364152813	0.924666190446199
