"contrast"	"odds.ratio"	"SE"	"df"	"null"	"z.ratio"	"p.value"
"subsample_ref500 / subsample_ref100"	1.02271230876043	0.0193742019866888	Inf	1	1.18550959937902	0.461813162129943
"subsample_ref500 / subsample_ref50"	1.0484767013305	0.0197067060802161	Inf	1	2.51859225077093	0.0316129656218234
"subsample_ref100 / subsample_ref50"	1.02519221911126	0.0189636711498158	Inf	1	1.34504080087161	0.37020386925682
