"1"	"response"	"SE"	"df"	"asymp.LCL"	"asymp.UCL"
"overall"	0.86688129535732	0.0295071360385285	Inf	0.797783889714199	0.914887005553223
