"treatment_state"	"response"	"SE"	"df"	"asymp.LCL"	"asymp.UCL"
"no treatment"	0.891622380939213	0.0248155346215826	Inf	0.832589664212126	0.931550182884695
"treatment"	0.880549014977155	0.0269962484818876	Inf	0.816766633970602	0.924189903821254
