"contrast"	"odds.ratio"	"SE"	"df"	"null"	"z.ratio"	"p.value"
"no treatment / treatment"	1.11603433341459	0.0336186335983614	Inf	1	3.64440945776502	0.000268006461432691
