"contrast"	"odds.ratio"	"SE"	"df"	"null"	"z.ratio"	"p.value"
"subsample_ref100 / subsample_ref50"	0.953702388429339	0.00816787437838732	Inf	1	-5.53497049902554	3.11280743283898e-08
