"contrast"	"odds.ratio"	"SE"	"df"	"null"	"z.ratio"	"p.value"
"subsample_ref500 / subsample_ref100"	1.02289312578681	0.022182072354946	Inf	1	1.04377967505359	0.549198441662248
"subsample_ref500 / subsample_ref50"	1.04591940291757	0.0227932904050056	Inf	1	2.06016423818689	0.0982598958147105
"subsample_ref100 / subsample_ref50"	1.02251093154336	0.0220568063430271	Inf	1	1.03199085657035	0.556624661241159
