"subsample_ref"	"response"	"SE"	"df"	"asymp.LCL"	"asymp.UCL"
"500"	0.896542718132096	0.0178318631476061	Inf	0.856015832873929	0.926640167075146
"100"	0.894301272898168	0.0181494383590564	Inf	0.853100607401031	0.924962845631472
"50"	0.894767111199619	0.0180951294068752	Inf	0.85367603268815	0.925328238401368
