"contrast"	"odds.ratio"	"SE"	"df"	"null"	"z.ratio"	"p.value"
"subsample_ref500 / subsample_ref100"	1.02422608402266	0.0227443523862865	Inf	1	1.07794646100719	0.527779579679065
"subsample_ref500 / subsample_ref50"	1.01918119919765	0.0227325092162061	Inf	1	0.85181944416835	0.67069932178305
"subsample_ref100 / subsample_ref50"	0.995074442153247	0.0206956721046121	Inf	1	-0.237412309978568	0.969406028937594
