"method"	"response"	"SE"	"df"	"asymp.LCL"	"asymp.UCL"
"seurat"	0.557047201887792	0.0198643256981563	Inf	0.517842248465089	0.595554092833555
"scvi"	0.905271183237919	0.00825913995940524	Inf	0.887798757248389	0.92026709416863
