"contrast"	"odds.ratio"	"SE"	"df"	"null"	"z.ratio"	"p.value"
"seurat / scvi"	0.131594568458373	0.0163614969371819	Inf	1	-16.3113236141836	8.19965233357128e-60
