"contrast"	"odds.ratio"	"SE"	"df"	"null"	"z.ratio"	"p.value"
"subsample_ref500 / subsample_ref100"	1.31146618577828	0.0778369414956451	Inf	1	4.56850511894973	1.46457042197179e-05
"subsample_ref500 / subsample_ref50"	1.86460950830833	0.109469089617197	Inf	1	10.6125668808859	2.8199664825479e-14
"subsample_ref100 / subsample_ref50"	1.4217747499161	0.0811223491431547	Inf	1	6.16760916992196	2.07935890728095e-09
