"subsample_ref"	"response"	"SE"	"df"	"asymp.LCL"	"asymp.UCL"
"500"	0.726729839665934	0.0105344318844814	Inf	0.705603767624292	0.746883722153042
"100"	0.669726463806311	0.0113261791576999	Inf	0.64716214195335	0.691535574220984
"50"	0.587839773151086	0.0119211130596451	Inf	0.564293608314903	0.610990676701163
