"method"	"response"	"SE"	"df"	"asymp.LCL"	"asymp.UCL"
"seurat"	0.154246395323567	0.00367139613903956	Inf	0.147187014615774	0.161580207702462
"scvi"	0.115309468483537	0.00279567744715719	Inf	0.109942234099369	0.120903131858787
