"subsample_ref"	"response"	"SE"	"df"	"asymp.LCL"	"asymp.UCL"
"500"	0.166813106145454	0.00259055079756343	Inf	0.161797328825045	0.171952476346854
"100"	0.159399216045254	0.00246334296031247	Inf	0.154630197613677	0.164286734120533
"50"	0.162688843869184	0.00249619819833201	Inf	0.157855459920503	0.167640761215417
