"contrast"	"odds.ratio"	"SE"	"df"	"null"	"z.ratio"	"p.value"
"subsample_ref500 / subsample_ref100"	1.05582356051628	0.0205745380638478	Inf	1	2.78759527294449	0.0146854613731784
"subsample_ref500 / subsample_ref50"	1.03042608492134	0.0200485610723303	Inf	1	1.54047633626948	0.271993941701173
"subsample_ref100 / subsample_ref50"	0.975945341111238	0.0187937570365481	Inf	1	-1.26440910392737	0.415402265737231
