"effect"	"component"	"group"	"term"	"estimate"	"std.error"	"statistic"	"p.value"	"FDR"	"formula"	"key"	"LogLik"	"AIC"	"BIC"
"fixed"	"cond"	NA	"(Intercept)"	1.728576488783	0.266501326584048	6.4861834308275	8.80379739523316e-11	1.02710969611054e-10	"f1_score ~ method + cutoff + label + method:cutoff + (1 | study )"	"family"	40125.5914759708	-80233.1829519417	-80159.9362706075
"fixed"	"cond"	NA	"methodscvi"	0.105839674721635	0.0201061918811709	5.26403385321076	1.40928482280274e-07	1.40928482280274e-07	"f1_score ~ method + cutoff + label + method:cutoff + (1 | study )"	"family"	40125.5914759708	-80233.1829519417	-80159.9362706075
"fixed"	"cond"	NA	"cutoff"	-1.29767406661087	0.0403884281936116	-32.129848192907	1.68896415606472e-226	5.91137454622653e-226	"f1_score ~ method + cutoff + label + method:cutoff + (1 | study )"	"family"	40125.5914759708	-80233.1829519417	-80159.9362706075
"fixed"	"cond"	NA	"labelGlutamatergic"	0.198213838722984	0.0224171435757425	8.84206491577589	9.39655986818937e-19	1.31551838154651e-18	"f1_score ~ method + cutoff + label + method:cutoff + (1 | study )"	"family"	40125.5914759708	-80233.1829519417	-80159.9362706075
"fixed"	"cond"	NA	"labelNeuron"	0.814754450250233	0.0257299520475556	31.6656031361565	4.625073570719e-220	1.07918383316777e-219	"f1_score ~ method + cutoff + label + method:cutoff + (1 | study )"	"family"	40125.5914759708	-80233.1829519417	-80159.9362706075
"fixed"	"cond"	NA	"labelNon-neuron"	0.323455728593097	0.0219328846752928	14.7475233368398	3.191638835457e-49	5.58536796204975e-49	"f1_score ~ method + cutoff + label + method:cutoff + (1 | study )"	"family"	40125.5914759708	-80233.1829519417	-80159.9362706075
"fixed"	"cond"	NA	"methodscvi:cutoff"	-4.05827378706725	0.0585729006137776	-69.2858599205629	0	0	"f1_score ~ method + cutoff + label + method:cutoff + (1 | study )"	"family"	40125.5914759708	-80233.1829519417	-80159.9362706075
"ran_pars"	"cond"	"study"	"sd__(Intercept)"	0.839642192581924	NA	NA	NA	NA	"f1_score ~ method + cutoff + label + method:cutoff + (1 | study )"	"family"	40125.5914759708	-80233.1829519417	-80159.9362706075
