"1"	"response"	"SE"	"df"	"asymp.LCL"	"asymp.UCL"	"key"
"overall"	0.809271597488247	0.0438699887529525	Inf	0.708522510200299	0.881043511768376	"class"
"overall"	0.898259098059527	0.0187586884464023	Inf	0.855168319916085	0.929585018654994	"family"
"overall"	0.925923468456472	0.0239114225083921	Inf	0.863233990771811	0.961170492434555	"global"
"overall"	0.799617493177422	0.0434467454109027	Inf	0.701081751486738	0.871619719846455	"subclass"
