"treatment_state"	"response"	"SE"	"df"	"asymp.LCL"	"asymp.UCL"	"key"
"no treatment"	0.800475541473654	0.0454365213851039	Inf	0.696711492891	0.875102915503712	"class"
"treatment"	0.817768157201208	0.0423721872891773	Inf	0.719910515163195	0.886811761990755	"class"
"no treatment"	0.896892668088819	0.0190218945428526	Inf	0.853211024391862	0.928662318155882	"family"
"treatment"	0.899609446340884	0.0185535957876565	Inf	0.856956833685986	0.930574254908945	"family"
"no treatment"	0.929736168508358	0.0227969841708729	Inf	0.86974189497287	0.96326536054405	"global"
"treatment"	0.921921255554563	0.0251031294220699	Inf	0.856340845944581	0.95899763776228	"global"
"no treatment"	0.789674255357867	0.0450783855651392	Inf	0.688047435161315	0.864703665473056	"subclass"
"treatment"	0.809204235577201	0.0418807062486615	Inf	0.71365173168852	0.878308557016201	"subclass"
