"method"	"response"	"SE"	"df"	"asymp.LCL"	"asymp.UCL"
"seurat"	0.0485076689334193	0.0022104776707884	Inf	0.0443542851932704	0.053028398640693
"scvi"	0.134924537213059	0.00574706010126722	Inf	0.12405199941923	0.146590526160328
