"contrast"	"odds.ratio"	"SE"	"df"	"null"	"z.ratio"	"p.value"
"subsample_ref500 / subsample_ref100"	0.908430659244622	0.0239924618291497	Inf	1	-3.63625459198063	0.000808124447420178
"subsample_ref500 / subsample_ref50"	0.90839674237678	0.0240231489735635	Inf	1	-3.63288587042423	0.000818647176466958
"subsample_ref100 / subsample_ref50"	0.999962664329417	0.0259067044251566	Inf	1	-0.00144113172349817	0.999998854967376
