"disease_state"	"response"	"SE"	"df"	"asymp.LCL"	"asymp.UCL"
"Control"	0.918341781933038	0.0241665016930983	Inf	0.856731565087929	0.954853696723561
"Disease"	0.909975297548815	0.0263998597954584	Inf	0.843130784843821	0.950024602346356
