"contrast"	"odds.ratio"	"SE"	"df"	"null"	"z.ratio"	"p.value"
"Control / Disease"	1.1125905264292	0.00505044921763448	Inf	1	23.503555079562	3.7512364575272e-122
