"disease_state"	"response"	"SE"	"df"	"asymp.LCL"	"asymp.UCL"
"Control"	0.918350562673736	0.0241687992103283	Inf	0.856730970661211	0.954864000087939
"Disease"	0.909985112187297	0.0264023626880909	Inf	0.843130503103957	0.950036079173315
