"contrast"	"odds.ratio"	"SE"	"df"	"null"	"z.ratio"	"p.value"
"Control / Disease"	1.11005132900893	0.00547520713574424	Inf	1	21.1674738559477	1.9049825810443e-99
