"disease_state"	"response"	"SE"	"df"	"asymp.LCL"	"asymp.UCL"
"Control"	0.881758878058839	0.0323223164697441	Inf	0.802433304510887	0.931935820118285
"Disease"	0.870432297178345	0.0349615621691269	Inf	0.785363583841952	0.925004577299618
