"method"	"response"	"SE"	"df"	"asymp.LCL"	"asymp.UCL"
"seurat"	0.894267189117096	0.0304716270028234	Inf	0.818089011301439	0.940850995935791
"scvi"	0.930750232691057	0.0207720808264919	Inf	0.877247711940857	0.961944874116501
