"method"	"response"	"SE"	"df"	"asymp.LCL"	"asymp.UCL"
"seurat"	0.850260561119615	0.0394700308791174	Inf	0.755660355425151	0.912476859499784
"scvi"	0.898195458720374	0.0283480189689874	Inf	0.827742541684796	0.941857331899068
