"contrast"	"odds.ratio"	"SE"	"df"	"null"	"z.ratio"	"p.value"
"seurat / scvi"	0.629277862326245	0.00429829910318365	Inf	1	-67.8106392731573	0
