"contrast"	"odds.ratio"	"SE"	"df"	"null"	"z.ratio"	"p.value"
"seurat / scvi"	0.643594212544993	0.00420618920440378	Inf	1	-67.4300409291005	0
