"contrast"	"odds.ratio"	"SE"	"df"	"null"	"z.ratio"	"p.value"
"seurat / scvi"	0.629278195448808	0.00429830250493309	Inf	1	-67.8105440027669	0
