"region_match"	"response"	"SE"	"df"	"asymp.LCL"	"asymp.UCL"
"False"	0.911919407210777	0.0258880275647927	Inf	0.846264730532671	0.951153775093837
"True"	0.91654457415284	0.0246599381119395	Inf	0.853762616027359	0.953830831318259
