"region_match"	"response"	"SE"	"df"	"asymp.LCL"	"asymp.UCL"
"False"	0.911909949990696	0.025885540498985	Inf	0.846265278814885	0.951142638088208
"True"	0.916535457875957	0.0246576280336377	Inf	0.853762958405961	0.953820212973546
