"contrast"	"odds.ratio"	"SE"	"df"	"null"	"z.ratio"	"p.value"
"False / True"	0.9427080514403	0.0082533642309431	Inf	1	-6.73888746390023	1.59603953156901e-11
