"contrast"	"odds.ratio"	"SE"	"df"	"null"	"z.ratio"	"p.value"
"False / True"	0.942709409577941	0.00825337776830037	Inf	1	-6.73872156369415	1.59786262135095e-11
