"contrast"	"odds.ratio"	"SE"	"df"	"null"	"z.ratio"	"p.value"
"False / True"	0.895205948373409	0.00790869998119277	Inf	1	-12.5305829246522	5.07880016994252e-36
