"region_match"	"response"	"SE"	"df"	"asymp.LCL"	"asymp.UCL"
"False"	0.870076895862432	0.0350405001037523	Inf	0.78484027137612	0.924782739764163
"True"	0.882086654276554	0.0322516376345286	Inf	0.802911139051257	0.932143478758155
