"sex"	"response"	"SE"	"df"	"asymp.LCL"	"asymp.UCL"
"F"	0.928237131470837	0.020034086579244	Inf	0.877659851247264	0.958884531213331
"feM"	0.935149423358785	0.0182481089389935	Inf	0.888832056462444	0.962972886258956
"M"	0.931098861921504	0.0192931350366686	Inf	0.882286960292036	0.960574471323043
"None"	0.498931233062866	0.212631637361026	Inf	0.158253050636238	0.840604661645288
