"sex"	"response"	"SE"	"df"	"asymp.LCL"	"asymp.UCL"
"F"	0.912431711833653	0.0257543927634879	Inf	0.847086996917464	0.9514528385412
"M"	0.916054117460179	0.0247859122555711	Inf	0.852980530716487	0.953541987616
