"contrast"	"odds.ratio"	"SE"	"df"	"null"	"z.ratio"	"p.value"
"F / M"	0.954842583383693	0.0044259562466561	Inf	1	-9.96894555000508	2.08429834670944e-23
