"contrast"	"odds.ratio"	"SE"	"df"	"null"	"z.ratio"	"p.value"
"F / feM"	0.896999040960078	0.0106174462520774	Inf	1	-9.18339772650021	4.6296300126869e-14
"F / M"	0.957171472924119	0.00471678843292361	Inf	1	-8.88273986308125	2.8643754035329e-14
"F / None"	12.9901985204445	11.718603389133	Inf	1	2.84243799867277	0.0232033989354773
"feM / M"	1.06708193567257	0.0114835824425751	Inf	1	6.03324269564496	9.6350697420533e-09
"feM / None"	14.4818421506235	13.064948800699	Inf	1	2.96277105585162	0.0161215544851344
"M / None"	13.5714434538673	12.2428615509626	Inf	1	2.89098164764291	0.0200717130628835
