"sex"	"response"	"SE"	"df"	"asymp.LCL"	"asymp.UCL"
"F"	0.912422180845629	0.0257519553808495	Inf	0.847087341243245	0.951441695332553
"M"	0.916045071368751	0.0247835534603573	Inf	0.852981071780493	0.953531373364214
