"subsample_ref"	"method"	"response"	"SE"	"df"	"asymp.LCL"	"asymp.UCL"
"500"	"seurat"	0.901137627991611	0.0287120132068221	Inf	0.828957987772136	0.944882761188202
"100"	"seurat"	0.894652323855547	0.0303750415797374	Inf	0.818691256040107	0.941079165052179
"50"	"seurat"	0.886569542476554	0.0324098686462886	Inf	0.806044525428645	0.9363046232138
"500"	"scvi"	0.935421224608784	0.0194692498528003	Inf	0.885078447588491	0.964592966397472
"100"	"scvi"	0.931012728611153	0.0207000826365665	Inf	0.877683400788198	0.962094946068187
"50"	"scvi"	0.925487343958845	0.0222251463455412	Inf	0.868490624389776	0.958949062666833
