"subsample_ref"	"response"	"SE"	"df"	"asymp.LCL"	"asymp.UCL"
"500"	0.91993912480961	0.0237356911006637	Inf	0.859347233894041	0.955772010162713
"100"	0.914570260407579	0.0251793393687619	Inf	0.850575877676219	0.952682213501101
"50"	0.907858287267785	0.0269581072590441	Inf	0.839717813516962	0.948796727011315
