"contrast"	"odds.ratio"	"SE"	"df"	"null"	"z.ratio"	"p.value"
"subsample_ref500 / subsample_ref100"	1.07021245421821	0.00549953202935149	Inf	1	13.2050514759144	0
"subsample_ref500 / subsample_ref50"	1.16240027250805	0.00592033471389196	Inf	1	29.5466754783509	0
"subsample_ref100 / subsample_ref50"	1.08613973601829	0.00542322866546608	Inf	1	16.5487397817626	0
