"subsample_ref"	"response"	"SE"	"df"	"asymp.LCL"	"asymp.UCL"
"500"	0.919948030506495	0.023737862292438	Inf	0.85934711120599	0.955782275256381
"100"	0.914579354235439	0.0251817699141247	Inf	0.850575173226073	0.952692956268124
"50"	0.907868161511034	0.0269607154432714	Inf	0.839717289328382	0.948808384643121
