"contrast"	"odds.ratio"	"SE"	"df"	"null"	"z.ratio"	"p.value"
"subsample_ref500 / subsample_ref100"	1.07332866904894	0.00574347717349303	Inf	1	13.2243597558891	0
"subsample_ref500 / subsample_ref50"	1.16621392969384	0.0061755242173798	Inf	1	29.0372144383814	0
"subsample_ref100 / subsample_ref50"	1.08653943877899	0.00562782060017758	Inf	1	16.0240366669028	0
