"subsample_ref"	"response"	"SE"	"df"	"asymp.LCL"	"asymp.UCL"
"500"	0.883887575690081	0.031816790070986	Inf	0.805676130091703	0.933229284292074
"100"	0.876739919934693	0.0335019493941903	Inf	0.794832348908398	0.928874243808588
"50"	0.86752885359609	0.035627017006685	Inf	0.781029777756909	0.923217655725007
