"1"	"response"	"SE"	"df"	"asymp.LCL"	"asymp.UCL"
"overall"	0.914260249317499	0.0252659165701914	Inf	0.850059692149912	0.952507588009594
