"1"	"response"	"SE"	"df"	"asymp.LCL"	"asymp.UCL"
"overall"	0.914250963328631	0.0252635186828104	Inf	0.850060136921679	0.952496711865607
