"1"	"response"	"SE"	"df"	"asymp.LCL"	"asymp.UCL"
"overall"	0.876206784696853	0.0336249228575052	Inf	0.794032518702536	0.928546462711473
