"contrast"	"odds.ratio"	"SE"	"df"	"null"	"z.ratio"	"p.value"
"seurat / scvi"	0.120163287013003	0.00720787728772399	Inf	1	-35.324468997307	2.47318889307594e-273
