"method"	"response"	"SE"	"df"	"asymp.LCL"	"asymp.UCL"
"seurat"	0.875024261611066	0.0355361195975707	Inf	0.787384356249434	0.929761630839955
"scvi"	0.83474582451381	0.0448273678625909	Inf	0.72764816541234	0.905215072367902
