"contrast"	"odds.ratio"	"SE"	"df"	"null"	"z.ratio"	"p.value"
"seurat / scvi"	1.38609363655422	0.0233596139899991	Inf	1	19.3729639281255	1.30523130600792e-83
