"sex"	"response"	"SE"	"df"	"asymp.LCL"	"asymp.UCL"
"female"	0.833544075724092	0.054221221780298	Inf	0.699522518524261	0.915047747216107
"male"	0.822408934133352	0.0569026651251726	Inf	0.683335685018361	0.90857550153826
"None"	0.900693278482365	0.0522826233087339	Inf	0.742558082921031	0.966124349594934
