"contrast"	"odds.ratio"	"SE"	"df"	"null"	"z.ratio"	"p.value"
"female / male"	1.08134084272725	0.0372852294618668	Inf	1	2.26799708691707	0.0603778510180806
"female / None"	0.552116892868578	0.388154279819562	Inf	1	-0.844908745947959	0.675036106049532
"male / None"	0.510585442676966	0.358622269772079	Inf	1	-0.957035235010068	0.604106410694829
