"subsample_ref"	"response"	"SE"	"df"	"asymp.LCL"	"asymp.UCL"
"500"	0.868229274305508	0.0371778134755122	Inf	0.777036907250706	0.925690632984475
"100"	0.856105887588765	0.0400299149885951	Inf	0.758858158585975	0.9183549796406
"50"	0.842898317062789	0.0430288205808345	Inf	0.739444246139141	0.910260853804181
