"contrast"	"odds.ratio"	"SE"	"df"	"null"	"z.ratio"	"p.value"
"subsample_ref500 / subsample_ref100"	1.10746759678529	0.0155951235473438	Inf	1	7.24879304620901	1.28286270495437e-12
"subsample_ref500 / subsample_ref50"	1.22806438875647	0.0171244682238734	Inf	1	14.7328745424977	0
"subsample_ref100 / subsample_ref50"	1.10889419457621	0.0150213051688374	Inf	1	7.63042621284849	8.88178419700125e-14
