"1"	"response"	"SE"	"df"	"asymp.LCL"	"asymp.UCL"
"overall"	0.856053017923052	0.04003017955039	Inf	0.758814472081611	0.918308517821518
