"contrast"	"odds.ratio"	"SE"	"df"	"null"	"z.ratio"	"p.value"
"no treatment / treatment"	1.28510204924856	0.0359131061634951	Inf	1	8.97590407936336	2.81034183574963e-19
