"treatment_state"	"response"	"SE"	"df"	"asymp.LCL"	"asymp.UCL"
"no treatment"	0.87082875266582	0.0365588257656569	Inf	0.78096571421521	0.927257781765957
"treatment"	0.839897845365323	0.0437422612838801	Inf	0.734953396399737	0.908465001713123
