"method"	"response"	"SE"	"df"	"asymp.LCL"	"asymp.UCL"
"seurat"	0.318430399577752	0.0232932376783178	Inf	0.274611573872008	0.365716107008114
"scvi"	0.286814069722536	0.0218769975055181	Inf	0.245913370769408	0.331526711479698
