"contrast"	"odds.ratio"	"SE"	"df"	"null"	"z.ratio"	"p.value"
"subsample_ref500 / subsample_ref100"	1.0218897551885	0.0316064259763986	Inf	1	0.700098349004341	0.76341852535088
"subsample_ref500 / subsample_ref50"	1.00084484501027	0.0308989051914112	Inf	1	0.0273537779451543	0.999587565366204
"subsample_ref100 / subsample_ref50"	0.97940588985125	0.0298460252001096	Inf	1	-0.682857446788422	0.773499970532541
