"method"	"response"	"SE"	"df"	"asymp.LCL"	"asymp.UCL"
"seurat"	0.933088668146968	0.0138829155917031	Inf	0.900187789353833	0.955678468065018
"scvi"	0.928952128549779	0.0146836661836518	Inf	0.894225773891845	0.95287837364874
