"contrast"	"odds.ratio"	"SE"	"df"	"null"	"z.ratio"	"p.value"
"subsample_ref500 / subsample_ref100"	1.04264029564051	0.0184008684802144	Inf	1	2.36601551344221	0.0472424260971549
"subsample_ref500 / subsample_ref50"	1.14107499797355	0.020041506259417	Inf	1	7.51383538622865	1.91624494050302e-13
"subsample_ref100 / subsample_ref50"	1.09440907160851	0.0190398704649657	Inf	1	5.18552002327563	6.4492197293653e-07
