"subsample_ref"	"response"	"SE"	"df"	"asymp.LCL"	"asymp.UCL"
"500"	0.916398133193821	0.0169466117798666	Inf	0.876624202889064	0.944166405523463
"100"	0.913142953598484	0.0175437129576943	Inf	0.872037169561417	0.941923635394099
"50"	0.905715998079911	0.0188872496346	Inf	0.861632612193941	0.936784984969297
