"method"	"response"	"SE"	"df"	"asymp.LCL"	"asymp.UCL"
"seurat"	0.913299705845316	0.0061306749676847	Inf	0.900505954911232	0.924586105360221
"scvi"	0.932575839855458	0.00487474625661027	Inf	0.92237033491583	0.941524745083144
