"contrast"	"odds.ratio"	"SE"	"df"	"null"	"z.ratio"	"p.value"
"seurat / scvi"	0.761595084303447	0.0169197845590597	Inf	1	-12.2586073660095	1.51073894755812e-34
