"subsample_ref"	"response"	"SE"	"df"	"asymp.LCL"	"asymp.UCL"
"100"	0.914144158343862	0.00597010786169923	Inf	0.901697497222199	0.925145701002547
"50"	0.917196777251037	0.00577777800093383	Inf	0.905145164664821	0.927839264908934
