"contrast"	"odds.ratio"	"SE"	"df"	"null"	"z.ratio"	"p.value"
"subsample_ref100 / subsample_ref50"	0.961234961493718	0.00715210712861411	Inf	1	-5.31364703514071	1.07452657366694e-07
