"method"	"response"	"SE"	"df"	"asymp.LCL"	"asymp.UCL"
"seurat"	0.761931487647282	0.0132886307898725	Inf	0.734916630579509	0.786991201366308
"scvi"	0.70094344482188	0.0154038861923906	Inf	0.669907805987891	0.730236124062068
