"contrast"	"odds.ratio"	"SE"	"df"	"null"	"z.ratio"	"p.value"
"seurat / scvi"	1.36547675467657	0.0391707712396813	Inf	1	10.858886968062	1.80941085138685e-27
