"contrast"	"odds.ratio"	"SE"	"df"	"null"	"z.ratio"	"p.value"
"subsample_ref100 / subsample_ref50"	0.895462710552653	0.00830599141573289	Inf	1	-11.9037259908462	1.13178619102662e-32
