"subsample_ref"	"response"	"SE"	"df"	"asymp.LCL"	"asymp.UCL"
"100"	0.794343317801469	0.0115839177079989	Inf	0.770710516816359	0.816121439888614
"50"	0.811795950173039	0.0108356650315549	Inf	0.789633572704127	0.832119890135578
