"contrast"	"odds.ratio"	"SE"	"df"	"null"	"z.ratio"	"p.value"
"seurat cutoff0 / scvi cutoff0"	0.986804329493021	0.0240034298427961	Inf	1	-0.546097879969489	0.584998657018125
