"method"	"cutoff"	"response"	"SE"	"df"	"asymp.LCL"	"asymp.UCL"
"seurat"	0	0.958910591744074	0.010316354361352	Inf	0.933197194460571	0.974991755422325
"scvi"	0	0.959430797322042	0.0101947563136123	Inf	0.934009726484279	0.975317833893452
