"subsample_ref"	"response"	"SE"	"df"	"asymp.LCL"	"asymp.UCL"
"500"	0.960674782815154	0.00989185497700194	Inf	0.935990859406017	0.976083046517269
"100"	0.959321720104764	0.0102165655869757	Inf	0.933850787199339	0.975244987983756
"50"	0.957456999244644	0.0106630056191764	Inf	0.930906043212425	0.974089120145803
