"contrast"	"odds.ratio"	"SE"	"df"	"null"	"z.ratio"	"p.value"
"subsample_ref500 / subsample_ref100"	1.03586596480691	0.0192394576704474	Inf	1	1.89722572624295	0.139445150714104
"subsample_ref500 / subsample_ref50"	1.08546069528545	0.0200092717037109	Inf	1	4.4485708324801	2.57377506780454e-05
"subsample_ref100 / subsample_ref50"	1.04787755574901	0.0189586443837752	Inf	1	2.58487997910944	0.0263518724422467
