"contrast"	"odds.ratio"	"SE"	"df"	"null"	"z.ratio"	"p.value"
"seurat / scvi"	0.262013560980338	0.0209470919509825	Inf	1	-16.7531715772773	5.36862187760087e-63
