"method"	"response"	"SE"	"df"	"asymp.LCL"	"asymp.UCL"
"seurat"	0.116640672548648	0.00578010475578575	Inf	0.105780572234569	0.128455573111629
"scvi"	0.335084994681405	0.0133588152352668	Inf	0.309428932733256	0.361753953212949
