"subsample_ref"	"response"	"SE"	"df"	"asymp.LCL"	"asymp.UCL"
"500"	0.174672015420949	0.00535027408570993	Inf	0.164432497520585	0.185407679845759
"100"	0.166524427772039	0.00510612441216563	Inf	0.156755732467369	0.176774269101963
"50"	0.164104031241283	0.00511049167239468	Inf	0.15433167957981	0.17436758493196
