"contrast"	"odds.ratio"	"SE"	"df"	"null"	"z.ratio"	"p.value"
"subsample_ref500 / subsample_ref100"	1.05928222837801	0.0427558665540168	Inf	1	1.42683788704295	0.327022470985358
"subsample_ref500 / subsample_ref50"	1.07802725589708	0.0435444293788124	Inf	1	1.86005787328961	0.150444408881689
"subsample_ref100 / subsample_ref50"	1.01769597092909	0.0409382664649546	Inf	1	0.436062165686558	0.900510659031865
