name	mean duration (hours)	std duration (hours)	mean realtime (hours)	std realtime (hours)	mean %cpu	std %cpu	mean peak virtual memory (GB)	std peak virtual memory (GB)
SCVI Random Forest	0.017240178281351527	0.004668159797533022	0.0028466029077322936	0.0010170514801855451	132.88099415204678	21.254519149778286	0.013087522272478069	0.001202327072413637
SCVI pre-process query	0.017613450292397657	0.007095438650738129	0.0032630360623781677	0.0007081469193095795	184.69622807017544	32.01447105578581	0.020067417077850876	0.0006022082681287467
Seurat TransferData	0.020290401640675762	0.006556761060712789	0.004734405458089668	0.002127973854458834	289.7085526315789	54.522697272108815	0.019531200029696636	0.01653813813972302
Seurat pre-process query	0.022323209064327484	0.005005476720188065	0.006165545808966861	0.0018999294374681909	445.89991228070176	106.31454374397016	0.029430124383223687	0.01881697198804353
Seurat pre-process reference	0.04811728395061728	0.02727795154301248	0.03275308641975308	0.028159633148161094	543.4444444444445	269.6798230530548	0.027392578124999997	0.016580000652369312
