"contrast"	"odds.ratio"	"SE"	"df"	"null"	"z.ratio"	"p.value"
"Control / Disease"	1.11557929138329	0.00529168453152278	Inf	1	23.0579054759956	1.22541708426532e-117
