"contrast"	"odds.ratio"	"SE"	"df"	"null"	"z.ratio"	"p.value"
"female / male"	0.972734831114138	0.00421406223930805	Inf	1	-6.38102802369034	5.27643484460327e-10
"female / None"	1.27932407985084	0.699754398643725	Inf	1	0.450355583342961	0.894247406322975
"male / None"	1.31518275991571	0.719359776569729	Inf	1	0.50090100394888	0.870875456552191
