"method"	"response"	"SE"	"df"	"asymp.LCL"	"asymp.UCL"
"seurat"	0.786911246407772	0.0535930950511852	Inf	0.663734109770185	0.873562765252474
"scvi"	0.84672130273392	0.0414902067362454	Inf	0.74697457671817	0.911789760718686
