"1"	"response"	"SE"	"df"	"asymp.LCL"	"asymp.UCL"
"overall"	0.802473896613578	0.0505813365441986	Inf	0.68490207973857	0.883630111192706
