"treatment_state"	"response"	"SE"	"df"	"asymp.LCL"	"asymp.UCL"
"no treatment"	0.814776130144144	0.0482319925826496	Inf	0.701605225269021	0.891653467596348
"treatment"	0.822615951877367	0.046627451388401	Inf	0.71256585208404	0.896642748029389
