"method"	"response"	"SE"	"df"	"asymp.LCL"	"asymp.UCL"
"seurat"	0.882552793210467	0.0284290338508468	Inf	0.81446227112119	0.927867852753819
"scvi"	0.876335153293265	0.0297260341840549	Inf	0.805426510588272	0.923845809443992
