"contrast"	"odds.ratio"	"SE"	"df"	"null"	"z.ratio"	"p.value"
"seurat / scvi"	1.06041052934377	0.0189149683862546	Inf	1	3.2883783503475	0.00100766321346286
