"sex"	"response"	"SE"	"df"	"asymp.LCL"	"asymp.UCL"
"female"	0.859457322380786	0.0399149582044865	Inf	0.761899857681765	0.921177638968858
"male"	0.872721287447197	0.036510754123817	Inf	0.782621993952637	0.928870154518695
"None"	0.902602165150956	0.0433413670457539	Inf	0.779059395903497	0.960561004262622
