"contrast"	"odds.ratio"	"SE"	"df"	"null"	"z.ratio"	"p.value"
"female / male"	0.891859200384108	0.0344509524148583	Inf	1	-2.96278065107028	0.00856564581054475
"female / None"	0.659886166642329	0.391559475807858	Inf	1	-0.700549300897441	0.763153270010812
"male / None"	0.739899489020383	0.438312924241276	Inf	1	-0.508513429831903	0.867197766525346
