"contrast"	"odds.ratio"	"SE"	"df"	"null"	"z.ratio"	"p.value"
"subsample_ref500 / subsample_ref100"	1.01217498460497	0.0145932901697004	Inf	1	0.839344700327471	0.678522436445499
"subsample_ref500 / subsample_ref50"	1.04936763896547	0.015026222063612	Inf	1	3.36522704031211	0.00220712377761678
"subsample_ref100 / subsample_ref50"	1.03674528112846	0.014652550046352	Inf	1	2.55329403397815	0.0287558203533936
