"subsample_ref"	"response"	"SE"	"df"	"asymp.LCL"	"asymp.UCL"
"500"	0.881592515868546	0.0286298929492533	Inf	0.813064326842382	0.927247035897212
"100"	0.880323433423073	0.0288949669304382	Inf	0.811218396275687	0.926426281911176
"50"	0.876469117458999	0.0296939608342222	Inf	0.805632754282261	0.92392716159992
