"1"	"response"	"SE"	"df"	"asymp.LCL"	"asymp.UCL"
"overall"	0.879478569983436	0.0290575784858053	Inf	0.810029245700776	0.925862414936369
