"treatment_state"	"response"	"SE"	"df"	"asymp.LCL"	"asymp.UCL"
"No treatment"	0.896055830086666	0.0255481333872609	Inf	0.834316425836328	0.936538941667715
"treatment"	0.860668621738628	0.0329342403705806	Inf	0.782887138019077	0.913657802066487
