"contrast"	"odds.ratio"	"SE"	"df"	"null"	"z.ratio"	"p.value"
"No treatment / treatment"	1.39555802329057	0.0375967737166403	Inf	1	12.3715830122534	3.72408622970287e-35
