"subsample_ref"	"response"	"SE"	"df"	"asymp.LCL"	"asymp.UCL"
"500"	0.980030137097927	0.00568171973488231	Inf	0.965255031477263	0.988596438792064
"100"	0.972693296306648	0.00770455350230704	Inf	0.952772983188852	0.98434926096158
"50"	0.974049951365133	0.00733393334167944	Inf	0.955067134109647	0.985137882353596
