"method"	"cutoff"	"response"	"SE"	"df"	"asymp.LCL"	"asymp.UCL"
"seurat"	0	0.946884055285212	0.0165268609192812	Inf	0.903493076554098	0.971383706207805
"scvi"	0	0.941793990502943	0.0180129123997831	Inf	0.89470844651888	0.968563097784058
