"contrast"	"odds.ratio"	"SE"	"df"	"null"	"z.ratio"	"p.value"
"female / male"	0.99536034897653	0.0307015996478452	Inf	1	-0.150769706179169	0.987546264404587
"female / None"	0.71077666345651	0.508208835047791	Inf	1	-0.477475034336647	0.881938545999234
"male / None"	0.714089790885642	0.510239156631098	Inf	1	-0.471283480481593	0.884796765961964
