"sex"	"response"	"SE"	"df"	"asymp.LCL"	"asymp.UCL"
"female"	0.938016514458399	0.022807457376995	Inf	0.875234417228575	0.970279410233203
"male"	0.938286348481113	0.0226645444015247	Inf	0.875925981100667	0.970364440946248
"None"	0.955139365194552	0.0256204884378844	Inf	0.868340181597168	0.985659610487711
