"contrast"	"odds.ratio"	"SE"	"df"	"null"	"z.ratio"	"p.value"
"seurat / scvi"	0.176940693053765	0.0346902671026344	Inf	1	-8.83391245099891	1.01076770777378e-18
