"contrast"	"odds.ratio"	"SE"	"df"	"null"	"z.ratio"	"p.value"
"subsample_ref500 / subsample_ref100"	0.760027404112212	0.0637476396381803	Inf	1	-3.27152691470429	0.00307091051154673
"subsample_ref500 / subsample_ref50"	0.854952721392073	0.070712822876937	Inf	1	-1.89469000196227	0.140175823605232
"subsample_ref100 / subsample_ref50"	1.12489722971337	0.0908541431369338	Inf	1	1.45718225227415	0.311745575310489
