"method"	"response"	"SE"	"df"	"asymp.LCL"	"asymp.UCL"
"seurat"	0.233470674740812	0.0311255929032279	Inf	0.178037744244127	0.299866416830826
"scvi"	0.314542182007734	0.0372694004394018	Inf	0.24642575513143	0.391700284200939
