"contrast"	"odds.ratio"	"SE"	"df"	"null"	"z.ratio"	"p.value"
"seurat / scvi"	0.663751327973548	0.103481766446918	Inf	1	-2.62883953642681	0.00856767779524031
