"subsample_ref"	"response"	"SE"	"df"	"asymp.LCL"	"asymp.UCL"
"500"	0.405472590515075	0.0357043016795942	Inf	0.337824148982357	0.476911077445103
"100"	0.410770325850107	0.0357195771880757	Inf	0.342982766065221	0.482124230820361
"50"	0.398404885591686	0.0353750068423701	Inf	0.331503224398252	0.469329134374416
