"contrast"	"odds.ratio"	"SE"	"df"	"null"	"z.ratio"	"p.value"
"subsample_ref500 / subsample_ref100"	0.97830701510964	0.0747928846654111	Inf	1	-0.286871834007092	0.955649584866174
"subsample_ref500 / subsample_ref50"	1.0298388356399	0.0802068778488811	Inf	1	0.377519379194135	0.924453750919087
"subsample_ref100 / subsample_ref50"	1.0526744873893	0.0805442225447612	Inf	1	0.670911581055371	0.780414018113318
