"disease_state"	"response"	"SE"	"df"	"asymp.LCL"	"asymp.UCL"
"Control"	0.972497375033651	0.0103162519953183	Inf	0.943192974637813	0.986894885345669
"Disease"	0.972030741106317	0.0104862691715758	Inf	0.942258592569205	0.986669199468205
