"method"	"cutoff"	"response"	"SE"	"df"	"asymp.LCL"	"asymp.UCL"
"seurat"	0	0.962151848989128	0.014046112202602	Inf	0.922699297810703	0.981864464180856
"scvi"	0	0.979732822244322	0.00765920444398848	Inf	0.957801726323821	0.990380461598578
