"sex"	"response"	"SE"	"df"	"asymp.LCL"	"asymp.UCL"
"F"	0.97160815710447	0.0106403090011657	Inf	0.941412388445975	0.986464926263683
"M"	0.972907092977605	0.0101666592581253	Inf	0.944014861951414	0.987092785431692
