"contrast"	"odds.ratio"	"SE"	"df"	"null"	"z.ratio"	"p.value"
"F / M"	0.952975654654628	0.00516556050233367	Inf	1	-8.88595743039463	6.33726213742351e-19
