"subsample_ref"	"response"	"SE"	"df"	"asymp.LCL"	"asymp.UCL"
"500"	0.975556736715768	0.00919789434275516	Inf	0.94934087042776	0.98837218068663
"100"	0.972202496306367	0.0104238797128876	Inf	0.942601736183272	0.986752442330118
"50"	0.968614766133711	0.0117256875705131	Inf	0.935447734580554	0.98501354855283
