"contrast"	"odds.ratio"	"SE"	"df"	"null"	"z.ratio"	"p.value"
"seurat / scvi"	1.33328828568394	0.172397005783344	Inf	1	2.22462152732985	0.0261066562356355
