"method"	"response"	"SE"	"df"	"asymp.LCL"	"asymp.UCL"
"seurat"	0.539658290477342	0.0368218421711404	Inf	0.467162718270231	0.610513838881108
"scvi"	0.467874017853491	0.0361119815454067	Inf	0.398200770002851	0.538822985074697
