"contrast"	"odds.ratio"	"SE"	"df"	"null"	"z.ratio"	"p.value"
"subsample_ref500 / subsample_ref100"	0.743073806825461	0.0452864948016099	Inf	1	-4.87260333423857	3.2921440498157e-06
"subsample_ref500 / subsample_ref50"	0.692052032735547	0.0426126892564485	Inf	1	-5.97803842889323	6.77243128244243e-09
"subsample_ref100 / subsample_ref50"	0.931336869068381	0.0566531442413562	Inf	1	-1.16939550768801	0.471520398575892
