"subsample_ref"	"response"	"SE"	"df"	"asymp.LCL"	"asymp.UCL"
"500"	0.314985321859483	0.0271451581826941	Inf	0.264348163122386	0.370437935696163
"100"	0.382262911354015	0.0295127439977288	Inf	0.326312148061957	0.441519824125179
"50"	0.399195074880858	0.0301671542501937	Inf	0.341785687438684	0.459515447662189
