"subsample_ref"	"response"	"SE"	"df"	"asymp.LCL"	"asymp.UCL"
"500"	0.917117241998118	0.017576354475173	Inf	0.875513185839883	0.94567970981891
"100"	0.91721144073277	0.0175571459699525	Inf	0.875651168411865	0.945741995166694
"50"	0.913637790069924	0.0182436132690254	Inf	0.870536873259961	0.943323734526995
