"contrast"	"odds.ratio"	"SE"	"df"	"null"	"z.ratio"	"p.value"
"subsample_ref500 / subsample_ref100"	0.998760885578261	0.0168321097206158	Inf	1	-0.0735704806308577	0.997020350733582
"subsample_ref500 / subsample_ref50"	1.04594863262564	0.0175272734806859	Inf	1	2.68087699078292	0.0200837840718212
"subsample_ref100 / subsample_ref50"	1.04724629060744	0.0172567229809069	Inf	1	2.80152976775392	0.0140851633985604
