"contrast"	"odds.ratio"	"SE"	"df"	"null"	"z.ratio"	"p.value"
"seurat / scvi"	0.579637317288881	0.0160268673156166	Inf	1	-19.7235530621351	1.35376037233803e-86
