"method"	"response"	"SE"	"df"	"asymp.LCL"	"asymp.UCL"
"seurat"	0.907955367273531	0.013514331676845	Inf	0.877823593216987	0.931237995864991
"scvi"	0.944500086205894	0.0084850836014856	Inf	0.925326285391376	0.958968979756606
