"contrast"	"odds.ratio"	"SE"	"df"	"null"	"z.ratio"	"p.value"
"male / None"	0.288847369267465	0.0926459680922754	Inf	1	-3.87180463085698	0.000108032529843238
