"sex"	"response"	"SE"	"df"	"asymp.LCL"	"asymp.UCL"
"male"	0.874425680536179	0.018855205065711	Inf	0.832592709635262	0.906973109049806
"None"	0.960171393762546	0.0103974649533069	Inf	0.933989021972607	0.976233138141002
