"contrast"	"odds.ratio"	"SE"	"df"	"null"	"z.ratio"	"p.value"
"subsample_ref500 / subsample_ref100"	1.00758808666294	0.0149531131398651	Inf	1	0.509379122405677	0.866777024669201
"subsample_ref500 / subsample_ref50"	1.12949181391094	0.0165334246748803	Inf	1	8.31864822815134	3.21964677141295e-14
"subsample_ref100 / subsample_ref50"	1.12098567744259	0.0161515165810363	Inf	1	7.92655869049648	4.90718576884319e-14
