"subsample_ref"	"response"	"SE"	"df"	"asymp.LCL"	"asymp.UCL"
"500"	0.928348822993263	0.0107223492625935	Inf	0.904275410538087	0.946724782618609
"100"	0.927844358338806	0.0107933821164709	Inf	0.903615459391916	0.946344311743824
"50"	0.919814561923308	0.0118905257103252	Inf	0.893200200407069	0.940240393397305
