"1"	"response"	"SE"	"df"	"asymp.LCL"	"asymp.UCL"
"overall"	0.923569553004262	0.0113389384266977	Inf	0.898167649520948	0.943036863481529
