"treatment_state"	"response"	"SE"	"df"	"asymp.LCL"	"asymp.UCL"
"no treatment"	0.932877632560526	0.010146535429559	Inf	0.910043117715761	0.950232848373591
"treatment"	0.92353949492031	0.0114122228232223	Inf	0.89795285114149	0.943117108888669
