"contrast"	"odds.ratio"	"SE"	"df"	"null"	"z.ratio"	"p.value"
"no treatment / treatment"	1.15063903760678	0.0328581825856833	Inf	1	4.91368509421535	8.93802705986993e-07
