"contrast"	"odds.ratio"	"SE"	"df"	"null"	"z.ratio"	"p.value"
"seurat / scvi"	1.0000464103035	0.000105126321372525	Inf	1	0.441482017418272	0.658864077199923
