"contrast"	"odds.ratio"	"SE"	"df"	"null"	"z.ratio"	"p.value"
"subsample_ref500 / subsample_ref100"	0.999999404212513	5.20809689089961e-05	Inf	1	-0.011439635670051	0.999927852821091
"subsample_ref500 / subsample_ref50"	1.00001297618011	5.20820291763858e-05	Inf	1	0.249150513336993	0.966359081161577
"subsample_ref100 / subsample_ref50"	1.00001357197569	5.20820446920501e-05	Inf	1	0.260590149002765	0.963258137677819
