"subsample_ref"	"response"	"SE"	"df"	"asymp.LCL"	"asymp.UCL"
"500"	0.260813054710685	0.00773603414792536	Inf	0.245938189352663	0.276257982989052
"100"	0.26081316957237	0.00773615467457102	Inf	0.24593807676232	0.276258342617712
"50"	0.260810553062039	0.00773423715929622	Inf	0.245939080380812	0.276251833531848
