"contrast"	"odds.ratio"	"SE"	"df"	"null"	"z.ratio"	"p.value"
"seurat / scvi"	1.35383792130829	0.0427504850420631	Inf	1	9.59372387898248	8.49619280861208e-22
