"method"	"response"	"SE"	"df"	"asymp.LCL"	"asymp.UCL"
"seurat"	0.148537366885194	0.00318393920918503	Inf	0.142404557982871	0.15488659107411
"scvi"	0.114147142311862	0.00250536063153615	Inf	0.109327972290444	0.119150323228785
