"method"	"response"	"SE"	"df"	"asymp.LCL"	"asymp.UCL"
"seurat"	0.148533735748652	0.00318388450894819	Inf	0.142401033609169	0.154882852343328
"scvi"	0.114145942474558	0.00250533919264051	Inf	0.10932681402162	0.119149080931313
