"contrast"	"odds.ratio"	"SE"	"df"	"null"	"z.ratio"	"p.value"
"seurat / scvi"	1.35381511609445	0.0427498990976167	Inf	1	9.59316031454106	8.54274353802922e-22
