"reference"	"method"	"response"	"SE"	"df"	"asymp.LCL"	"asymp.UCL"	"key"
"An integrated transcriptomic and epigenomic atlas of mouse primary motor cortex cell types"	"seurat"	0.695914195449301	0.00556413865873691	Inf	0.684899918676741	0.706708337686871	"all"
"Single-cell RNA-seq for all cortical  hippocampal regions 10x"	"seurat"	0.1115742359349	0.00245300943393695	Inf	0.10685623561918	0.1164733833705	"all"
"Single-cell RNA-seq for all cortical  hippocampal regions SMART-Seq v4"	"seurat"	0.111573315226887	0.00245299616916818	Inf	0.106855340791731	0.116472436559557	"all"
"whole cortex"	"seurat"	0.148537366885194	0.00318393920918503	Inf	0.142404557982871	0.15488659107411	"all"
"An integrated transcriptomic and epigenomic atlas of mouse primary motor cortex cell types"	"scvi"	0.115132037261199	0.00252546162800505	Inf	0.110274020692477	0.120175162092945	"all"
"Single-cell RNA-seq for all cortical  hippocampal regions 10x"	"scvi"	0.111572067483447	0.00245297819273994	Inf	0.106854128121657	0.116471153441399	"all"
"Single-cell RNA-seq for all cortical  hippocampal regions SMART-Seq v4"	"scvi"	0.111574243290307	0.00245300953990732	Inf	0.106856242767831	0.116473390934441	"all"
"whole cortex"	"scvi"	0.114147142311862	0.00250536063153615	Inf	0.109327972290444	0.119150323228785	"all"
