"contrast"	"odds.ratio"	"SE"	"df"	"null"	"z.ratio"	"p.value"
"subsample_ref500 / subsample_ref100"	1.05507786410992	0.0205603324404598	Inf	1	2.75129525071024	0.0163569147356338
"subsample_ref500 / subsample_ref50"	1.02982613015088	0.0200376190686133	Inf	1	1.51048743104045	0.285930682918092
"subsample_ref100 / subsample_ref50"	0.976066473557997	0.0187969494130994	Inf	1	-1.25790661174929	0.419150872829055
