"contrast"	"odds.ratio"	"SE"	"df"	"null"	"z.ratio"	"p.value"
"subsample_ref500 / subsample_ref100"	1.05506569934061	0.020560041436002	Inf	1	2.7507108030133	0.0163851465041631
"subsample_ref500 / subsample_ref50"	1.0298080677482	0.0200371995590744	Inf	1	1.50959112644311	0.286353783547787
"subsample_ref100 / subsample_ref50"	0.976060607781872	0.0187967470012851	Inf	1	-1.25822466027418	0.418967183056343
