"subsample_ref"	"response"	"SE"	"df"	"asymp.LCL"	"asymp.UCL"	"key"
"500"	0.163072281642598	0.00226727781968807	Inf	0.158677103812624	0.167564953907678	"all"
"100"	0.155886507401055	0.00215671552210381	Inf	0.151705995012294	0.160160470501068	"all"
"50"	0.159100758386332	0.00218235900510088	Inf	0.154869885723562	0.163424863262182	"all"
