"subsample_ref"	"response"	"SE"	"df"	"asymp.LCL"	"asymp.UCL"
"500"	0.163071828574725	0.00226727127777592	Inf	0.158676663459129	0.167564487912046
"100"	0.155887587741077	0.00215672301783735	Inf	0.151707060578377	0.160161565443133
"50"	0.159102660823591	0.00218237446710365	Inf	0.154871757809662	0.163426795947414
