"subsample_ref"	"response"	"SE"	"df"	"asymp.LCL"	"asymp.UCL"
"500"	0.651224946614378	0.0207766859740053	Inf	0.609483419274869	0.690768507289412
"100"	0.661265144091789	0.020568276939871	Inf	0.619862093305591	0.700338758187432
"50"	0.594277994478895	0.0221893981769004	Inf	0.550156835862007	0.63692757344039
