"contrast"	"odds.ratio"	"SE"	"df"	"null"	"z.ratio"	"p.value"
"seurat / scvi"	1.33260733302223	0.0612798648344341	Inf	1	6.24416254410059	4.26076734086915e-10
