"method"	"response"	"SE"	"df"	"asymp.LCL"	"asymp.UCL"
"seurat"	0.804310558182734	0.0337745509769742	Inf	0.729656120377518	0.86224164939835
"scvi"	0.755158965267874	0.0397122581391779	Inf	0.669372898913947	0.824521701884803
