"subsample_ref"	"response"	"SE"	"df"	"asymp.LCL"	"asymp.UCL"
"500"	0.776117201942029	0.0369976100353478	Inf	0.695478096335077	0.840305808595806
"100"	0.740525954100413	0.0408984622566387	Inf	0.652835514240812	0.812430584975703
"50"	0.706351839562082	0.0441441798541419	Inf	0.613156377073903	0.78496913726158
