"contrast"	"odds.ratio"	"SE"	"df"	"null"	"z.ratio"	"p.value"
"subsample_ref500 / subsample_ref100"	1.21467536224329	0.0254322901021601	Inf	1	9.28843752140129	3.11972669919669e-14
"subsample_ref500 / subsample_ref50"	1.44116195015452	0.0303566868029568	Inf	1	17.3494625065753	0
"subsample_ref100 / subsample_ref50"	1.18645853447867	0.0243447986604743	Inf	1	8.33246551426581	3.23074900165921e-14
