"method"	"response"	"SE"	"df"	"asymp.LCL"	"asymp.UCL"
"seurat"	0.56474577179151	0.0267030609516112	Inf	0.511879513028732	0.616179602335174
"scvi"	0.0305933225207133	0.00367006243725673	Inf	0.0241636484352172	0.0386660698616734
