"method"	"response"	"SE"	"df"	"asymp.LCL"	"asymp.UCL"
"seurat"	0.236552387865427	0.0987016218562128	Inf	0.0959668625380776	0.474899478983715
"scvi"	0.32996931247869	0.120885812340616	Inf	0.144305688936917	0.589846680028443
