"contrast"	"odds.ratio"	"SE"	"df"	"null"	"z.ratio"	"p.value"
"seurat / scvi"	0.629171783175307	0.0986222035792192	Inf	1	-2.95600113981533	0.00311655939202087
