"subsample_ref"	"response"	"SE"	"df"	"asymp.LCL"	"asymp.UCL"
"500"	0.192294241667	0.0838155828957813	Inf	0.0763610177199598	0.40673162667942
"100"	0.208205276265605	0.0889330218886179	Inf	0.0837004830155665	0.430832152839197
"50"	0.224902248224516	0.0939967096443563	Inf	0.0916072609444932	0.455001999124472
