"contrast"	"odds.ratio"	"SE"	"df"	"null"	"z.ratio"	"p.value"
"subsample_ref500 / subsample_ref100"	0.905386412528317	0.0677497145092644	Inf	1	-1.32826360818647	0.37940370673917
"subsample_ref500 / subsample_ref50"	0.820494700903919	0.0612950732793446	Inf	1	-2.64838729816988	0.0220409745922974
"subsample_ref100 / subsample_ref50"	0.906237038186451	0.0672030949072727	Inf	1	-1.3276620945673	0.379735618899694
