"disease_state"	"response"	"SE"	"df"	"asymp.LCL"	"asymp.UCL"
"Control"	0.977638030211895	0.00572966641569528	Inf	0.963176545772972	0.986499735273722
"Disease"	0.976971112641389	0.00589561041345816	Inf	0.962097948564268	0.986092259218859
