"contrast"	"odds.ratio"	"SE"	"df"	"null"	"z.ratio"	"p.value"
"seurat / scvi"	0.806377207419681	0.0472916875146546	Inf	1	-3.66946761155315	0.00024305612849508
