"method"	"response"	"SE"	"df"	"asymp.LCL"	"asymp.UCL"
"seurat"	0.849041499048995	0.0156419584526057	Inf	0.81576402923821	0.877212973216419
"scvi"	0.874605344359855	0.0134599363388753	Inf	0.845764427600993	0.898699169387821
