"subsample_ref"	"response"	"SE"	"df"	"asymp.LCL"	"asymp.UCL"
"500"	0.738825359334703	0.0226357090456282	Inf	0.692100162690858	0.780706518775143
"100"	0.749690891888988	0.0219118070509894	Inf	0.704351381923582	0.790148883256194
"50"	0.743979831957757	0.0223069983344821	Inf	0.697879409580239	0.785210832881572
