"contrast"	"odds.ratio"	"SE"	"df"	"null"	"z.ratio"	"p.value"
"seurat / scvi"	0.875334258822118	0.0834821565769188	Inf	1	-1.39611007564203	0.162681350158823
