"contrast"	"odds.ratio"	"SE"	"df"	"null"	"z.ratio"	"p.value"
"subsample_ref500 / subsample_ref100"	0.951415418392478	0.041346795478657	Inf	1	-1.14603219661393	0.48571516712012
"subsample_ref500 / subsample_ref50"	1.03113951146573	0.0450802993696425	Inf	1	0.7014015193242	0.762651772391971
"subsample_ref100 / subsample_ref50"	1.08379525024721	0.0473706774488412	Inf	1	1.84105287210123	0.156311280507732
