"subsample_ref"	"response"	"SE"	"df"	"asymp.LCL"	"asymp.UCL"
"500"	0.680268649702983	0.0181886579060451	Inf	0.643618673166575	0.714819598392615
"100"	0.691002695161422	0.017895801177107	Inf	0.654875222737815	0.724936811323536
"50"	0.673562474424559	0.0184304282352357	Inf	0.636465098640208	0.708607384066395
