"contrast"	"odds.ratio"	"SE"	"df"	"null"	"z.ratio"	"p.value"
"control False / disease False"	1.06814197978919	0.00431813983569397	Inf	1	16.3062428104441	8.91078837754682e-60
