"contrast"	"odds.ratio"	"SE"	"df"	"null"	"z.ratio"	"p.value"
"control False / disease False"	1.06847628007014	0.00432076067085945	Inf	1	16.3788351008844	2.70881457515444e-60
