"disease_state"	"region_match"	"response"	"SE"	"df"	"asymp.LCL"	"asymp.UCL"
"control"	"False"	0.952213683112267	0.0225828855045123	Inf	0.882811330640063	0.981380922127537
"disease"	"False"	0.94910798423453	0.0239718968064627	Inf	0.875784536465251	0.980131099708102
