"contrast"	"odds.ratio"	"SE"	"df"	"null"	"z.ratio"	"p.value"
"control / disease"	1.08486088456075	0.00478790714047037	Inf	1	18.4556274251354	4.69876585109394e-76
