"disease_state"	"response"	"SE"	"df"	"asymp.LCL"	"asymp.UCL"
"control"	0.935731206861026	0.0305512233535599	Inf	0.84324336762195	0.97525189921041
"disease"	0.930655498661581	0.0327848723746481	Inf	0.832174921398591	0.973207732004491
