"disease_state"	"region_match"	"response"	"SE"	"df"	"asymp.LCL"	"asymp.UCL"
"control"	"False"	0.963536612745994	0.0109020487464193	Inf	0.934997822827843	0.979816111010141
"disease"	"False"	0.961148459282274	0.0115873963644804	Inf	0.930874244720175	0.97847047760758
