"contrast"	"odds.ratio"	"SE"	"df"	"null"	"z.ratio"	"p.value"
"seurat / scvi"	0.758444186249045	0.00360319783883191	Inf	1	-58.1980950496053	0
