"method"	"region_match"	"response"	"SE"	"df"	"asymp.LCL"	"asymp.UCL"
"seurat"	"False"	0.948517047007273	0.0164587752123213	Inf	0.904913416362777	0.972728071459702
"scvi"	"False"	0.965747929290075	0.0111488185810822	Inf	0.935750471470267	0.982009147809551
