"method"	"response"	"SE"	"df"	"asymp.LCL"	"asymp.UCL"
"seurat"	0.924091692355625	0.0356352612333665	Inf	0.818110235177539	0.970544427293843
"scvi"	0.941352417857349	0.0280464534186623	Inf	0.855707026143027	0.977499498571352
