"method"	"region_match"	"response"	"SE"	"df"	"asymp.LCL"	"asymp.UCL"
"seurat"	"False"	0.953851179493892	0.0136609263038575	Inf	0.918368192243167	0.974341653968054
"scvi"	"False"	0.969351593164394	0.00921965864356286	Inf	0.94510161367232	0.983081509787071
