"region_match"	"response"	"SE"	"df"	"asymp.LCL"	"asymp.UCL"
"False"	0.922973889528007	0.0361153461344596	Inf	0.815746814032802	0.970087788439779
"True"	0.942220207967568	0.0276592442487127	Inf	0.857640282635522	0.977846823712523
