"contrast"	"odds.ratio"	"SE"	"df"	"null"	"z.ratio"	"p.value"
"False / True"	0.734809913756188	0.00666860722028399	Inf	1	-33.9541440440467	1.05953144045711e-252
