"region_match"	"response"	"SE"	"df"	"asymp.LCL"	"asymp.UCL"
"False"	0.941739893543019	0.0170225363356567	Inf	0.897956128189143	0.967419072264921
"True"	0.958453984477345	0.0123581554861697	Inf	0.926234981471635	0.976950603824011
