"contrast"	"odds.ratio"	"SE"	"df"	"null"	"z.ratio"	"p.value"
"False / True"	0.700734173122776	0.00625318439647005	Inf	1	-39.8516576705593	0
