"contrast"	"odds.ratio"	"SE"	"df"	"null"	"z.ratio"	"p.value"
"False / True"	0.700676910212554	0.00625293450175676	Inf	1	-39.859150963611	0
