"region_match"	"response"	"SE"	"df"	"asymp.LCL"	"asymp.UCL"
"False"	0.92417180996686	0.0347775293547713	Inf	0.821678720082591	0.969912414956394
"True"	0.945630807508014	0.0255174796946638	Inf	0.867987631714889	0.978727274022447
