"sex"	"region_match"	"response"	"SE"	"df"	"asymp.LCL"	"asymp.UCL"
"female"	"False"	0.970752470203545	0.00897781037375969	Inf	0.94697555652114	0.984047090294868
"male"	"False"	0.971438640555724	0.00877323030136485	Inf	0.948190302742313	0.984426199060188
"None"	"False"	0.936732422713464	0.0404780587789657	Inf	0.795167864464159	0.982599230637208
