"contrast"	"odds.ratio"	"SE"	"df"	"null"	"z.ratio"	"p.value"
"female False / male False"	0.975849430137044	0.0029637617492336	Inf	1	-8.049421804616	4.15223411209809e-14
"female False / None False"	2.24173856949589	1.68715129866501	Inf	1	1.07260522475233	0.531116478893228
"male False / None False"	2.29721768570493	1.72890019583616	Inf	1	1.10509151520849	0.510897288034085
