"sex"	"region_match"	"response"	"SE"	"df"	"asymp.LCL"	"asymp.UCL"
"female"	"False"	0.972823975868896	0.00844730589605173	Inf	0.950340015435544	0.985285756172493
"femaleemale"	"False"	0.920574865013376	0.0842156429687437	Inf	0.548027493407347	0.991054888986164
"male"	"False"	0.973677959833976	0.00818879257924082	Inf	0.951866442575941	0.985753609382028
"maleale"	"False"	0.921497428793695	0.0833207136475636	Inf	0.551168497090014	0.991166613620573
"None"	"False"	0.936616631172192	0.0394809269632264	Inf	0.800530122524596	0.981952471710498
