"contrast"	"odds.ratio"	"SE"	"df"	"null"	"z.ratio"	"p.value"
"subsample_ref500 / subsample_ref100"	1.13813873966834	0.00426235588208755	Inf	1	34.5509866917568	0
"subsample_ref500 / subsample_ref50"	1.37772709793539	0.00511176627790687	Inf	1	86.3639124590925	0
"subsample_ref100 / subsample_ref50"	1.21050892120311	0.00435678779716946	Inf	1	53.0796276634562	0
