"contrast"	"odds.ratio"	"SE"	"df"	"null"	"z.ratio"	"p.value"
"subsample_ref500 False / subsample_ref100 False"	1.1490804417234	0.00408253693773071	Inf	1	39.1125729868985	0
"subsample_ref500 False / subsample_ref50 False"	1.40217024978567	0.0049362250118943	Inf	1	96.0173594156217	0
"subsample_ref100 False / subsample_ref50 False"	1.22025421273613	0.00416125929193558	Inf	1	58.3724349454284	0
