"subsample_ref"	"response"	"SE"	"df"	"asymp.LCL"	"asymp.UCL"
"500"	0.941995030934273	0.027758083685944	Inf	0.857145640707245	0.977755403967419
"100"	0.934507074955839	0.0310922057413593	Inf	0.840558641025255	0.974760058591411
"50"	0.921798383523274	0.0366205943342434	Inf	0.813262731035178	0.969608247436952
