"subsample_ref"	"region_match"	"response"	"SE"	"df"	"asymp.LCL"	"asymp.UCL"
"500"	"False"	0.962360731576817	0.0112397038461671	Inf	0.93296626391733	0.979153654845838
"100"	"False"	0.956990574444561	0.0127715998722489	Inf	0.923734802562	0.976119905556013
"50"	"False"	0.94801052635563	0.0152932661234582	Inf	0.908475537154848	0.971012848060739
