"1"	"response"	"SE"	"df"	"asymp.LCL"	"asymp.UCL"
"overall"	0.935730432741168	0.0298454327178889	Inf	0.84625970824886	0.974690024358834
