"1"	"response"	"SE"	"df"	"asymp.LCL"	"asymp.UCL"
"overall"	0.933238124481818	0.0316513207695152	Inf	0.837786532339711	0.974249320659686
