"contrast"	"odds.ratio"	"SE"	"df"	"null"	"z.ratio"	"p.value"
"subsample_ref500 / subsample_ref100"	1.02958382486893	0.0293136719419843	Inf	1	1.02399909805148	0.561667684467594
"subsample_ref500 / subsample_ref50"	1.10644769416405	0.0315997738860213	Inf	1	3.54186973420348	0.0011562283943316
"subsample_ref100 / subsample_ref50"	1.07465528054979	0.030625506891411	Inf	1	2.52649260500132	0.0309418792018793
