"contrast"	"odds.ratio"	"SE"	"df"	"null"	"z.ratio"	"p.value"
"seurat / scvi"	1.30828364397057	0.183859509821209	Inf	1	1.91209503511012	0.0558640055614513
