"contrast"	"odds.ratio"	"SE"	"df"	"null"	"z.ratio"	"p.value"
"subsample_ref500 / subsample_ref100"	0.983995991288163	0.0684547954645374	Inf	1	-0.231908601244113	0.970787208101466
"subsample_ref500 / subsample_ref50"	0.958151955594151	0.0664124206351507	Inf	1	-0.616751173454575	0.810950871625146
"subsample_ref100 / subsample_ref50"	0.973735629085055	0.0675631847275473	Inf	1	-0.383587637813058	0.922104182741708
