"subsample_ref"	"response"	"SE"	"df"	"asymp.LCL"	"asymp.UCL"
"500"	0.566846562569638	0.0311796676949165	Inf	0.505025794398126	0.626654106469843
"100"	0.570803481547634	0.0311319988231634	Inf	0.509015353071955	0.630460961799916
"50"	0.577311267001572	0.0309801328713371	Inf	0.515723992504111	0.63658542011221
