"method"	"response"	"SE"	"df"	"asymp.LCL"	"asymp.UCL"
"seurat"	0.920046042525677	0.0170100531574364	Inf	0.879717513618645	0.947657661037083
"scvi"	0.911776526916293	0.0186043958372467	Inf	0.86786548107975	0.942069087822051
