"contrast"	"odds.ratio"	"SE"	"df"	"null"	"z.ratio"	"p.value"
"seurat / scvi"	1.11343643858358	0.023565794905509	Inf	1	5.07684959469713	3.83744399384654e-07
