"method"	"response"	"SE"	"df"	"asymp.LCL"	"asymp.UCL"
"seurat"	0.9200462405041	0.0170099902569759	Inf	0.879717867309133	0.947657762232793
"scvi"	0.911776732889965	0.0186043299114788	Inf	0.867865849298751	0.942069192070536
