"method"	"response"	"SE"	"df"	"asymp.LCL"	"asymp.UCL"
"seurat"	0.920046383562632	0.0170099459253671	Inf	0.879718119726901	0.947657836836733
"scvi"	0.911776883162552	0.0186042832246979	Inf	0.867866113999023	0.942069270003298
