"method"	"response"	"SE"	"df"	"asymp.LCL"	"asymp.UCL"
"seurat"	0.920046049835941	0.0170100507055456	Inf	0.879717527043101	0.947657664602779
"scvi"	0.911776534621288	0.0186043932426234	Inf	0.867865495212991	0.942069091550879
