"contrast"	"odds.ratio"	"SE"	"df"	"null"	"z.ratio"	"p.value"
"seurat / scvi"	1.11343621168153	0.023565787629445	Inf	1	5.07684049916302	3.83762762148805e-07
