"contrast"	"odds.ratio"	"SE"	"df"	"null"	"z.ratio"	"p.value"
"seurat / scvi"	1.11343620768322	0.0235657875073229	Inf	1	5.07684033757573	3.8376308838132e-07
