"sex"	"response"	"SE"	"df"	"asymp.LCL"	"asymp.UCL"
"female"	0.919140485173021	0.021737447059576	Inf	0.865002521786162	0.952753386024918
"male"	0.914883978620879	0.0224477496793538	Inf	0.859336289809506	0.949778025108233
"None"	0.913902392267144	0.030002982556418	Inf	0.834090064950293	0.957286512192248
