"contrast"	"odds.ratio"	"SE"	"df"	"null"	"z.ratio"	"p.value"
"female / male"	1.05753818427108	0.05646273889313	Inf	1	1.04781740466673	0.546658765283691
"female / None"	1.07088302639534	0.514349083499674	Inf	1	0.14258388174438	0.988854451980053
"male / None"	1.01261878041166	0.483781855683024	Inf	1	0.0262475003560009	0.999620244959374
