"sex"	"response"	"SE"	"df"	"asymp.LCL"	"asymp.UCL"
"female"	0.91914040825349	0.0217374950674032	Inf	0.865002311167626	0.952753374039161
"male"	0.91488381311071	0.0224478206333284	Inf	0.859335937468581	0.949777961381195
"None"	0.91390204410509	0.0300031343528354	Inf	0.834089308203749	0.957286373943323
