"contrast"	"odds.ratio"	"SE"	"df"	"null"	"z.ratio"	"p.value"
"female / male"	1.05753938314196	0.0564628011350642	Inf	1	1.04783867039694	0.546645394904116
"female / None"	1.07088680632994	0.514351645278246	Inf	1	0.142591023816087	0.988853341678138
"male / None"	1.01262120673778	0.483783720996921	Inf	1	0.0262524773628813	0.999620100956267
