"contrast"	"odds.ratio"	"SE"	"df"	"null"	"z.ratio"	"p.value"
"female / male"	1.05753738539918	0.0564626974775727	Inf	1	1.04780323305304	0.54666767541931
"female / None"	1.07088042738623	0.514347329813718	Inf	1	0.14257896882294	0.988855215708132
"male / None"	1.01261708774675	0.483780568875701	Inf	1	0.0262440274721004	0.999620345426512
