"sex"	"response"	"SE"	"df"	"asymp.LCL"	"asymp.UCL"
"female"	0.919140548022837	0.0217374110608835	Inf	0.8650026839395	0.952753399649999
"male"	0.914884103297268	0.0224476976844551	Inf	0.859336550800064	0.949778074858129
"None"	0.913902649773181	0.0300028716556467	Inf	0.834090619928763	0.957286615838865
