"sex"	"response"	"SE"	"df"	"asymp.LCL"	"asymp.UCL"
"female"	0.919140405537238	0.0217374970197078	Inf	0.865002302938619	0.952753373921003
"male"	0.914883806902897	0.022447823499055	Inf	0.859335923631274	0.949777959236426
"None"	0.913902030218995	0.0300031405807835	Inf	0.83408927742293	0.957286368606318
