"subsample_ref"	"response"	"SE"	"df"	"asymp.LCL"	"asymp.UCL"
"500"	0.917117279970428	0.0175763418864929	Inf	0.875513255078501	0.945679728508293
"100"	0.917211483170945	0.0175571325232171	Inf	0.875651244046647	0.945742016879395
"50"	0.913637828303644	0.0182436004901209	Inf	0.870536943172435	0.943323753174975
