"subsample_ref"	"response"	"SE"	"df"	"asymp.LCL"	"asymp.UCL"
"500"	0.91711728720948	0.0175763394244257	Inf	0.875513268452849	0.945679731988911
"100"	0.91721149111026	0.0175571299267655	Inf	0.875651258423575	0.945742020834324
"50"	0.913637835638071	0.0182435979807138	Inf	0.870536956746247	0.943323756675199
