"contrast"	"odds.ratio"	"SE"	"df"	"null"	"z.ratio"	"p.value"
"subsample_ref500 / subsample_ref100"	0.998760826322749	0.0168321089899964	Inf	1	-0.0735739998447695	0.99702006609457
"subsample_ref500 / subsample_ref50"	1.04594864830183	0.017527273829315	Inf	1	2.68087787202671	0.0200837331204652
"subsample_ref100 / subsample_ref50"	1.04724636843519	0.0172567245079753	Inf	1	2.80153423803881	0.0140849743627465
