"subsample_ref"	"response"	"SE"	"df"	"asymp.LCL"	"asymp.UCL"
"500"	0.917117474351159	0.0175762791491118	Inf	0.87551360472254	0.94567982643679
"100"	0.917211697569231	0.0175570659400441	Inf	0.875651622360724	0.945742128360232
"50"	0.913638025344172	0.018243536591293	Inf	0.870537297989721	0.943323851879496
