"contrast"	"odds.ratio"	"SE"	"df"	"null"	"z.ratio"	"p.value"
"subsample_ref500 / subsample_ref100"	0.998760560389472	0.0168321055976319	Inf	1	-0.073589794249602	0.997018788454043
"subsample_ref500 / subsample_ref50"	1.04594871102898	0.0175272751637202	Inf	1	2.68088140753039	0.0200835287074463
"subsample_ref100 / subsample_ref50"	1.04724671008345	0.0172567311282028	Inf	1	2.80155387521363	0.0140841439883345
