"1"	"response"	"SE"	"df"	"asymp.LCL"	"asymp.UCL"
"overall"	0.91600387633023	0.0177746203631722	Inf	0.873963285121358	0.94490548681103
