"1"	"response"	"SE"	"df"	"asymp.LCL"	"asymp.UCL"
"overall"	0.916003674286264	0.0177746847749071	Inf	0.873962924098293	0.944905384024496
