"1"	"response"	"SE"	"df"	"asymp.LCL"	"asymp.UCL"
"overall"	0.916003681794237	0.0177746822520219	Inf	0.873962937876865	0.944905387672532
