"1"	"response"	"SE"	"df"	"asymp.LCL"	"asymp.UCL"
"overall"	0.916004023013618	0.0177745748601781	Inf	0.873963543688332	0.94490556310439
