"contrast"	"odds.ratio"	"SE"	"df"	"null"	"z.ratio"	"p.value"
"No treatment / treatment"	0.979482431779559	0.0275358772245937	Inf	1	-0.737424424534563	0.460864286831587
