"treatment_state"	"response"	"SE"	"df"	"asymp.LCL"	"asymp.UCL"
"No treatment"	0.915202704666724	0.0179419238745371	Inf	0.872779057083426	0.944381098926048
"treatment"	0.916797780884653	0.0176738561780484	Inf	0.874954320815768	0.945511337970309
