"treatment_state"	"response"	"SE"	"df"	"asymp.LCL"	"asymp.UCL"
"No treatment"	0.915203031697577	0.0179418190840575	Inf	0.872779642778159	0.944381264542534
"treatment"	0.916798136019178	0.0176737461324074	Inf	0.874954946727842	0.945511522954451
