"contrast"	"odds.ratio"	"SE"	"df"	"null"	"z.ratio"	"p.value"
"No treatment / treatment"	0.979482442640109	0.0275358775569545	Inf	1	-0.737424029395862	0.460864527049924
