"contrast"	"odds.ratio"	"SE"	"df"	"null"	"z.ratio"	"p.value"
"No treatment / treatment"	0.97948217947024	0.0275358700745302	Inf	1	-0.737433588991619	0.460858715464197
