"method"	"response"	"SE"	"df"	"asymp.LCL"	"asymp.UCL"
"seurat"	0.945026131133622	0.0173192046887402	Inf	0.899434724080451	0.970623675920096
"scvi"	0.959272726601687	0.0130289740286445	Inf	0.924536895322461	0.978393247225612
