"subsample_ref"	"response"	"SE"	"df"	"asymp.LCL"	"asymp.UCL"
"500"	0.938673704574188	0.0191562921033632	Inf	0.888551809649837	0.967089054426791
"100"	0.93925720567002	0.0189853695797716	Inf	0.889557616004771	0.967411090086082
"50"	0.937372025642741	0.0195348097236395	Inf	0.886318330287387	0.966367858812634
