name	mean duration (hours)	std duration (hours)	mean realtime (hours)	std realtime (hours)	mean %cpu	std %cpu	mean peak virtual memory (GB)	std peak virtual memory (GB)
SCVI Random Forest	0.017607651072124756	0.004462364292438998	0.0028370857699805065	0.0010191722308686094	132.46894736842106	21.225128745730444	0.013098844115497076	0.0012358202497471113
SCVI pre-process query	0.018428654970760235	0.006982594718733672	0.0032052631578947366	0.0007069780041218816	185.64315789473685	32.064312247494904	0.020095600328947368	0.0005003094482350723
Seurat TransferData	0.02065708252111761	0.006435964049565477	0.0047101526965562055	0.0021236245478348827	290.78485380116956	54.062065458909636	0.01926666438230994	0.016403070829956873
Seurat pre-process query	0.022884502923976605	0.004451321983165282	0.00580672514619883	0.0011458130957350406	456.7063157894737	91.57836665720704	0.02987047697368421	0.018815373581457313
Seurat pre-process reference	0.04811728395061728	0.027277951543012477	0.03275308641975308	0.02815963314816109	543.4444444444445	269.6798230530549	0.027392578124999997	0.016580000652369305
