"contrast"	"odds.ratio"	"SE"	"df"	"null"	"z.ratio"	"p.value"
"seurat / scvi"	0.658986524676851	0.0537229481384952	Inf	1	-5.11572400031785	3.12539790898949e-07
