"contrast"	"odds.ratio"	"SE"	"df"	"null"	"z.ratio"	"p.value"
"subsample_ref500 / subsample_ref100"	0.985791377401776	0.0383851588316644	Inf	1	-0.367517004991495	0.928257521205807
"subsample_ref500 / subsample_ref50"	1.09477408887056	0.0414960033439669	Inf	1	2.38889602723311	0.0445488705615334
"subsample_ref100 / subsample_ref50"	1.11055352477927	0.0425158834910525	Inf	1	2.73900095851402	0.0169599240068073
