"subsample_ref"	"response"	"SE"	"df"	"asymp.LCL"	"asymp.UCL"
"500"	0.764936161631674	0.0955636985901879	Inf	0.534511428679779	0.902172933884492
"100"	0.767499559017122	0.0948403348204288	Inf	0.538064696928659	0.903430620038194
"50"	0.748266313794698	0.100088926471729	Inf	0.511983108304101	0.893864045642716
