"method"	"cutoff"	"response"	"SE"	"df"	"asymp.LCL"	"asymp.UCL"
"seurat"	0	0.821520897857074	0.0428460485898438	Inf	0.721909256259985	0.890846768021688
"scvi"	0	0.797886663831374	0.0471228256244846	Inf	0.690063627307554	0.874994419025501
