"contrast"	"odds.ratio"	"SE"	"df"	"null"	"z.ratio"	"p.value"
"seurat cutoff0 / scvi cutoff0"	1.16596364055828	0.0161839793898214	Inf	1	11.0622529408491	1.91232806275285e-28
