"contrast"	"odds.ratio"	"SE"	"df"	"null"	"z.ratio"	"p.value"
"No treatment / treatment"	0.991240346356768	0.0245749420838676	Inf	1	-0.354880810324982	0.722678885155543
