"treatment_state"	"response"	"SE"	"df"	"asymp.LCL"	"asymp.UCL"
"No treatment"	0.80930688591376	0.045113613887091	Inf	0.705281219152364	0.882720699059612
"treatment"	0.810661018644577	0.0448906679934701	Inf	0.707047301302499	0.883657965319377
