"subsample_ref"	"response"	"SE"	"df"	"asymp.LCL"	"asymp.UCL"
"500"	0.860342790147795	0.0488601282796255	Inf	0.735191205265737	0.93183073599235
"100"	0.853308254361557	0.0508889719934636	Inf	0.723915479251985	0.928082920021972
"50"	0.837659001984197	0.0552896653105012	Inf	0.699312322565727	0.919664606322381
