"contrast"	"odds.ratio"	"SE"	"df"	"null"	"z.ratio"	"p.value"
"seurat / scvi"	0.979344773701076	0.0550492475140472	Inf	1	-0.371311579314817	0.710405474424658
