"method"	"response"	"SE"	"df"	"asymp.LCL"	"asymp.UCL"
"seurat"	0.610560279581535	0.169845444869673	Inf	0.278814696684563	0.864090066123231
"scvi"	0.67309972594556	0.157173690490767	Inf	0.336757312069143	0.893047516710071
