"contrast"	"odds.ratio"	"SE"	"df"	"null"	"z.ratio"	"p.value"
"seurat / scvi"	0.761419813469801	0.0357184564314373	Inf	1	-5.81045581817644	6.23029740142823e-09
