"contrast"	"odds.ratio"	"SE"	"df"	"null"	"z.ratio"	"p.value"
"seurat / scvi"	0.81249966878682	0.0361747021656899	Inf	1	-4.66368031310436	3.10603779737584e-06
