"contrast"	"odds.ratio"	"SE"	"df"	"null"	"z.ratio"	"p.value"
"seurat / scvi"	0.0503178661125854	0.0103624395091845	Inf	1	-14.5158850818499	9.61090966998749e-48
