"method"	"response"	"SE"	"df"	"asymp.LCL"	"asymp.UCL"
"seurat"	0.0925319623106815	0.0116516438567948	Inf	0.0720867027297019	0.118038272782649
"scvi"	0.669581056249961	0.0297488485295454	Inf	0.608913785981789	0.72508621874246
