"subsample_ref"	"response"	"SE"	"df"	"asymp.LCL"	"asymp.UCL"
"500"	0.134038630268804	0.0100149378989669	Inf	0.11559507194914	0.154909477884436
"100"	0.144307742718406	0.0101567295399446	Inf	0.125518969484079	0.165377104722332
"50"	0.137674012879474	0.0100621450758555	Inf	0.119112431970397	0.158607284826271
