"contrast"	"odds.ratio"	"SE"	"df"	"null"	"z.ratio"	"p.value"
"seurat / scvi"	0.17862973435357	0.0121663148359168	Inf	1	-25.2894182468052	4.17629942284858e-141
