"method"	"response"	"SE"	"df"	"asymp.LCL"	"asymp.UCL"
"seurat"	0.509836526151114	0.0527524034072712	Inf	0.40748303941164	0.611371887604159
"scvi"	0.853433868513801	0.0263896999001194	Inf	0.793849589621195	0.8980089235014
