"subsample_ref"	"response"	"SE"	"df"	"asymp.LCL"	"asymp.UCL"
"500"	0.619543338073932	0.0488776447563693	Inf	0.520284956760557	0.709722436126946
"100"	0.562478129512759	0.0509614153310228	Inf	0.461416401131312	0.658607058738344
"50"	0.516914512497288	0.0517896065820055	Inf	0.416099940559923	0.616370764223533
