"contrast"	"odds.ratio"	"SE"	"df"	"null"	"z.ratio"	"p.value"
"seurat / scvi"	0.505178271777312	0.0321863907095224	Inf	1	-10.7175080204548	8.42424909988117e-27
