"method"	"response"	"SE"	"df"	"asymp.LCL"	"asymp.UCL"
"seurat"	0.65609817350651	0.03705550862919	Inf	0.580316201003681	0.724688125607185
"scvi"	0.790641757355738	0.0271107063236252	Inf	0.732586974636847	0.838865168206181
