"contrast"	"odds.ratio"	"SE"	"df"	"null"	"z.ratio"	"p.value"
"subsample_ref500 / subsample_ref100"	1.35669131626682	0.0429946022064869	Inf	1	9.62579359043908	2.20934381900406e-14
"subsample_ref500 / subsample_ref50"	1.35588198850772	0.0431550486829193	Inf	1	9.56553655027951	2.33146835171283e-14
"subsample_ref100 / subsample_ref50"	0.999403454750983	0.0312265572862825	Inf	1	-0.0190980797223308	0.999798930518322
