"subsample_ref"	"response"	"SE"	"df"	"asymp.LCL"	"asymp.UCL"
"500"	0.843292253779616	0.0211663178051878	Inf	0.79721963594912	0.880466500895626
"100"	0.798650643964127	0.0257158662059148	Inf	0.743540211957836	0.844396789648384
"50"	0.798746584612778	0.0257118986426143	Inf	0.743641901516413	0.844483501100345
