"method"	"cutoff"	"response"	"SE"	"df"	"asymp.LCL"	"asymp.UCL"
"seurat"	0	0.828494698682511	0.0399915595142035	Inf	0.73562747322933	0.893464455861601
"scvi"	0	0.803806229278344	0.0443828700372142	Inf	0.702378960133654	0.876733974406137
