"method"	"cutoff"	"response"	"SE"	"df"	"asymp.LCL"	"asymp.UCL"
"seurat"	0	0.82429978433524	0.0407512635575151	Inf	0.729931017436429	0.890634388188022
"scvi"	0	0.799153840839174	0.0451606625923766	Inf	0.696260543216974	0.873523091232492
