"contrast"	"odds.ratio"	"SE"	"df"	"null"	"z.ratio"	"p.value"
"seurat cutoff0 / scvi cutoff0"	1.14142460182468	0.015563531657249	Inf	1	9.70116405142321	2.98078219872115e-22
