"method"	"cutoff"	"response"	"SE"	"df"	"asymp.LCL"	"asymp.UCL"
"seurat"	0	0.825872407491613	0.0407596477144103	Inf	0.731281516282065	0.89208039896169
"scvi"	0	0.806023336896564	0.0443127512097489	Inf	0.704512681565204	0.878667224815077
