"contrast"	"odds.ratio"	"SE"	"df"	"null"	"z.ratio"	"p.value"
"female / male"	0.958093068079678	0.0272801864585773	Inf	1	-1.50352002723921	0.289229610895787
"female / None"	0.539309276113565	0.330289308676676	Inf	1	-1.00822271261898	0.571640866090151
"male / None"	0.562898630708718	0.34447047842893	Inf	1	-0.939043946160139	0.615532374123191
