"sex"	"response"	"SE"	"df"	"asymp.LCL"	"asymp.UCL"
"female"	0.780958257632945	0.0578977882513095	Inf	0.64745935572702	0.873760858896729
"male"	0.786963248908602	0.0566005155692304	Inf	0.655887209466846	0.87744069810981
"None"	0.869161358182346	0.0586494569938808	Inf	0.707389637555007	0.948062936079766
