"sex"	"response"	"SE"	"df"	"asymp.LCL"	"asymp.UCL"
"female"	0.7811761675565	0.0574527029763414	Inf	0.648805393914775	0.873390486193995
"male"	0.788406036540798	0.0559252657371629	Inf	0.658875534027187	0.877868758564215
"None"	0.868755505423247	0.0583916230375567	Inf	0.708118320735778	0.947535958288725
