"sex"	"response"	"SE"	"df"	"asymp.LCL"	"asymp.UCL"
"female"	0.776136601441318	0.0583858472981855	Inf	0.642142010322757	0.870107745116439
"male"	0.783486826855341	0.0568577809314725	Inf	0.6523008990484	0.874685433617854
"None"	0.865385341757609	0.059653924321425	Inf	0.702054781237334	0.946059065152699
