"contrast"	"odds.ratio"	"SE"	"df"	"null"	"z.ratio"	"p.value"
"subsample_ref500 / subsample_ref100"	0.992473719529629	0.0111265874921715	Inf	1	-0.673871185029112	0.77870666886687
"subsample_ref500 / subsample_ref50"	1.09996499480459	0.0121969855229011	Inf	1	8.59252120928451	2.66453525910038e-14
"subsample_ref100 / subsample_ref50"	1.10830641976686	0.0121854969833354	Inf	1	9.3529699707308	2.94209101525666e-14
