"treatment_state"	"response"	"SE"	"df"	"asymp.LCL"	"asymp.UCL"
"No treatment"	0.811648269086442	0.0430298257480028	Inf	0.712812869284829	0.882095672279876
"treatment"	0.81245067574822	0.0429125442751365	Inf	0.713825704990488	0.882672895944794
