"treatment_state"	"response"	"SE"	"df"	"asymp.LCL"	"asymp.UCL"
"No treatment"	0.815712986751005	0.0426214524095128	Inf	0.717453148024635	0.885266132783979
"treatment"	0.81659682866608	0.0424860720820751	Inf	0.718584644237973	0.885893598755902
