"contrast"	"odds.ratio"	"SE"	"df"	"null"	"z.ratio"	"p.value"
"No treatment / treatment"	0.994756419909884	0.024179049156645	Inf	1	-0.216295041138091	0.82875777418414
