"contrast"	"odds.ratio"	"SE"	"df"	"null"	"z.ratio"	"p.value"
"No treatment / treatment"	0.994126835390546	0.02416182177281	Inf	1	-0.242361017677484	0.808500437421095
