"contrast"	"odds.ratio"	"SE"	"df"	"null"	"z.ratio"	"p.value"
"seurat / scvi"	0.815217839457961	0.0359402543904119	Inf	1	-4.63404995696978	3.58580401298621e-06
