"contrast"	"odds.ratio"	"SE"	"df"	"null"	"z.ratio"	"p.value"
"seurat / scvi"	0.714438083481761	0.111802246822593	Inf	1	-2.14875998700933	0.0316534307528187
