"method"	"response"	"SE"	"df"	"asymp.LCL"	"asymp.UCL"
"seurat"	0.220272051438398	0.086774320046571	Inf	0.0949780516441842	0.431962164991382
"scvi"	0.283366639491451	0.10260506933814	Inf	0.128069932503077	0.515616732642013
