"subsample_ref"	"response"	"SE"	"df"	"asymp.LCL"	"asymp.UCL"
"500"	0.182281222097074	0.0741562329766161	Inf	0.0775529269951356	0.371481532199869
"100"	0.193029244345871	0.0774745759090344	Inf	0.0827717046706361	0.388025079843406
"50"	0.208204667022013	0.0819649510872676	Inf	0.0902766868037286	0.41064454912299
