"contrast"	"odds.ratio"	"SE"	"df"	"null"	"z.ratio"	"p.value"
"subsample_ref500 / subsample_ref100"	0.931907155717186	0.0692804005559527	Inf	1	-0.94860938349044	0.609457658975462
"subsample_ref500 / subsample_ref50"	0.84773563257025	0.0632616210648501	Inf	1	-2.21357647494958	0.0688898477529163
"subsample_ref100 / subsample_ref50"	0.909678209218	0.0673468031116271	Inf	1	-1.27866654262514	0.407234774671124
