"method"	"response"	"SE"	"df"	"asymp.LCL"	"asymp.UCL"
"seurat"	0.216254861489823	0.0736911745321057	Inf	0.105289211096186	0.392822585600656
"scvi"	0.309924437275067	0.0925395427181984	Inf	0.161308326864033	0.511892848129705
