"contrast"	"odds.ratio"	"SE"	"df"	"null"	"z.ratio"	"p.value"
"seurat / scvi"	0.614372610821373	0.0875576658524654	Inf	1	-3.41824868701403	0.000630254916946406
