"subsample_ref"	"response"	"SE"	"df"	"asymp.LCL"	"asymp.UCL"
"500"	0.16952852403321	0.0600306870471041	Inf	0.0813100453921975	0.320110148958377
"100"	0.156422936757463	0.0562870419540462	Inf	0.0743896876122458	0.299634365855574
"50"	0.169046611787804	0.0599336575720792	Inf	0.0810140332374864	0.319482732619008
