"contrast"	"odds.ratio"	"SE"	"df"	"null"	"z.ratio"	"p.value"
"subsample_ref500 / subsample_ref100"	1.10088609944142	0.0760327936587145	Inf	1	1.39166408640577	0.345241655358614
"subsample_ref500 / subsample_ref50"	1.00343270727841	0.0704278518386255	Inf	1	0.0488243244437618	0.998686603979351
"subsample_ref100 / subsample_ref50"	0.911477316125203	0.0635671312542365	Inf	1	-1.32904425144223	0.378973163607144
