"method"	"response"	"SE"	"df"	"asymp.LCL"	"asymp.UCL"
"seurat"	0.901484380778157	0.0176174310571385	Inf	0.861168187896278	0.93103056108989
"scvi"	0.87048174865831	0.0221387169108446	Inf	0.82059129112812	0.908053072758732
