"method"	"response"	"SE"	"df"	"asymp.LCL"	"asymp.UCL"
"seurat"	0.273431052854797	0.022611787224733	Inf	0.231410702106443	0.319905726961172
"scvi"	0.434103722329112	0.0256203369523926	Inf	0.38472571278723	0.484825386348859
