"contrast"	"odds.ratio"	"SE"	"df"	"null"	"z.ratio"	"p.value"
"seurat / scvi"	0.490585072719998	0.0761290610526941	Inf	1	-4.58922492818186	4.44894835993527e-06
