"contrast"	"odds.ratio"	"SE"	"df"	"null"	"z.ratio"	"p.value"
"subsample_ref500 / subsample_ref100"	1.83081899712096	0.132902309699599	Inf	1	8.33102400734508	3.19744231092045e-14
"subsample_ref500 / subsample_ref50"	1.84272630173954	0.137735685537589	Inf	1	8.17768737875554	3.66373598126302e-14
"subsample_ref100 / subsample_ref50"	1.0065038131226	0.0721004889052821	Inf	1	0.0904975446259461	0.995494979858797
