"subsample_ref"	"response"	"SE"	"df"	"asymp.LCL"	"asymp.UCL"
"500"	0.735625151922764	0.0132715043548442	Inf	0.708808321997259	0.760805737351911
"100"	0.603145633289068	0.015047974704957	Inf	0.573310700014031	0.632232652366099
"50"	0.601592881971767	0.0157207680825686	Inf	0.570416492541436	0.631966510895053
