"sex"	"response"	"SE"	"df"	"asymp.LCL"	"asymp.UCL"
"female"	0.859497918984746	0.0399118087814572	Inf	0.761941708053789	0.921209693890095
"male"	0.872758820712639	0.0365075252973822	Inf	0.782661563731623	0.928899436121411
"None"	0.902605663376278	0.0433470691131281	Inf	0.779039032920404	0.9605685001833
