"contrast"	"odds.ratio"	"SE"	"df"	"null"	"z.ratio"	"p.value"
"subsample_ref500 / subsample_ref100"	1.01217455725496	0.0145932740223071	Inf	1	0.839315990646189	0.678540412485486
"subsample_ref500 / subsample_ref50"	1.04936259329404	0.015026147569911	Inf	1	3.36489175074225	0.0022097684895005
"subsample_ref100 / subsample_ref50"	1.03674073387098	0.0146524852216653	Inf	1	2.55298379141449	0.0287803418607587
