"contrast"	"odds.ratio"	"SE"	"df"	"null"	"z.ratio"	"p.value"
"No treatment / treatment"	1.39557302196998	0.0375972330614995	Inf	1	12.371963756019	3.7064726386109e-35
