"method"	"cutoff"	"response"	"SE"	"df"	"asymp.LCL"	"asymp.UCL"
"seurat"	0	0.94689706751813	0.0168630175251293	Inf	0.902354206267294	0.971756884675833
"scvi"	0	0.942971857187884	0.0180346764528726	Inf	0.895498976418696	0.96961054758595
