"subsample_ref"	"response"	"SE"	"df"	"asymp.LCL"	"asymp.UCL"
"500"	0.945371103083723	0.0173186792111328	Inf	0.899687141619093	0.970922329359959
"100"	0.945152057460221	0.0173836759543338	Inf	0.899305856217694	0.970802125314344
"50"	0.944374390625563	0.017615373852615	Inf	0.897949272034095	0.970376449844156
