"contrast"	"odds.ratio"	"SE"	"df"	"null"	"z.ratio"	"p.value"
"subsample_ref500 / subsample_ref100"	1.00424238877692	0.0136412437528083	Inf	1	0.311655966750034	0.94786869956793
"subsample_ref500 / subsample_ref50"	1.01931982792608	0.0137510623126919	Inf	1	1.41845516821792	0.331315342707027
"subsample_ref100 / subsample_ref50"	1.01501374500585	0.0134128715244315	Inf	1	1.12771462819006	0.496936652856389
