"method"	"response"	"SE"	"df"	"asymp.LCL"	"asymp.UCL"
"seurat"	0.945769112784522	0.0153396945794811	Inf	0.906579268963657	0.969079597513471
"scvi"	0.932200041551135	0.0189037519246601	Inf	0.884399642808582	0.961104392061053
