"subsample_ref"	"response"	"SE"	"df"	"asymp.LCL"	"asymp.UCL"
"500"	0.941004006724769	0.0166029034474808	Inf	0.898741173873804	0.966289057023817
"100"	0.939342588432378	0.0170394253115649	Inf	0.896023973535213	0.965312417969444
"50"	0.937624925475442	0.0174891143319761	Inf	0.893221586590546	0.964301302785226
