"1"	"response"	"SE"	"df"	"asymp.LCL"	"asymp.UCL"
"overall"	0.939338509958494	0.0170322325003963	Inf	0.896043787334522	0.965300500688165
