"method"	"response"	"SE"	"df"	"asymp.LCL"	"asymp.UCL"
"seurat"	0.78947087754035	0.00378338277546778	Inf	0.781959826293956	0.796790427505552
"scvi"	0.843753824817424	0.00318151046604446	Inf	0.837416316465126	0.849888579767804
