"contrast"	"odds.ratio"	"SE"	"df"	"null"	"z.ratio"	"p.value"
"seurat / scvi"	0.694412570902223	0.0220080668323038	Inf	1	-11.5069004792098	1.21776888521008e-30
