"contrast"	"odds.ratio"	"SE"	"df"	"null"	"z.ratio"	"p.value"
"subsample_ref500 / subsample_ref100"	1.12577842183736	0.0194058259923304	Inf	1	6.87300252693971	1.88823401359173e-11
"subsample_ref500 / subsample_ref50"	1.34102110182417	0.0231944131506597	Inf	1	16.9651896947945	0
"subsample_ref100 / subsample_ref50"	1.19119453332168	0.0203645053531681	Inf	1	10.2338533417594	2.53130849614536e-14
