"subsample_ref"	"response"	"SE"	"df"	"asymp.LCL"	"asymp.UCL"
"500"	0.810405233132154	0.0024469684958113	Inf	0.805562737455007	0.81515479930262
"100"	0.791529679817211	0.00256465385710971	Inf	0.786458406219522	0.796511680006731
"50"	0.761189880078389	0.00281054206944566	Inf	0.755637799206882	0.766654768734885
