name	mean duration (hours)	std duration (hours)	mean realtime (hours)	std realtime (hours)	mean %cpu	std %cpu	mean peak virtual memory (GB)	std peak virtual memory (GB)
SCVI Random Forest	0.03188931202708085	0.01201903047271242	0.0029402130625248908	0.0009366472432707892	133.24193548387098	17.8919905799572	0.013188144041218637	0.0012993230135936716
SCVI pre-process query	0.03040442054958184	0.012086823283336974	0.003128136200716846	0.0009186586233847239	188.81397849462365	25.499589856792205	0.019701360887096772	0.0012872604613874804
Seurat TransferData	0.04194145758661887	0.016884293881146505	0.005104241338112306	0.0022760188204617154	269.50940860215053	57.488605296684035	0.01575083305331541	0.012419441989434376
Seurat pre-process query	0.05853942652329749	0.007199197848845856	0.005692054958183991	0.0016777986517217164	617.036559139785	165.02916561266446	0.02884429603494624	0.019426562351242634
Seurat pre-process reference	0.07328703703703704	0.05440395120637775	0.044319444444444446	0.045113498482041374	646.3333333333334	361.10890343544685	0.025642903645833336	0.014935628173770971
