name	mean duration (hours)	std duration (hours)	mean realtime (hours)	std realtime (hours)	mean %cpu	std %cpu	mean peak virtual memory (GB)	std peak virtual memory (GB)
SCVI Random Forest	0.04976719932297889	0.04728853024041305	0.003163157108721625	0.0012809066258547739	130.2527777777778	21.090905068041167	0.013187969030017921	0.0013218086131952572
SCVI pre-process query	0.12648297491039426	0.05120744040492536	0.0033452807646356035	0.0006861222781384052	195.247311827957	22.07699135367803	0.01980846774193548	0.0015370552006579645
Seurat TransferData	0.03790608821186778	0.026848473648842384	0.00502018618080446	0.002328625778210213	271.5363799283154	55.358978220015445	0.016124656978046596	0.013277302486909745
Seurat pre-process query	0.13801672640382318	0.028922685298048055	0.006181003584229391	0.0015921308895151082	599.1913978494623	155.49105937311896	0.027997941868279568	0.01961134747546305
Seurat pre-process reference	0.08844907407407408	0.07293168925356967	0.044430555555555556	0.043723871432816	609.8916666666667	280.79150222059474	0.033528645833333336	0.016996468160396065
