process	method	step	mean_duration	sd_duration	mean_realtime	sd_realtime	mean_memory	sd_memory	count
MAP_QUERY	scVI	Query Processing	0.025363526570048308	0.010175241668084646	0.003944847020933977	0.0010247741627662302	0.018975033967391305	0.002698361393542507	1656
PREDICT_SEURAT	Seurat	Prediction	0.027528280998389693	0.014833555549626573	0.005690787707997853	0.003371068397173184	0.019956550045289855	0.016227420838604727	6624
QUERY_PROCESS_SEURAT	Seurat	Query Processing	0.051328502415458936	0.0092729873760145	0.00886916264090177	0.007987760724575362	0.029500679347826086	0.01774767751864628	1656
REF_PROCESS_SEURAT	Seurat	Ref Processing	0.06743055555555555	0.04175629735825275	0.045752314814814815	0.03772518778158339	0.0357421875	0.014648560854743772	96
RF_PREDICT	scVI	Prediction	0.019089338432635532	0.00610933866312727	0.003355642780461621	0.0015388113867829277	0.013063528457125604	9.947993139074217e-4	6624
