key	method	n	mean	median	std	n_zero	pct_zero	n_one	pct_one	n_boundary	pct_boundary
subclass	scvi	166932	0.8292191138157227	0.8834365180414474	0.20089700938280464	4444	2.6621618383533416	12989	7.781012627896389	17433	10.443174466249731
subclass	seurat	167585	0.8469954383921322	0.8815956558061822	0.1759936625608255	4294	2.5622818271325	14232	8.492406838320852	18526	11.054688665453352
class	scvi	170162	0.8594640443386137	0.9228650137741048	0.19519954781108106	3688	2.1673464110671006	17949	10.548183495727601	21637	12.715529906794702
class	seurat	170745	0.8736419225849517	0.9172008547008548	0.17105851100126537	3570	2.090837213388386	20828	12.198307417493924	24398	14.28914463088231
family	scvi	153779	0.9084558880955872	0.993939393939394	0.20995174397402305	3688	2.3982468347433654	69065	44.9118540242816	72753	47.31010085902496
family	seurat	154454	0.9300819818964726	1.0	0.18167035262562553	3570	2.311367785877996	85044	55.06105377652894	88614	57.37242156240693
global	scvi	133485	0.9025320565513518	0.99625468164794	0.2290894627655727	3677	2.7546166235906657	65620	49.159081544742854	69297	51.91369816833352
global	seurat	134110	0.9485679513033032	1.0	0.19098143659261838	3502	2.611289240175975	83994	62.63067631049139	87496	65.24196555066736
