key	method	n	mean	median	std	n_zero	pct_zero	n_one	pct_one	n_boundary	pct_boundary
subclass	scvi	150745	0.8599157952009354	0.8940667175961294	0.14252774265917106	13	0.008623834953066437	12461	8.266277488473913	12474	8.27490132342698
subclass	seurat	151335	0.8788714417933494	0.8926699526967804	0.09964424222186233	0	0.0	13774	9.101661875970528	13774	9.101661875970528
class	scvi	153234	0.886147710630018	0.9292219620088472	0.13778235838480218	13	0.00848375686858008	17201	11.225315530495843	17214	11.233799287364423
class	seurat	153800	0.9016571332028973	0.9242424242424242	0.09640984921958651	0	0.0	20131	13.089076723016905	20131	13.089076723016905
family	scvi	140252	0.9383612881779466	0.994821370042609	0.14165899435873178	13	0.009269030031657303	64536	46.01431708638736	64549	46.02358611641902
family	seurat	140918	0.9613510157400599	1.0	0.08751669097078892	0	0.0	80133	56.864985310606166	80133	56.864985310606166
global	scvi	123770	0.9399680787482002	1.0	0.14184594941011894	12	0.009695402763189788	63323	51.16183243112224	63335	51.171527833885435
global	seurat	124392	0.9858736955850882	1.0	0.04389672519846049	0	0.0	81120	65.21319699016014	81120	65.21319699016014
