key	method	n	mean	median	std	n_zero	pct_zero	n_one	pct_one	n_boundary	pct_boundary
subclass	scvi	114122	0.8473649552736285	0.8913870924314232	0.16491845573128644	164	0.1437058586425054	9784	8.573281225355322	9948	8.716987083997827
subclass	seurat	114745	0.8745241005936623	0.89364906946125	0.11310394943618457	18	0.01568695803738725	10884	9.485380626606824	10902	9.501067584644211
class	scvi	114122	0.8724206102355377	0.9266233766233768	0.16257037180168926	164	0.1437058586425054	13293	11.648060847163562	13457	11.791766705806067
class	seurat	114745	0.8961446778333617	0.9242424242424242	0.11090097423674031	18	0.01568695803738725	15361	13.38707568957253	15379	13.402762647609917
family	scvi	114122	0.9234874526180948	0.993950235810701	0.1665461511015498	164	0.1437058586425054	50895	44.597010217136045	51059	44.74071607577855
family	seurat	114745	0.9538622059090385	1.0	0.10636056417322744	18	0.01568695803738725	62724	54.6638197742821	62742	54.67950673231949
global	scvi	114122	0.9320903068429295	1.0	0.155430761618456	157	0.13757207199313015	57144	50.07272918455688	57301	50.21030125655001
global	seurat	114745	0.9849745385568386	1.0	0.04539550610939638	8	0.006971981349949889	73373	63.94439844873415	73381	63.9513704300841
