"method"	"response"	"SE"	"df"	"asymp.LCL"	"asymp.UCL"
"seurat"	0.577975112877471	0.0356721207480232	Inf	0.506957332891367	0.64590836766919
"scvi"	0.212467937343546	0.0233107347298881	Inf	0.170347971650741	0.261717116810831
