"subsample_ref"	"response"	"SE"	"df"	"asymp.LCL"	"asymp.UCL"
"500"	0.492473443074495	0.0282726634377514	Inf	0.437377468984657	0.547752846151825
"100"	0.453433472849855	0.0275661298919312	Inf	0.400156543340893	0.507798853293635
"50"	0.427322535433776	0.0269808540040741	Inf	0.375457243629189	0.480836395670313
