"contrast"	"odds.ratio"	"SE"	"df"	"null"	"z.ratio"	"p.value"
"Control / Disease"	1.0837910563202	0.00523602883665634	Inf	1	16.6552540276405	2.77164863073694e-62
