"disease_state"	"response"	"SE"	"df"	"asymp.LCL"	"asymp.UCL"
"Control"	0.948256570481491	0.0133854294769366	Inf	0.914795088470322	0.969022127530796
"Disease"	0.944163022707835	0.0143810205720766	Inf	0.908313408229063	0.966512166940376
