"contrast"	"odds.ratio"	"SE"	"df"	"null"	"z.ratio"	"p.value"
"Control / Disease"	1.08430998562843	0.00523862508728158	Inf	1	16.754052474843	5.2896961969328e-63
