"disease_state"	"response"	"SE"	"df"	"asymp.LCL"	"asymp.UCL"
"Control"	0.947442869703569	0.0130966211515524	Inf	0.91500779007962	0.967933724738365
"Disease"	0.943263184789179	0.0140741647759382	Inf	0.908502687934359	0.965321985998471
