"method"	"response"	"SE"	"df"	"asymp.LCL"	"asymp.UCL"
"seurat"	0.930447955166019	0.0170195950920687	Inf	0.888759327385239	0.957264559960779
"scvi"	0.957270525473843	0.0107576791186619	Inf	0.930456692326159	0.97403425538494
