"method"	"response"	"SE"	"df"	"asymp.LCL"	"asymp.UCL"
"seurat"	0.931518611156737	0.0174019441408317	Inf	0.888507834816581	0.958708055473855
"scvi"	0.957949992573018	0.0109888235245066	Inf	0.930296991626632	0.974927992387476
