"contrast"	"odds.ratio"	"SE"	"df"	"null"	"z.ratio"	"p.value"
"seurat / scvi"	0.597093323660082	0.00304530087970637	Inf	1	-101.109941503822	0
