"region_match"	"response"	"SE"	"df"	"asymp.LCL"	"asymp.UCL"
"False"	0.939673733208286	0.0149071825210621	Inf	0.902941727171127	0.963072912196126
"True"	0.950594357579563	0.012353823820692	Inf	0.919935026952163	0.969897466017585
