"contrast"	"odds.ratio"	"SE"	"df"	"null"	"z.ratio"	"p.value"
"False / True"	0.80858438190065	0.00571870243937202	Inf	1	-30.0418000478133	2.79403639909209e-198
