"region_match"	"response"	"SE"	"df"	"asymp.LCL"	"asymp.UCL"
"False"	0.940579671966156	0.0152450264518297	Inf	0.902669091181107	0.964307873848831
"True"	0.951400885485344	0.0126155249626747	Inf	0.919795150882441	0.970945399514407
