"sex"	"response"	"SE"	"df"	"asymp.LCL"	"asymp.UCL"
"F"	0.946260788624004	0.0172607192132753	Inf	0.900527071800067	0.971630359240642
"female"	0.94978771627324	0.01619403848112	Inf	0.906738793610603	0.973545220375063
"M"	0.949015694188372	0.0164226671762742	Inf	0.90539509423843	0.973120732058445
"None"	0.939352863431756	0.02232690816967	Inf	0.877824019228332	0.970921706836489
