"contrast"	"odds.ratio"	"SE"	"df"	"null"	"z.ratio"	"p.value"
"F / female"	0.930899894035861	0.0108519682878025	Inf	1	-6.14227016016502	4.87822249262138e-09
"F / M"	0.945981560650024	0.0045926561785797	Inf	1	-11.4383566074502	0
"F / None"	1.1368445713038	0.589388182789603	Inf	1	0.247388250031543	0.994685043055914
"female / M"	1.01620116911688	0.0107701071081696	Inf	1	1.51639206906823	0.427568068726787
"female / None"	1.22123181943343	0.633239871042437	Inf	1	0.385439149181156	0.980540917172192
"M / None"	1.20176187210523	0.623030779895899	Inf	1	0.354509387708452	0.984730520562333
