"sex"	"response"	"SE"	"df"	"asymp.LCL"	"asymp.UCL"
"female"	0.947113974283416	0.0171117357327247	Inf	0.901651047489648	0.972208901052949
"male"	0.94923278893125	0.0164623704031985	Inf	0.905411291820073	0.973350025038654
"None"	0.939374474486026	0.0224639716552175	Inf	0.877330479463666	0.971072446620144
