"contrast"	"odds.ratio"	"SE"	"df"	"null"	"z.ratio"	"p.value"
"subsample_ref500 / subsample_ref100"	1.12315259707927	0.00441605897271622	Inf	1	29.5382009046646	0
"subsample_ref500 / subsample_ref50"	1.27679498103562	0.00496363440181892	Inf	1	62.8548922444458	0
"subsample_ref100 / subsample_ref50"	1.13679564500488	0.00427688933805749	Inf	1	34.0790932957847	0
