"subsample_ref"	"response"	"SE"	"df"	"asymp.LCL"	"asymp.UCL"
"500"	0.95203976325354	0.012455890451312	Inf	0.920821669758014	0.971332515885238
"100"	0.946451635900592	0.0138253928273328	Inf	0.911933160428041	0.967916334563991
"50"	0.939568832799204	0.015488839224216	Inf	0.901077672126191	0.963686473625589
