"1"	"response"	"SE"	"df"	"asymp.LCL"	"asymp.UCL"
"overall"	0.946246538687024	0.0138748961544099	Inf	0.911609573686743	0.967790120863313
