"label"	"response"	"SE"	"df"	"asymp.LCL"	"asymp.UCL"
"GABAergic"	0.941248996362485	0.0122057711237678	Inf	0.912239617702065	0.961078392911317
"Glutamatergic"	0.937292403887869	0.0129728803686157	Inf	0.906523762057314	0.958398021455685
"Non-neuron"	0.955993385232938	0.0092859374933113	Inf	0.933751443645631	0.97099985425119
