"method"	"response"	"SE"	"df"	"asymp.LCL"	"asymp.UCL"
"seurat"	0.127147084996203	0.0104528111564861	Inf	0.108030017296083	0.149081701057238
"scvi"	0.597548131667368	0.0227487812971413	Inf	0.552272106866272	0.641220051856387
