"method"	"response"	"SE"	"df"	"asymp.LCL"	"asymp.UCL"
"seurat"	0.575208529951121	0.102080075435856	Inf	0.373861809888736	0.754350863571551
"scvi"	0.715662767724946	0.0850075388152837	Inf	0.526045240370182	0.850918197797277
