"contrast"	"odds.ratio"	"SE"	"df"	"null"	"z.ratio"	"p.value"
"seurat / scvi"	0.754860803901754	0.0690502635924174	Inf	1	-3.07433147742794	0.00210974877325123
