"method"	"response"	"SE"	"df"	"asymp.LCL"	"asymp.UCL"
"seurat"	0.753165950065827	0.0298995937949409	Inf	0.690048603052453	0.807024711574468
"scvi"	0.801674215102591	0.0256476226027538	Inf	0.746611882977536	0.84721973762528
