"contrast"	"odds.ratio"	"SE"	"df"	"null"	"z.ratio"	"p.value"
"subsample_ref500 / subsample_ref100"	1.06579273671807	0.0438726219136989	Inf	1	1.54791558524202	0.268603070079276
"subsample_ref500 / subsample_ref50"	1.15061882371865	0.04759081499607	Inf	1	3.39207706225095	0.00200456194809573
"subsample_ref100 / subsample_ref50"	1.07958966511799	0.0449418391776582	Inf	1	1.83962403896248	0.156759075090894
