"subsample_ref"	"response"	"SE"	"df"	"asymp.LCL"	"asymp.UCL"
"500"	0.693384388669359	0.0320762345248191	Inf	0.627213608016725	0.75244547726159
"100"	0.679673284988338	0.032877741569934	Inf	0.612134788746561	0.740438114653546
"50"	0.662776012060586	0.0337446311914909	Inf	0.593818678361341	0.725439314465212
