"method"	"response"	"SE"	"df"	"asymp.LCL"	"asymp.UCL"
"seurat"	0.901437836671028	0.0264105019617101	Inf	0.83626449053272	0.942454663151743
"scvi"	0.892067521839624	0.0286242627791126	Inf	0.821911595544115	0.936714318002956
