"contrast"	"odds.ratio"	"SE"	"df"	"null"	"z.ratio"	"p.value"
"seurat / scvi"	1.10657276356687	0.0208149724227649	Inf	1	5.38362522304867	7.30004197844738e-08
