"contrast"	"odds.ratio"	"SE"	"df"	"null"	"z.ratio"	"p.value"
"female / male"	1.1755253911357	0.0485205759499498	Inf	1	3.91793186991454	0.000263271555157929
"female / None"	0.830339790413225	0.534017010853031	Inf	1	-0.289086302139043	0.954978055322439
"male / None"	0.706356320905172	0.453551615657437	Inf	1	-0.541403667367868	0.850862581569327
