"sex"	"response"	"SE"	"df"	"asymp.LCL"	"asymp.UCL"
"female"	0.896097983203825	0.0333430768939014	Inf	0.810414079407294	0.945653700554412
"male"	0.880048155882324	0.0376068404547854	Inf	0.784933435042903	0.936500688710888
"None"	0.912177889656306	0.0428087274436497	Inf	0.784681450340315	0.967323732787773
