"contrast"	"odds.ratio"	"SE"	"df"	"null"	"z.ratio"	"p.value"
"subsample_ref500 / subsample_ref100"	0.938584867148483	0.0142915810354873	Inf	1	-4.16254748400892	9.32860100657518e-05
"subsample_ref500 / subsample_ref50"	0.960673568746573	0.0144108297413323	Inf	1	-2.67457230848056	0.0204512170086233
"subsample_ref100 / subsample_ref50"	1.02353404830103	0.015248895096495	Inf	1	1.56134766997454	0.26254788380569
