"subsample_ref"	"response"	"SE"	"df"	"asymp.LCL"	"asymp.UCL"
"500"	0.893611055048594	0.0282594663969854	Inf	0.824273502343707	0.937658840368174
"100"	0.89948821315837	0.0268748788244262	Inf	0.833263515971896	0.941263765370222
"50"	0.897365540516851	0.0273770203907267	Inf	0.830008561504457	0.939963659909567
