"1"	"response"	"SE"	"df"	"asymp.LCL"	"asymp.UCL"
"overall"	0.896846802087446	0.0274878667441535	Inf	0.82924903092164	0.939631781727006
