"treatment_state"	"response"	"SE"	"df"	"asymp.LCL"	"asymp.UCL"
"no treatment"	0.911740789596847	0.023923482875755	Inf	0.852253110994345	0.948718028859717
"treatment"	0.879770849209224	0.0314832683802118	Inf	0.803274314283508	0.929145571827033
