"contrast"	"odds.ratio"	"SE"	"df"	"null"	"z.ratio"	"p.value"
"no treatment / treatment"	1.41172972381403	0.0405521948126623	Inf	1	12.0039515761453	3.38729173228318e-33
