"method"	"response"	"SE"	"df"	"asymp.LCL"	"asymp.UCL"
"seurat"	0.886229048354691	0.0179569515284304	Inf	0.84602069318661	0.916968328485496
"scvi"	0.915798820810048	0.0137428977382598	Inf	0.884656019500381	0.939111819559916
