"method"	"response"	"SE"	"df"	"asymp.LCL"	"asymp.UCL"
"seurat"	0.863311025085818	0.0236226132971646	Inf	0.810108524311647	0.903385311857827
"scvi"	0.905904280566425	0.0170720394536856	Inf	0.866699165306331	0.934450847303325
