"sex"	"response"	"SE"	"df"	"asymp.LCL"	"asymp.UCL"
"male"	0.788476458672003	0.0355647996199446	Inf	0.71050119065478	0.849886745842328
"None"	0.942237728046703	0.0183695562766118	Inf	0.893823286080877	0.969333571955952
