"contrast"	"odds.ratio"	"SE"	"df"	"null"	"z.ratio"	"p.value"
"subsample_ref500 / subsample_ref100"	1.00014588101269	0.013036190468651	Inf	1	0.0111912796267797	0.999930951358256
"subsample_ref500 / subsample_ref50"	1.10106015403928	0.0141944955249411	Inf	1	7.46788822621861	2.64122057558325e-13
"subsample_ref100 / subsample_ref50"	1.10089955369752	0.0140583470165716	Inf	1	7.52768840452716	1.7430501486615e-13
