"subsample_ref"	"response"	"SE"	"df"	"asymp.LCL"	"asymp.UCL"
"500"	0.886335459228428	0.0201352701979143	Inf	0.840522113083363	0.920236892392046
"100"	0.886320762702195	0.0201382509320846	Inf	0.840500704291563	0.920227200315617
"50"	0.876269786744681	0.0216702843837558	Inf	0.827188251221949	0.912879493594237
