"contrast"	"odds.ratio"	"SE"	"df"	"null"	"z.ratio"	"p.value"
"no treatment / treatment"	0.799654621753719	0.0201196816156483	Inf	1	-8.88597937184114	6.33601140376365e-19
