"contrast"	"odds.ratio"	"SE"	"df"	"null"	"z.ratio"	"p.value"
"subsample_ref500 / subsample_ref100"	1.00228761196133	0.0251854439797314	Inf	1	0.0909345316467123	0.995451467979411
"subsample_ref500 / subsample_ref50"	1.02752516702227	0.0259894373363668	Inf	1	1.07353443087624	0.530535634071537
"subsample_ref100 / subsample_ref50"	1.02517995309905	0.02589155405241	Inf	1	0.984658559329734	0.586571756531661
