"contrast"	"odds.ratio"	"SE"	"df"	"null"	"z.ratio"	"p.value"
"seurat / scvi"	0.792768610710427	0.0411879237111636	Inf	1	-4.46975214631415	7.83102912424435e-06
