"method"	"response"	"SE"	"df"	"asymp.LCL"	"asymp.UCL"
"seurat"	0.27415728385943	0.0546869296519122	Inf	0.1806041226664	0.392932323122055
"scvi"	0.32269644184734	0.0600398597336709	Inf	0.217581903200813	0.449423299398649
