"contrast"	"odds.ratio"	"SE"	"df"	"null"	"z.ratio"	"p.value"
"subsample_ref100 / subsample_ref50"	0.960367788271461	0.0167759131135043	Inf	1	-2.31500184895004	0.0206128308827617
