"disease_state"	"region_match"	"response"	"SE"	"df"	"asymp.LCL"	"asymp.UCL"
"control"	"False"	0.981741877418372	0.00709457311632747	Inf	0.961170438635753	0.991511067300901
"disease"	"False"	0.981441020371742	0.00720909397271516	Inf	0.960544936303453	0.991369612037176
