"contrast"	"odds.ratio"	"SE"	"df"	"null"	"z.ratio"	"p.value"
"control False / disease False"	1.01678958121421	0.00494059564588374	Inf	1	3.42666050807844	0.000611052507531128
