"method"	"region_match"	"response"	"SE"	"df"	"asymp.LCL"	"asymp.UCL"
"seurat"	"False"	0.980690591801848	0.00513124920144475	Inf	0.967597229617379	0.988555744467473
"scvi"	"False"	0.984966493722806	0.00401218176289323	Inf	0.974698439451862	0.991105521079515
