"contrast"	"odds.ratio"	"SE"	"df"	"null"	"z.ratio"	"p.value"
"False / True"	0.95010751195103	0.00966921549000066	Inf	1	-5.02901464200739	4.93006748077032e-07
