"region_match"	"response"	"SE"	"df"	"asymp.LCL"	"asymp.UCL"
"False"	0.975048587490808	0.0096279265118625	Inf	0.947345800351127	0.988355351226422
"True"	0.976263926787321	0.00917245819962747	Inf	0.949832717553307	0.988931821315757
