"sex"	"region_match"	"response"	"SE"	"df"	"asymp.LCL"	"asymp.UCL"
"female"	"False"	0.985345137733599	0.00382012893950293	Inf	0.975629539062283	0.991222334973148
"femaleemale"	"False"	0.975857259798473	0.0215791512811259	Inf	0.870360054754816	0.99590758489325
"male"	"False"	0.985598397581908	0.00375482325618116	Inf	0.976047433927407	0.991374618164291
"maleale"	"False"	0.977726696672026	0.0199462759640873	Inf	0.879389563703396	0.996230441023533
"None"	"False"	0.981415409885814	0.00964670338720516	Inf	0.949311567283775	0.99332896471849
