"subsample_ref"	"region_match"	"response"	"SE"	"df"	"asymp.LCL"	"asymp.UCL"
"500"	"False"	0.982959840127415	0.00453749937674782	Inf	0.971364189088817	0.989908782641807
"100"	"False"	0.981020764171128	0.00504374911346269	Inf	0.96814874873347	0.988751264953311
"50"	"False"	0.978854466299713	0.00560699013815557	Inf	0.964566448521066	0.987455993614538
