"1"	"response"	"SE"	"df"	"asymp.LCL"	"asymp.UCL"
"overall"	0.975663653450759	0.00939680288093672	Inf	0.948606609418075	0.988646483094345
