"subsample_ref"	"response"	"SE"	"df"	"asymp.LCL"	"asymp.UCL"
"500"	0.181962852177705	0.0833910473725638	Inf	0.0690657949991916	0.400092098287395
"100"	0.191749216540985	0.0868139112192622	Inf	0.0733338450837402	0.415615905419855
"50"	0.186656780187456	0.0850422846356133	Inf	0.0711082900996247	0.407580854514641
