"contrast"	"odds.ratio"	"SE"	"df"	"null"	"z.ratio"	"p.value"
"seurat / scvi"	0.775660882348538	0.0157363490020593	Inf	1	-12.5218869492809	5.66716231432372e-36
