"method"	"response"	"SE"	"df"	"asymp.LCL"	"asymp.UCL"
"seurat"	0.749082053332001	0.0447392461784186	Inf	0.65185356926631	0.826388981771883
"scvi"	0.793763568793525	0.0389709937001333	Inf	0.707065649004496	0.859886768974224
