"method"	"response"	"SE"	"df"	"asymp.LCL"	"asymp.UCL"
"seurat"	0.749099772393567	0.0447337590085418	Inf	0.65188297643419	0.826397441124559
"scvi"	0.793779549906047	0.038965810801495	Inf	0.707093178806568	0.859894278716392
