"method"	"response"	"SE"	"df"	"asymp.LCL"	"asymp.UCL"
"seurat"	0.749091808232821	0.0447379422146258	Inf	0.651865695815336	0.82639620747934
"scvi"	0.793773035369814	0.0389695421040356	Inf	0.707077942803387	0.859893552178688
