"method"	"response"	"SE"	"df"	"asymp.LCL"	"asymp.UCL"
"seurat"	0.749086965055509	0.0447345032573773	Inf	0.651869345326267	0.826386506514662
"scvi"	0.793766882358823	0.0389669072138107	Inf	0.707078825910023	0.859883981437953
