"contrast"	"odds.ratio"	"SE"	"df"	"null"	"z.ratio"	"p.value"
"seurat / scvi"	0.775656283666108	0.0157362585606937	Inf	1	-12.5221769112619	5.64649351580929e-36
