"contrast"	"odds.ratio"	"SE"	"df"	"null"	"z.ratio"	"p.value"
"seurat / scvi"	0.775665451571756	0.015736457536009	Inf	1	-12.521583988994	5.68883796329332e-36
