"sex"	"response"	"SE"	"df"	"asymp.LCL"	"asymp.UCL"
"female"	0.81945730938483	0.0446421596942604	Inf	0.715300245457049	0.891299375840389
"male"	0.812086861308565	0.045282629931158	Inf	0.707243379313982	0.885463909611254
"None"	0.665059792078919	0.0874203994175948	Inf	0.479196070356487	0.810784178518982
