"contrast"	"odds.ratio"	"SE"	"df"	"null"	"z.ratio"	"p.value"
"female / male"	1.05023666915113	0.0620723885541102	Inf	1	0.829320677444388	0.68479032790458
"female / None"	2.28646552591285	1.13151565238482	Inf	1	1.6711420811996	0.216332525515695
"male / None"	2.17709549958955	1.07078057614948	Inf	1	1.58180130931432	0.253494421891342
