"sex"	"response"	"SE"	"df"	"asymp.LCL"	"asymp.UCL"
"female"	0.8194765236077	0.0446383581087348	Inf	0.715326955970349	0.891311833637844
"male"	0.812111566518391	0.0452778896252064	Inf	0.707277336951527	0.885480114189888
"None"	0.665031460115005	0.0874237623010812	Inf	0.479165003870765	0.810764250814545
