"contrast"	"odds.ratio"	"SE"	"df"	"null"	"z.ratio"	"p.value"
"female / male"	1.05025883498485	0.0620737650443285	Inf	1	0.829676882454357	0.684567897050734
"female / None"	2.28592342816596	1.13114560159398	Inf	1	1.67081325990356	0.216462166894575
"male / None"	2.17653339540717	1.07040744321966	Inf	1	1.58141909802027	0.253661746623449
