"sex"	"response"	"SE"	"df"	"asymp.LCL"	"asymp.UCL"
"female"	0.819490483454612	0.0446325447686312	Inf	0.71535459460357	0.891316968364591
"male"	0.812125534365526	0.0452719935450614	Inf	0.707305088654424	0.885485086988865
"None"	0.665017502513032	0.0874191820526552	Inf	0.479163393767836	0.810746014030633
