"contrast"	"odds.ratio"	"SE"	"df"	"null"	"z.ratio"	"p.value"
"female / male"	1.0502703022507	0.0620743608189422	Inf	1	0.82986271351403	0.684451846551317
"female / None"	2.28587783397316	1.13122779266694	Inf	1	1.67061823677208	0.216539081785996
"male / None"	2.17646621929097	1.07047488189555	Inf	1	1.58120791230791	0.253754230001874
