"contrast"	"odds.ratio"	"SE"	"df"	"null"	"z.ratio"	"p.value"
"female / male"	1.05023963557726	0.0620725312503338	Inf	1	0.82936890312968	0.68476021489002
"female / None"	2.28682458262189	1.13161214790628	Inf	1	1.67157930666869	0.216160226232003
"male / None"	2.17743123107799	1.07086740736762	Inf	1	1.5822304977744	0.253306615800189
