"sex"	"response"	"SE"	"df"	"asymp.LCL"	"asymp.UCL"
"female"	0.819461184963773	0.0446373791718617	Inf	0.715316461414619	0.891296736890362
"male"	0.812092524965945	0.0452773340625596	Inf	0.707262357351312	0.885462141680833
"None"	0.665061184321551	0.0874120180992424	Inf	0.479215638496678	0.810774067160888
