"contrast"	"odds.ratio"	"SE"	"df"	"null"	"z.ratio"	"p.value"
"subsample_ref500 / subsample_ref100"	1.04695065433094	0.0177050644052836	Inf	1	2.71312092898975	0.0182936736942917
"subsample_ref500 / subsample_ref50"	1.06580240225948	0.0179530046637395	Inf	1	3.7832885336182	0.000454447378021361
"subsample_ref100 / subsample_ref50"	1.01800633855145	0.017007540316295	Inf	1	1.06820198377844	0.533870780050555
