"contrast"	"odds.ratio"	"SE"	"df"	"null"	"z.ratio"	"p.value"
"subsample_ref500 / subsample_ref100"	1.04694815100078	0.0177050102137332	Inf	1	2.71298135515129	0.0183011099500304
"subsample_ref500 / subsample_ref50"	1.06579888738155	0.0179529347369466	Inf	1	3.78309501011367	0.000454798218781249
"subsample_ref100 / subsample_ref50"	1.01800541541886	0.017007517939556	Inf	1	1.06814814266811	0.533904477162296
