"subsample_ref"	"response"	"SE"	"df"	"asymp.LCL"	"asymp.UCL"
"500"	0.778561305180465	0.0410330674955895	Inf	0.688007166703114	0.84861571043031
"100"	0.770549932298204	0.0420794559355899	Inf	0.678075829356899	0.842625585509602
"50"	0.7673800219522	0.0424851922154108	Inf	0.6741688344658	0.840244823484452
