"subsample_ref"	"response"	"SE"	"df"	"asymp.LCL"	"asymp.UCL"
"500"	0.778557486193735	0.0410373901012881	Inf	0.687993099163482	0.848618438112779
"100"	0.770545980886882	0.0420838784976596	Inf	0.678061480133647	0.842628375018641
"50"	0.767375548511375	0.0424897129870794	Inf	0.674153799322832	0.840247283280372
