"contrast"	"odds.ratio"	"SE"	"df"	"null"	"z.ratio"	"p.value"
"subsample_ref500 / subsample_ref100"	1.04695205035416	0.0177050818270182	Inf	1	2.71320072579322	0.0182894234505521
"subsample_ref500 / subsample_ref50"	1.06580336576932	0.0179530152305446	Inf	1	3.78334339546123	0.000454347964602531
"subsample_ref100 / subsample_ref50"	1.01800590142479	0.0170075261266381	Inf	1	1.06817671436755	0.533886595162458
