"contrast"	"odds.ratio"	"SE"	"df"	"null"	"z.ratio"	"p.value"
"subsample_ref500 / subsample_ref100"	1.04695184323068	0.0177050950476318	Inf	1	2.7131864645248	0.0182901829895229
"subsample_ref500 / subsample_ref50"	1.06580026565375	0.0179529836511001	Inf	1	3.78316636628106	0.000454668826898263
"subsample_ref100 / subsample_ref50"	1.01800314173468	0.0170075001092529	Inf	1	1.06801318981489	0.533988940992607
