"subsample_ref"	"response"	"SE"	"df"	"asymp.LCL"	"asymp.UCL"
"500"	0.778573572497043	0.0410321516450759	Inf	0.688020705775754	0.848625889523788
"100"	0.770563136138209	0.0420784843498442	Inf	0.678090367721589	0.842636560232727
"50"	0.767392954464187	0.0424842820943676	Inf	0.674182973955494	0.840255632926738
