"1"	"response"	"SE"	"df"	"asymp.LCL"	"asymp.UCL"
"overall"	0.772211063580366	0.0418309078358893	Inf	0.680210854086786	0.843820774003614
