"1"	"response"	"SE"	"df"	"asymp.LCL"	"asymp.UCL"
"overall"	0.772203836582712	0.0418348770754855	Inf	0.680194564405113	0.843819814008126
