"1"	"response"	"SE"	"df"	"asymp.LCL"	"asymp.UCL"
"overall"	0.772198264291333	0.0418318389691649	Inf	0.680196785700864	0.843810118574305
