"1"	"response"	"SE"	"df"	"asymp.LCL"	"asymp.UCL"
"overall"	0.772194185517222	0.0418362641772533	Inf	0.680182296244241	0.843812785399499
