"contrast"	"odds.ratio"	"SE"	"df"	"null"	"z.ratio"	"p.value"
"No treatment / treatment"	1.11294296734023	0.032536516744931	Inf	1	3.66030609035503	0.000251914135715296
