"contrast"	"odds.ratio"	"SE"	"df"	"null"	"z.ratio"	"p.value"
"No treatment / treatment"	1.11294112244806	0.0325364437988327	Inf	1	3.66025152681698	0.000251967787208871
