"treatment_state"	"response"	"SE"	"df"	"asymp.LCL"	"asymp.UCL"
"No treatment"	0.781484765379563	0.0406423829111324	Inf	0.691655113919205	0.850790088242418
"treatment"	0.762663317262501	0.0431732558245339	Inf	0.668155543866319	0.836828755955984
