"contrast"	"odds.ratio"	"SE"	"df"	"null"	"z.ratio"	"p.value"
"No treatment / treatment"	1.11294377924399	0.0325365200846428	Inf	1	3.66033333849797	0.000251887347043852
