"treatment_state"	"response"	"SE"	"df"	"asymp.LCL"	"asymp.UCL"
"No treatment"	0.781472753469003	0.0406432811884034	Inf	0.691641853114237	0.850780122503562
"treatment"	0.762649707816299	0.0431742240941946	Inf	0.66814064247004	0.836817399794091
