"contrast"	"odds.ratio"	"SE"	"df"	"null"	"z.ratio"	"p.value"
"subsample_ref500 / subsample_ref100"	1.37770965719135	0.0333422933266699	Inf	1	13.2399142959668	0
"subsample_ref500 / subsample_ref50"	1.30743857621078	0.031695171675481	Inf	1	11.0579927254006	1.59872115546023e-14
"subsample_ref100 / subsample_ref50"	0.948994274218974	0.0217707836000569	Inf	1	-2.28206006844722	0.0583254644355077
