"method"	"response"	"SE"	"df"	"asymp.LCL"	"asymp.UCL"
"seurat"	0.94653675084059	0.0167422961459939	Inf	0.902505127904028	0.971314430178832
"scvi"	0.943878522454829	0.0175256835786693	Inf	0.897892746248515	0.96984925223294
