"contrast"	"odds.ratio"	"SE"	"df"	"null"	"z.ratio"	"p.value"
"seurat / scvi"	1.05267697632435	0.0186197736311559	Inf	1	2.90232682029399	0.00370401892923673
