"contrast"	"odds.ratio"	"SE"	"df"	"null"	"z.ratio"	"p.value"
"seurat / scvi"	1.05267270368935	0.018619747402851	Inf	1	2.90208966106137	0.0037068242955173
