"method"	"response"	"SE"	"df"	"asymp.LCL"	"asymp.UCL"
"seurat"	0.946535319024163	0.0167405306047193	Inf	0.90251009656718	0.971311279927599
"scvi"	0.943877238677771	0.0175237696256604	Inf	0.897898295692807	0.969846064703767
