"contrast"	"odds.ratio"	"SE"	"df"	"null"	"z.ratio"	"p.value"
"seurat / scvi"	1.05267724539081	0.0186197809563537	Inf	1	2.90234087090437	0.00370385278457101
