"method"	"response"	"SE"	"df"	"asymp.LCL"	"asymp.UCL"
"seurat"	0.946536116223445	0.016742516571608	Inf	0.902503912282076	0.971314116285396
"scvi"	0.943877844615106	0.0175259170849934	Inf	0.897891456328114	0.969848915285755
