"sex"	"response"	"SE"	"df"	"asymp.LCL"	"asymp.UCL"
"female"	0.938286812047687	0.0228638946582126	Inf	0.875191075243676	0.970558252482557
"male"	0.939096440084511	0.0225366243937528	Inf	0.876892885196929	0.970912366158601
"None"	0.956360738263308	0.0251230631582153	Inf	0.870720263285826	0.98617034193659
