"sex"	"response"	"SE"	"df"	"asymp.LCL"	"asymp.UCL"
"female"	0.938287991305798	0.0228665127213851	Inf	0.875182110520223	0.970561761269906
"male"	0.939097825219705	0.0225391401044858	Inf	0.876884419494235	0.970915948539134
"None"	0.95636057982283	0.0251264882770682	Inf	0.870702188651111	0.986172427996389
