"contrast"	"odds.ratio"	"SE"	"df"	"null"	"z.ratio"	"p.value"
"female / male"	0.986029969212033	0.029655708500162	Inf	1	-0.467768028684427	0.886407102140673
"female / None"	0.693766438798149	0.499364414122888	Inf	1	-0.50795535631473	0.867468729583224
"male / None"	0.703595692281604	0.506124496527688	Inf	1	-0.488713832832253	0.876679510502672
