"contrast"	"odds.ratio"	"SE"	"df"	"null"	"z.ratio"	"p.value"
"female / male"	0.986026276243506	0.0296554928061414	Inf	1	-0.467894207728702	0.886349460558569
"female / None"	0.693781236394564	0.499440372712613	Inf	1	-0.507859306749341	0.867515343394748
"male / None"	0.703613334765969	0.506203459792811	Inf	1	-0.488614997265917	0.876726152863506
