"sex"	"response"	"SE"	"df"	"asymp.LCL"	"asymp.UCL"
"female"	0.938288672238814	0.0228662321962263	Inf	0.87518356082555	0.970562053929475
"male"	0.939098491658747	0.0225388648147655	Inf	0.876885842636921	0.970916234380683
"None"	0.956361188846612	0.0251261040204743	Inf	0.870704093706911	0.986172595225538
