"contrast"	"odds.ratio"	"SE"	"df"	"null"	"z.ratio"	"p.value"
"female / male"	0.98602617041761	0.0296554942335562	Inf	1	-0.467897703499129	0.886347863440124
"female / None"	0.693783201814027	0.499442775886016	Inf	1	-0.507854366560473	0.867517740747531
"male / None"	0.703615403554847	0.506205950474229	Inf	1	-0.488609942915051	0.876728537920293
