"subsample_ref"	"response"	"SE"	"df"	"asymp.LCL"	"asymp.UCL"
"500"	0.945838378717364	0.0169475000745933	Inf	0.901294905104049	0.970928720828836
"100"	0.945221080531459	0.0171290673855541	Inf	0.90022485248038	0.970588058815575
"50"	0.944602448347195	0.0173110207368486	Inf	0.899152799578757	0.970246720218547
