"contrast"	"odds.ratio"	"SE"	"df"	"null"	"z.ratio"	"p.value"
"subsample_ref500 / subsample_ref100"	1.0120613983777	0.0136641393362226	Inf	1	0.88800663197155	0.647888806470851
"subsample_ref500 / subsample_ref50"	1.02416003167019	0.0137685289760619	Inf	1	1.77575708113014	0.177747690709447
"subsample_ref100 / subsample_ref50"	1.01195444595742	0.0133147525560013	Inf	1	0.903179931670932	0.638285064378919
