"contrast"	"odds.ratio"	"SE"	"df"	"null"	"z.ratio"	"p.value"
"subsample_ref500 / subsample_ref100"	1.01205795344891	0.013664043943673	Inf	1	0.887757692799793	0.648046210005218
"subsample_ref500 / subsample_ref50"	1.02415727770197	0.0137684405999295	Inf	1	1.77556368414533	0.177814166363848
"subsample_ref100 / subsample_ref50"	1.01195516937723	0.0133147213442683	Inf	1	0.903237026871422	0.638248893952059
