"subsample_ref"	"response"	"SE"	"df"	"asymp.LCL"	"asymp.UCL"
"500"	0.945837726545309	0.0169477257624543	Inf	0.901293659188861	0.970928397455807
"100"	0.945220416162017	0.0171292967527797	Inf	0.900223585543306	0.970587728903515
"50"	0.944601797197694	0.017311246301129	Inf	0.89915155569561	0.970246397786358
