"subsample_ref"	"response"	"SE"	"df"	"asymp.LCL"	"asymp.UCL"
"500"	0.945837134086003	0.0169456515167251	Inf	0.901300284932417	0.970925642166843
"100"	0.945219641090495	0.0171272518328043	Inf	0.90022996966534	0.970584845054552
"50"	0.944601051295665	0.0173091682970159	Inf	0.899158065611484	0.970243502114714
