"contrast"	"odds.ratio"	"SE"	"df"	"null"	"z.ratio"	"p.value"
"subsample_ref500 / subsample_ref100"	1.01205785191126	0.0136640410571899	Inf	1	0.887750360257136	0.6480508462661
"subsample_ref500 / subsample_ref50"	1.02415757191928	0.0137684420454214	Inf	1	1.77558537678007	0.177806709146324
"subsample_ref100 / subsample_ref50"	1.01195556161653	0.0133147243488922	Inf	1	0.903266632213015	0.638230138560935
