"1"	"response"	"SE"	"df"	"asymp.LCL"	"asymp.UCL"
"overall"	0.94522146513844	0.0171221353801125	Inf	0.900248700668518	0.970580901756499
