"contrast"	"odds.ratio"	"SE"	"df"	"null"	"z.ratio"	"p.value"
"No treatment / treatment"	1.01980771201441	0.0300003218711476	Inf	1	0.666746252293192	0.504934229503448
