"treatment_state"	"response"	"SE"	"df"	"asymp.LCL"	"asymp.UCL"
"No treatment"	0.94572673103962	0.0169848413540901	Inf	0.901086026912415	0.97087196412999
"treatment"	0.944711770374069	0.0172945132206371	Inf	0.89928906422159	0.970323946525311
