"contrast"	"odds.ratio"	"SE"	"df"	"null"	"z.ratio"	"p.value"
"No treatment / treatment"	1.01979538280996	0.029999969164557	Inf	1	0.666335058861332	0.505196961414212
