"contrast"	"odds.ratio"	"SE"	"df"	"null"	"z.ratio"	"p.value"
"No treatment / treatment"	1.01980776861186	0.0300003204380133	Inf	1	0.666748207708808	0.504932980263311
