"treatment_state"	"response"	"SE"	"df"	"asymp.LCL"	"asymp.UCL"
"No treatment"	0.945728390793161	0.0169865711500355	Inf	0.901081355118934	0.970875275153382
"treatment"	0.944712825000029	0.0172964590547851	Inf	0.899283224116887	0.970326965987853
