"contrast"	"odds.ratio"	"SE"	"df"	"null"	"z.ratio"	"p.value"
"seurat / scvi"	0.929736152981135	0.0187052595102962	Inf	1	-3.62119575651559	0.000293244518460834
