"contrast"	"odds.ratio"	"SE"	"df"	"null"	"z.ratio"	"p.value"
"seurat / scvi"	0.929735943086747	0.0187052540232328	Inf	1	-3.62120722240405	0.000293231520529459
