"method"	"response"	"SE"	"df"	"asymp.LCL"	"asymp.UCL"
"seurat"	0.900362746851445	0.0349368721774128	Inf	0.808139454737351	0.950947017964824
"scvi"	0.906710533645735	0.0329421519407477	Inf	0.819181196539393	0.954236392235071
