"method"	"response"	"SE"	"df"	"asymp.LCL"	"asymp.UCL"
"seurat"	0.900350990254157	0.0349380726196746	Inf	0.808127487506073	0.950938391867145
"scvi"	0.906699256697311	0.0329433992111798	Inf	0.819169428898284	0.95422821753656
