"method"	"response"	"SE"	"df"	"asymp.LCL"	"asymp.UCL"
"seurat"	0.900363042106416	0.0349368855956688	Inf	0.80813960769397	0.950947278997998
"scvi"	0.906710831135262	0.0329421571704416	Inf	0.819181376086469	0.954236646469742
