"contrast"	"odds.ratio"	"SE"	"df"	"null"	"z.ratio"	"p.value"
"seurat / scvi"	0.929738260233248	0.0187052831806227	Inf	1	-3.62108672599753	0.000293368144329065
