"contrast"	"odds.ratio"	"SE"	"df"	"null"	"z.ratio"	"p.value"
"female / male"	0.964140561039991	0.0411112331523096	Inf	1	-0.856424399736106	0.66780562847012
"female / None"	1.07585910190366	0.86234549649461	Inf	1	0.0912236307026081	0.995422567527999
"male / None"	1.11587370698642	0.893404914279813	Inf	1	0.13693882313414	0.989715013100415
