"sex"	"response"	"SE"	"df"	"asymp.LCL"	"asymp.UCL"
"female"	0.904646628474524	0.0424270546145514	Inf	0.783462102557257	0.961355964493041
"male"	0.907750611433403	0.0410627372706834	Inf	0.790075383045294	0.962585630779066
"None"	0.898132802775942	0.057923797348065	Inf	0.718243773994601	0.968247896049311
