"contrast"	"odds.ratio"	"SE"	"df"	"null"	"z.ratio"	"p.value"
"female / male"	0.964139111927115	0.0411112409695132	Inf	1	-0.856458198228646	0.667784378962023
"female / None"	1.07604007603188	0.862551396626525	Inf	1	0.0914270262691097	0.995402180158079
"male / None"	1.11606308956919	0.893619611967693	Inf	1	0.137141103467613	0.989684764122549
