"subsample_ref"	"response"	"SE"	"df"	"asymp.LCL"	"asymp.UCL"
"500"	0.906342127133238	0.0330571574157224	Inf	0.818541959812449	0.954044488472151
"100"	0.905341976517261	0.0333729659178696	Inf	0.81679487544494	0.953527283361638
"50"	0.898918589628612	0.0353840960561462	Inf	0.805654929383366	0.950193125946959
