"subsample_ref"	"response"	"SE"	"df"	"asymp.LCL"	"asymp.UCL"
"500"	0.906341847820826	0.0330571459883369	Inf	0.818541813428511	0.954044243152367
"100"	0.905341692060775	0.0333729549396301	Inf	0.816794723654916	0.953527034134981
"50"	0.898918262280894	0.0353840909013092	Inf	0.805654726207233	0.95019284636276
