"contrast"	"odds.ratio"	"SE"	"df"	"null"	"z.ratio"	"p.value"
"subsample_ref500 / subsample_ref100"	1.01179531476278	0.0161195212384607	Inf	1	0.736039700037515	0.742045132249658
"subsample_ref500 / subsample_ref50"	1.08817549947326	0.01723999340536	Inf	1	5.33373086566258	2.88202213871713e-07
"subsample_ref100 / subsample_ref50"	1.07548975923889	0.0168269452969053	Inf	1	4.6514682442879	9.83456596470589e-06
