"contrast"	"odds.ratio"	"SE"	"df"	"null"	"z.ratio"	"p.value"
"subsample_ref500 / subsample_ref100"	1.01179528556676	0.016119519278544	Inf	1	0.736037957069803	0.742046179561305
"subsample_ref500 / subsample_ref50"	1.08817515977307	0.017239987201092	Inf	1	5.33371141589558	2.88233084511091e-07
"subsample_ref100 / subsample_ref50"	1.07548945453282	0.0168269398219539	Inf	1	4.65145033165455	9.835418771309e-06
