"contrast"	"odds.ratio"	"SE"	"df"	"null"	"z.ratio"	"p.value"
"subsample_ref500 / subsample_ref100"	1.01179196089777	0.0161194374074279	Inf	1	0.735833025027812	0.742169311889678
"subsample_ref500 / subsample_ref50"	1.08816929603058	0.0172398695006633	Inf	1	5.33337896295619	2.88761245470504e-07
"subsample_ref100 / subsample_ref50"	1.07548719310345	0.0168268894122046	Inf	1	4.65132009213338	9.84162150619028e-06
