"1"	"response"	"SE"	"df"	"asymp.LCL"	"asymp.UCL"
"overall"	0.903571779791184	0.0339186797291341	Inf	0.813750136786915	0.952598925746381
