"1"	"response"	"SE"	"df"	"asymp.LCL"	"asymp.UCL"
"overall"	0.903583295821266	0.0339174563241104	Inf	0.813762002883074	0.952607326496677
