"1"	"response"	"SE"	"df"	"asymp.LCL"	"asymp.UCL"
"overall"	0.903583592388764	0.0339174656131726	Inf	0.813762169367246	0.952607584269727
