"treatment_state"	"response"	"SE"	"df"	"asymp.LCL"	"asymp.UCL"
"No treatment"	0.901384812403011	0.0346219874705435	Inf	0.809893408413967	0.951482476912957
"treatment"	0.905738473904297	0.033268404493534	Inf	0.817416676699475	0.95375319918719
