"treatment_state"	"response"	"SE"	"df"	"asymp.LCL"	"asymp.UCL"
"No treatment"	0.901384507618067	0.0346219781362823	Inf	0.809893235706486	0.951482212126128
"treatment"	0.905738185379223	0.0332683954960868	Inf	0.817416515740641	0.953752948634397
