"contrast"	"odds.ratio"	"SE"	"df"	"null"	"z.ratio"	"p.value"
"No treatment / treatment"	0.951257426386206	0.027181025204907	Inf	1	-1.74882546420974	0.0803211937108587
