"contrast"	"odds.ratio"	"SE"	"df"	"null"	"z.ratio"	"p.value"
"No treatment / treatment"	0.951257473308634	0.0271810257330805	Inf	1	-1.74882379019742	0.0803214831640136
