"treatment_state"	"response"	"SE"	"df"	"asymp.LCL"	"asymp.UCL"
"No treatment"	0.901373032918534	0.0346231183590786	Inf	0.809881669356787	0.951473761518861
"treatment"	0.905726635469426	0.0332697066543058	Inf	0.817404345788601	0.953744611068209
