"contrast"	"odds.ratio"	"SE"	"df"	"null"	"z.ratio"	"p.value"
"No treatment / treatment"	0.951263317762405	0.0271811904324757	Inf	1	-1.74860891912312	0.0803586435165398
