"method"	"response"	"SE"	"df"	"asymp.LCL"	"asymp.UCL"
"seurat"	0.45691825052236	0.0168221655728438	Inf	0.424182943353994	0.490029929631068
"scvi"	0.501555329299066	0.018711481385458	Inf	0.464938787113474	0.538155196195302
