"contrast"	"odds.ratio"	"SE"	"df"	"null"	"z.ratio"	"p.value"
"seurat / scvi"	1.26840728239934	0.0262862021906418	Inf	1	11.4729034085416	1.80499723694722e-30
