"sex"	"response"	"SE"	"df"	"asymp.LCL"	"asymp.UCL"
"female"	0.933999731402239	0.0232139067329561	Inf	0.871214120173276	0.967324172105939
"male"	0.94189573609672	0.0204342126478193	Inf	0.886336151212518	0.971180502369441
"None"	0.941812062573581	0.0270670859974871	Inf	0.860096263273103	0.977071196805803
