"contrast"	"odds.ratio"	"SE"	"df"	"null"	"z.ratio"	"p.value"
"female / male"	0.872983873583892	0.0463124240747411	Inf	1	-2.56053438476563	0.0281886463151424
"female / None"	0.874318691492213	0.542844930344819	Inf	1	-0.216323353320225	0.974532584964285
"male / None"	1.00152902928532	0.61988186025532	Inf	1	0.00246853110789086	0.999996640402662
