"contrast"	"odds.ratio"	"SE"	"df"	"null"	"z.ratio"	"p.value"
"subsample_ref500 / subsample_ref100"	1.02998005721054	0.0168396641464107	Inf	1	1.80674827971052	0.167324052990285
"subsample_ref500 / subsample_ref50"	1.06108674339749	0.0172122016157305	Inf	1	3.65529452043265	0.000750983654826731
"subsample_ref100 / subsample_ref50"	1.03020125095547	0.0164340759096016	Inf	1	1.86519679171025	0.148886399835787
