"treatment_state"	"response"	"SE"	"df"	"asymp.LCL"	"asymp.UCL"
"No treatment"	0.943694938395131	0.0158886860253157	Inf	0.90316863916225	0.967863501813238
"treatment"	0.9346683513543	0.0182780867575459	Inf	0.888354287395854	0.96257922334323
