"contrast"	"odds.ratio"	"SE"	"df"	"null"	"z.ratio"	"p.value"
"No treatment / treatment"	1.17152151299011	0.0298074105222223	Inf	1	6.22180081999744	4.91480731825197e-10
