"method"	"response"	"SE"	"df"	"asymp.LCL"	"asymp.UCL"
"seurat"	0.841936292223626	0.0343712885923632	Inf	0.762510722873975	0.898340325608275
"scvi"	0.904403089269638	0.0223442371749688	Inf	0.850763472591499	0.940120150051997
