"contrast"	"odds.ratio"	"SE"	"df"	"null"	"z.ratio"	"p.value"
"seurat / scvi"	0.563026564670536	0.019767698972996	Inf	1	-16.3609577080905	3.6336813050749e-60
