"contrast"	"odds.ratio"	"SE"	"df"	"null"	"z.ratio"	"p.value"
"male / None"	0.474448696060543	0.243854964667721	Inf	1	-1.45065652855785	0.146875526050522
