"sex"	"response"	"SE"	"df"	"asymp.LCL"	"asymp.UCL"
"male"	0.830210454087086	0.0418777852780243	Inf	0.732008817065949	0.897467820286173
"None"	0.911550990501715	0.0338921645272199	Inf	0.818886754188397	0.959168750831599
