"contrast"	"odds.ratio"	"SE"	"df"	"null"	"z.ratio"	"p.value"
"subsample_ref500 / subsample_ref100"	1.06138242647895	0.0200355265735822	Inf	1	3.15584032252264	0.00456125200348878
"subsample_ref500 / subsample_ref50"	1.16753328534451	0.0219130267574275	Inf	1	8.25276179899692	3.44169137633799e-14
"subsample_ref100 / subsample_ref50"	1.10001188658993	0.0203195835799402	Inf	1	5.16025424140323	7.3826301227875e-07
