"subsample_ref"	"response"	"SE"	"df"	"asymp.LCL"	"asymp.UCL"
"500"	0.87652433950466	0.027897323688514	Inf	0.810723499398914	0.921660333927245
"100"	0.869930928000128	0.029166586494944	Inf	0.801410712915231	0.91725042194611
"50"	0.858759791377222	0.0312663013959123	Inf	0.785799788731069	0.909723498049741
