"1"	"response"	"SE"	"df"	"asymp.LCL"	"asymp.UCL"
"overall"	0.863870825208124	0.0302470224336072	Inf	0.79309819725148	0.913087928986557
