"treatment_state"	"response"	"SE"	"df"	"asymp.LCL"	"asymp.UCL"
"no treatment"	0.882242956165453	0.0268316918268592	Inf	0.818711962488641	0.925534995044185
"treatment"	0.870568752913149	0.0290851470506293	Inf	0.802196961856329	0.917731111298807
