"contrast"	"odds.ratio"	"SE"	"df"	"null"	"z.ratio"	"p.value"
"seurat / scvi"	0.79542372177937	0.0387179734466039	Inf	1	-4.70212725798356	2.57464943185028e-06
