"method"	"response"	"SE"	"df"	"asymp.LCL"	"asymp.UCL"
"seurat"	0.147453079679707	0.00465292668529869	Inf	0.138564729980542	0.15680779495914
"scvi"	0.178603466769891	0.00517011930483243	Inf	0.168694142644088	0.188962564969166
