"contrast"	"odds.ratio"	"SE"	"df"	"null"	"z.ratio"	"p.value"
"subsample_ref500 / subsample_ref100"	0.99670391206293	0.0269330600754757	Inf	1	-0.122178833445741	0.991803977291071
"subsample_ref500 / subsample_ref50"	1.35886188221352	0.0373642611454963	Inf	1	11.1521433487706	9.32587340685131e-15
"subsample_ref100 / subsample_ref50"	1.3633556222339	0.0365689069864885	Inf	1	11.5554657655299	0
