"subsample_ref"	"response"	"SE"	"df"	"asymp.LCL"	"asymp.UCL"
"500"	0.194994693854294	0.00380052969314305	Inf	0.187653425065731	0.202551552476018
"100"	0.195513463075309	0.003741104658595	Inf	0.188284947023099	0.202950106277197
"50"	0.15128935864991	0.00316934304985641	Inf	0.14518178618681	0.157606494800891
