"contrast"	"odds.ratio"	"SE"	"df"	"null"	"z.ratio"	"p.value"
"seurat / scvi"	1.08497431701777	0.0159834899808102	Inf	1	5.53611933923099	3.09246894259181e-08
