"method"	"response"	"SE"	"df"	"asymp.LCL"	"asymp.UCL"
"seurat"	0.700743029106782	0.0539697127548806	Inf	0.585748031198474	0.794988553098309
"scvi"	0.683365617720494	0.0556885519100562	Inf	0.565828169582612	0.781377947482937
