"contrast"	"odds.ratio"	"SE"	"df"	"null"	"z.ratio"	"p.value"
"female / male"	0.964583277335473	0.0345369238729508	Inf	1	-1.00709642163393	0.572353664797298
"female / None"	1.05830792213959	0.589427034075905	Inf	1	0.101752578360559	0.994308153376016
"male / None"	1.0971659440987	0.610087569158525	Inf	1	0.16676406247215	0.984785237095102
