"sex"	"response"	"SE"	"df"	"asymp.LCL"	"asymp.UCL"
"female"	0.693584528329515	0.0659029751033518	Inf	0.552099189262307	0.806075180256056
"male"	0.701194048668615	0.0646340209615724	Inf	0.561775576956673	0.811166752622344
"None"	0.681410148349414	0.100454347922371	Inf	0.463396743432287	0.841201500978835
