"subsample_ref"	"response"	"SE"	"df"	"asymp.LCL"	"asymp.UCL"
"500"	0.70055601910149	0.0539883090714833	Inf	0.585533291453079	0.794842101699722
"100"	0.691567440801428	0.0548947562725455	Inf	0.575187180846462	0.787825581103655
"50"	0.684121286230518	0.0556143807683188	Inf	0.566692494700354	0.781970156589095
