"contrast"	"odds.ratio"	"SE"	"df"	"null"	"z.ratio"	"p.value"
"subsample_ref500 / subsample_ref100"	1.04340511185985	0.0128635255559872	Inf	1	3.44647138956262	0.00164575282913748
"subsample_ref500 / subsample_ref50"	1.08022578182412	0.0132560053155019	Inf	1	6.28855407570848	9.61130841581337e-10
"subsample_ref100 / subsample_ref50"	1.03528894917779	0.012578327146555	Inf	1	2.85446594020212	0.0119982896967421
