"1"	"response"	"SE"	"df"	"asymp.LCL"	"asymp.UCL"
"overall"	0.692122384751813	0.0548193593555103	Inf	0.575869362873867	0.788228735671188
