"treatment_state"	"response"	"SE"	"df"	"asymp.LCL"	"asymp.UCL"
"No treatment"	0.706799066302006	0.0533394538181956	Inf	0.592767572078232	0.799690043680006
"treatment"	0.677046723127006	0.0563421381681368	Inf	0.558529383031963	0.776479913211731
