"contrast"	"odds.ratio"	"SE"	"df"	"null"	"z.ratio"	"p.value"
"No treatment / treatment"	1.14987775707876	0.0271947926834839	Inf	1	5.90506110005888	3.52516075895602e-09
