"disease_state"	"response"	"SE"	"df"	"asymp.LCL"	"asymp.UCL"
"Control"	0.944350792575169	0.0173942900507693	Inf	0.89868536599606	0.970117889220426
"Disease"	0.939832017728375	0.0187167754767561	Inf	0.890886811393458	0.967619733269448
