"contrast"	"odds.ratio"	"SE"	"df"	"null"	"z.ratio"	"p.value"
"Control / Disease"	1.08639955049947	0.00516255390953499	Inf	1	17.4388327044014	4.18535191968551e-68
