"method"	"cutoff"	"response"	"SE"	"df"	"asymp.LCL"	"asymp.UCL"
"seurat"	0	0.926806810906279	0.0224534717416397	Inf	0.868744268852005	0.960356756485058
"scvi"	0	0.954407517150168	0.0144033731407267	Inf	0.916260213284821	0.975639010776674
