"sex"	"response"	"SE"	"df"	"asymp.LCL"	"asymp.UCL"
"F"	0.94086759109364	0.0184153314261551	Inf	0.892667145524882	0.96819369308968
"M"	0.943372548374501	0.0176813489250099	Inf	0.896993215963097	0.969577600124454
