"contrast"	"odds.ratio"	"SE"	"df"	"null"	"z.ratio"	"p.value"
"F / M"	0.955095329075911	0.00462696147506098	Inf	1	-9.48376531721565	2.45269371633432e-21
