"subsample_ref"	"response"	"SE"	"df"	"asymp.LCL"	"asymp.UCL"
"500"	0.947875130972842	0.0163540707425414	Inf	0.904808260047643	0.972059270960327
"100"	0.941906789862172	0.0181115870520445	Inf	0.89445872063106	0.968768499299995
"50"	0.936048832328609	0.019813723174791	Inf	0.884404044761808	0.965519843272874
