"contrast"	"odds.ratio"	"SE"	"df"	"null"	"z.ratio"	"p.value"
"seurat / scvi"	0.670180190295494	0.182772007790588	Inf	1	-1.46746714942731	0.142249019329092
