"method"	"response"	"SE"	"df"	"asymp.LCL"	"asymp.UCL"
"seurat"	0.796358362496061	0.0323260470403565	Inf	0.725717768423837	0.852503323579746
"scvi"	0.853696958065085	0.0258564117611826	Inf	0.795458127648952	0.897490481813148
