"subsample_ref"	"response"	"SE"	"df"	"asymp.LCL"	"asymp.UCL"
"500"	0.770420764585014	0.0216073829651925	Inf	0.725369070359025	0.81001762716311
"100"	0.763413757195482	0.0218455239896494	Inf	0.717972325934301	0.803536964491747
"50"	0.731141934528364	0.0232611028722099	Inf	0.683195407553782	0.774230006424357
