"contrast"	"odds.ratio"	"SE"	"df"	"null"	"z.ratio"	"p.value"
"subsample_ref500 / subsample_ref100"	1.03997974210997	0.139832046462815	Inf	1	0.291553263283137	0.954224444439241
"subsample_ref500 / subsample_ref50"	1.23400451925977	0.167485307608794	Inf	1	1.54919530102368	0.26802243850092
"subsample_ref100 / subsample_ref50"	1.18656591979008	0.160414799111031	Inf	1	1.26533179331646	0.414871532669797
