"contrast"	"odds.ratio"	"SE"	"df"	"null"	"z.ratio"	"p.value"
"seurat / scvi"	1.00006361797385	0.000145737907196207	Inf	1	0.4365370592575	0.662447117341519
