"contrast"	"odds.ratio"	"SE"	"df"	"null"	"z.ratio"	"p.value"
"subsample_ref500 / subsample_ref100"	0.957547660073519	0.0354674344270636	Inf	1	-1.17116478771861	0.470451149901023
"subsample_ref500 / subsample_ref50"	1.00590487246554	0.037688608368235	Inf	1	0.157136924593842	0.986479523817853
"subsample_ref100 / subsample_ref50"	1.0505011023559	0.0382496678019267	Inf	1	1.35309261827151	0.365828726443475
