"method"	"response"	"SE"	"df"	"asymp.LCL"	"asymp.UCL"
"seurat"	0.0870497184053227	0.00936081291573607	Inf	0.0703672815585335	0.107230969049367
"scvi"	0.197557342602235	0.0197811964388099	Inf	0.161623728719308	0.239200637394349
