"subsample_ref"	"response"	"SE"	"df"	"asymp.LCL"	"asymp.UCL"
"500"	0.119334183129661	0.00757699052859804	Inf	0.105263824110437	0.135001517293169
"100"	0.123417916971204	0.00773764785245018	Inf	0.109035203741347	0.139400999496446
"50"	0.116550800958947	0.00752435121199073	Inf	0.102593713555223	0.132127085207882
