"disease_state"	"region_match"	"response"	"SE"	"df"	"asymp.LCL"	"asymp.UCL"
"control"	"False"	0.982513663492732	0.00669404594901928	Inf	0.963209655463052	0.991775287589605
"disease"	"False"	0.982162554872937	0.00682586798831111	Inf	0.962486337256842	0.991608417598497
