"disease_state"	"region_match"	"response"	"SE"	"df"	"asymp.LCL"	"asymp.UCL"
"control"	"False"	0.984758171776106	0.00359737168058309	Inf	0.975840056001707	0.99041668847341
"disease"	"False"	0.984456001902615	0.00366761361953	Inf	0.975365354240523	0.990225646975148
