"contrast"	"odds.ratio"	"SE"	"df"	"null"	"z.ratio"	"p.value"
"seurat False / scvi False"	0.754833644518313	0.00845910224378514	Inf	1	-25.0975710955543	5.28644882905786e-139
