"method"	"region_match"	"response"	"SE"	"df"	"asymp.LCL"	"asymp.UCL"
"seurat"	"False"	0.982324716301568	0.00416252358686264	Inf	0.972019787095146	0.988877833900284
"scvi"	"False"	0.986600033977778	0.00316922248502316	Inf	0.978734326879715	0.991581412967706
