"method"	"region_match"	"response"	"SE"	"df"	"asymp.LCL"	"asymp.UCL"
"seurat"	"False"	0.981330936235616	0.00484895057691301	Inf	0.969030471414337	0.988802361775802
"scvi"	"False"	0.985840831415856	0.00369431700897195	Inf	0.976441011720439	0.991522769933154
