"region_match"	"response"	"SE"	"df"	"asymp.LCL"	"asymp.UCL"
"False"	0.979044258652799	0.00491570421870929	Inf	0.966900063117037	0.986793668753332
"True"	0.98050433553036	0.00458291531607704	Inf	0.969170791877214	0.98772417529697
