"contrast"	"odds.ratio"	"SE"	"df"	"null"	"z.ratio"	"p.value"
"False / True"	0.928791587607211	0.00928478608801702	Inf	1	-7.38958068905909	1.47292562204497e-13
