"contrast"	"odds.ratio"	"SE"	"df"	"null"	"z.ratio"	"p.value"
"False / True"	0.928940331751436	0.00928601715039272	Inf	1	-7.37376494999383	1.65875539437756e-13
