"sex"	"region_match"	"response"	"SE"	"df"	"asymp.LCL"	"asymp.UCL"
"female"	"False"	0.986397673120332	0.00336642914312487	Inf	0.977948140526968	0.991637313707944
"femaleemale"	"False"	0.976456805881094	0.0207854949739706	Inf	0.87577190504353	0.995918501161881
"male"	"False"	0.986467802284083	0.00334912187646534	Inf	0.978061459761805	0.991680427691573
"maleale"	"False"	0.978289046999667	0.0192037583114618	Inf	0.884513917113278	0.996241944113597
"None"	"False"	0.981781278705538	0.0093386549211252	Inf	0.950903571643492	0.993374693676868
