"sex"	"region_match"	"response"	"SE"	"df"	"asymp.LCL"	"asymp.UCL"
"female"	"False"	0.98562174983339	0.00346115228332551	Inf	0.97699720502535	0.991042301943136
"male"	"False"	0.986086130845791	0.00335083045889533	Inf	0.977734197061916	0.991333013060184
"None"	"False"	0.981778030009899	0.00943534928691329	Inf	0.950406512907492	0.993441701503416
