"subsample_ref"	"region_match"	"response"	"SE"	"df"	"asymp.LCL"	"asymp.UCL"
"500"	"False"	0.984607816732208	0.00363217208432144	Inf	0.975604311759082	0.990321440799322
"100"	"False"	0.982769198379098	0.00405832039077546	Inf	0.97272039994035	0.989157649791702
"50"	"False"	0.980686543042431	0.00453914891532874	Inf	0.969461071001078	0.987837532426486
