"subsample_ref"	"region_match"	"response"	"SE"	"df"	"asymp.LCL"	"asymp.UCL"
"500"	"False"	0.983738939618563	0.00423283211201175	Inf	0.972984723228529	0.990255004431109
"100"	"False"	0.981797375170766	0.0047287612491228	Inf	0.969798908909412	0.989082682054949
"50"	"False"	0.979598043404712	0.0052881917934636	Inf	0.966199929147437	0.987752558479962
