"1"	"response"	"SE"	"df"	"asymp.LCL"	"asymp.UCL"
"overall"	0.979787204712151	0.00474548994093037	Inf	0.968058090332945	0.987266025912015
