"1"	"response"	"SE"	"df"	"asymp.LCL"	"asymp.UCL"
"overall"	0.976826907855189	0.00881879990508959	Inf	0.95155807981874	0.989066176711585
