"method"	"response"	"SE"	"df"	"asymp.LCL"	"asymp.UCL"
"seurat"	0.0638331447150195	0.00732423761364532	Inf	0.0508956069074065	0.0797829212612003
"scvi"	0.32537456283364	0.0278812736666543	Inf	0.273262611869535	0.382197977534569
