"contrast"	"odds.ratio"	"SE"	"df"	"null"	"z.ratio"	"p.value"
"seurat / scvi"	0.141374829511726	0.0237506992147124	Inf	1	-11.6450176599052	2.43271259272369e-31
