"subsample_ref"	"response"	"SE"	"df"	"asymp.LCL"	"asymp.UCL"
"500"	0.0782309573059781	0.00605334222751667	Inf	0.0671598479950279	0.090949171288493
"100"	0.082271801471622	0.0062093034144675	Inf	0.0708925977542743	0.0952901895060051
"50"	0.0807080272999144	0.00615146776148485	Inf	0.069443652364592	0.0936157655638437
