"contrast"	"odds.ratio"	"SE"	"df"	"null"	"z.ratio"	"p.value"
"subsample_ref500 / subsample_ref100"	0.946715735320563	0.0718161046246142	Inf	1	-0.721826256943083	0.75055198096262
"subsample_ref500 / subsample_ref50"	0.966703435342552	0.0734058946250341	Inf	1	-0.445958424189089	0.896190997327089
"subsample_ref100 / subsample_ref50"	1.02111267329387	0.07715791433628	Inf	1	0.276497801123082	0.95873280562647
