"method"	"response"	"SE"	"df"	"asymp.LCL"	"asymp.UCL"
"seurat"	0.655640531308369	0.195477845555456	Inf	0.258645870263052	0.912205926895744
"scvi"	0.717699320660933	0.175393043378499	Inf	0.317859607059117	0.932753853375815
