"contrast"	"odds.ratio"	"SE"	"df"	"null"	"z.ratio"	"p.value"
"seurat / scvi"	0.748898830838007	0.0497962308234877	Inf	1	-4.3486248761177	1.36993805792249e-05
