"subsample_ref"	"response"	"SE"	"df"	"asymp.LCL"	"asymp.UCL"
"500"	0.748343978832745	0.162870470252782	Inf	0.353143994838306	0.941851469328852
"100"	0.739493814993045	0.166604582267678	Inf	0.342604199244225	0.939254248377328
"50"	0.734523125885262	0.168642787113514	Inf	0.336850586216118	0.937774717017266
