"contrast"	"odds.ratio"	"SE"	"df"	"null"	"z.ratio"	"p.value"
"seurat / scvi"	0.656026459249455	0.0158902909938902	Inf	1	-17.4037518168811	7.72719410246565e-68
