"reference"	"method"	"response"	"SE"	"df"	"asymp.LCL"	"asymp.UCL"
"An integrated transcriptomic and epigenomic atlas of mouse primary motor cortex cell types"	"seurat"	0.887306758186763	0.020022733500642	Inf	0.841716740308959	0.920998042533455
"Single-cell RNA-seq for all cortical  hippocampal regions 10x"	"seurat"	0.883833870479227	0.0205561391182794	Inf	0.837104269034132	0.91846393997183
"Single-cell RNA-seq for all cortical  hippocampal regions SMART-Seq v4"	"seurat"	0.84525514782187	0.0261754702927681	Inf	0.786781468827918	0.889936128444662
"whole cortex"	"seurat"	0.863311025085818	0.0236226132971646	Inf	0.810108524311647	0.903385311857827
"An integrated transcriptomic and epigenomic atlas of mouse primary motor cortex cell types"	"scvi"	0.911537283217658	0.0161524390004179	Inf	0.87434667578431	0.938494615423629
"Single-cell RNA-seq for all cortical  hippocampal regions 10x"	"scvi"	0.899689820029069	0.0180714915097157	Inf	0.858308916253365	0.929971451468313
"Single-cell RNA-seq for all cortical  hippocampal regions SMART-Seq v4"	"scvi"	0.840539236854843	0.0268259202049653	Inf	0.780737699305961	0.88640364165517
"whole cortex"	"scvi"	0.905904280566425	0.0170720394536856	Inf	0.866699165306331	0.934450847303325
