"contrast"	"odds.ratio"	"SE"	"df"	"null"	"z.ratio"	"p.value"
"male / None"	0.228514519391233	0.0911184846860429	Inf	1	-3.70202568993547	0.000213884955096434
