"1"	"response"	"SE"	"df"	"asymp.LCL"	"asymp.UCL"
"overall"	0.87854490932809	0.0212877236886448	Inf	0.830292779836839	0.914490628771246
