"treatment_state"	"response"	"SE"	"df"	"asymp.LCL"	"asymp.UCL"
"no treatment"	0.874577879227575	0.0219784582342145	Inf	0.824819206938412	0.911715785981795
"treatment"	0.897120491688937	0.0184731406974426	Inf	0.854872535111505	0.928104018797186
