"contrast"	"odds.ratio"	"SE"	"df"	"null"	"z.ratio"	"p.value"
"subsample_ref500 / subsample_ref100"	1.1114386246993	0.0612609900468873	Inf	1	1.91686925698126	0.13388151170205
"subsample_ref500 / subsample_ref50"	1.03754993261474	0.0559479420230748	Inf	1	0.683604575361723	0.773065568606313
"subsample_ref100 / subsample_ref50"	0.933519772983813	0.0508394056579952	Inf	1	-1.2631884780378	0.416104827275988
