"subsample_ref"	"response"	"SE"	"df"	"asymp.LCL"	"asymp.UCL"
"500"	0.677970633137451	0.035534080800274	Inf	0.604790011845644	0.743350893176332
"100"	0.654483504469209	0.0368274056159024	Inf	0.57923022599387	0.722720751311033
"50"	0.669870438531	0.0359220895393693	Inf	0.596096705445754	0.736134011665905
