"method"	"response"	"SE"	"df"	"asymp.LCL"	"asymp.UCL"
"seurat"	0.886220804240664	0.0179578059199045	Inf	0.846010750159739	0.916961689057405
"scvi"	0.915793060402826	0.0137435282149554	Inf	0.884648975933291	0.939107223522067
