"subsample_ref"	"response"	"SE"	"df"	"asymp.LCL"	"asymp.UCL"
"500"	0.848584900594323	0.022407957388803	Inf	0.799269375492949	0.887490079739948
"100"	0.828744514467071	0.0247357634818783	Inf	0.774720937420296	0.871954084764062
"50"	0.818333883157466	0.0258956995043385	Inf	0.762003258259128	0.863716349888964
