"contrast"	"odds.ratio"	"SE"	"df"	"null"	"z.ratio"	"p.value"
"seurat / scvi"	0.634157505572237	0.0214958747574616	Inf	1	-13.4366274538953	3.68868584479575e-41
