"subsample_ref"	"response"	"SE"	"df"	"asymp.LCL"	"asymp.UCL"
"100"	0.911834899648514	0.0263886778416465	Inf	0.844603792174334	0.951644238724129
"50"	0.915857384232373	0.0252965457752016	Inf	0.851190704513561	0.9539430094765
