"method"	"cutoff"	"response"	"SE"	"df"	"asymp.LCL"	"asymp.UCL"
"seurat"	0	0.946419474955675	0.0168074555742825	Inf	0.902197221939338	0.971282768338721
"scvi"	0	0.941262973758693	0.018324132934337	Inf	0.893266358170679	0.968438780066665
