"subsample_ref"	"response"	"SE"	"df"	"asymp.LCL"	"asymp.UCL"
"500"	0.94449639908196	0.0173742069715745	Inf	0.898860356007032	0.970222791297409
"100"	0.9441808701029	0.0174666940899091	Inf	0.898314837142738	0.970048393862579
"50"	0.94300315188001	0.0178126173423369	Inf	0.896276919339499	0.969398375286863
