"method"	"response"	"SE"	"df"	"asymp.LCL"	"asymp.UCL"
"seurat"	0.913330743890374	0.0218221474579959	Inf	0.859926198017294	0.947614631243716
"scvi"	0.941356627185874	0.0152188672886165	Inf	0.903394154648012	0.964979567865872
