"contrast"	"odds.ratio"	"SE"	"df"	"null"	"z.ratio"	"p.value"
"seurat / scvi"	0.656489468963933	0.00319523713917892	Inf	1	-86.4670380706253	0
