metric	stat	class	family	global	subclass
f1_score	mean	0.8817887935673295	0.9790209386532626	0.9829255145694589	0.8401476826211356
f1_score	std	0.2398062174930662	0.09456550904909733	0.060409300235696864	0.30175659225855267
precision	mean	0.9373778373097249	0.9870779995416356	0.9849180404370728	0.9456890236822209
precision	std	0.1775712745704233	0.06708028739745596	0.061634682578070546	0.16658108363950197
recall	mean	0.8960037454979687	0.979621888195145	0.984472842810612	0.8412677556100591
recall	std	0.24125846495150605	0.09852839521268363	0.06487507064940003	0.313242852777571
