"method"	"response"	"SE"	"df"	"asymp.LCL"	"asymp.UCL"
"seurat"	0.775328646450115	0.0234835919160471	Inf	0.725999653397439	0.818003099008538
"scvi"	0.547973023653599	0.0332924748213408	Inf	0.482270166500171	0.612045242740581
