"contrast"	"odds.ratio"	"SE"	"df"	"null"	"z.ratio"	"p.value"
"seurat / scvi"	2.84671050040672	0.303503058480362	Inf	1	9.812508620935	9.94645386076365e-23
