"contrast"	"odds.ratio"	"SE"	"df"	"null"	"z.ratio"	"p.value"
"subsample_ref500 / subsample_ref100"	0.822134992631086	0.0394462246107922	Inf	1	-4.0819037316175	0.00013218764800027
"subsample_ref500 / subsample_ref50"	0.669463554115467	0.0321443690382693	Inf	1	-8.3573382892703	3.11972669919669e-14
"subsample_ref100 / subsample_ref50"	0.814298819677992	0.0390586503456107	Inf	1	-4.28278188660287	5.4824483008753e-05
