"subsample_ref"	"response"	"SE"	"df"	"asymp.LCL"	"asymp.UCL"
"500"	0.360992705585584	0.0272364077638955	Inf	0.309496496561927	0.415896451605819
"100"	0.407283321138585	0.0285438026475111	Inf	0.352753995952792	0.464196542745251
"50"	0.457656772266685	0.0293090163718779	Inf	0.401019771352785	0.515409800564222
