"method"	"cutoff"	"response"	"SE"	"df"	"asymp.LCL"	"asymp.UCL"
"seurat"	0	0.946875240152071	0.0168654154380113	Inf	0.902330191670097	0.971740536515836
"scvi"	0	0.942966029841542	0.018031991989517	Inf	0.895503895867465	0.96960261179707
