"contrast"	"odds.ratio"	"SE"	"df"	"null"	"z.ratio"	"p.value"
"seurat cutoff0 / scvi cutoff0"	1.07803618112647	0.0191549200449655	Inf	1	4.2289267904653	2.34808732778392e-05
