"contrast"	"odds.ratio"	"SE"	"df"	"null"	"z.ratio"	"p.value"
"seurat / scvi"	0.272444594853256	0.0224716841679043	Inf	1	-15.7649580196886	5.42083379272419e-56
