"method"	"response"	"SE"	"df"	"asymp.LCL"	"asymp.UCL"
"seurat"	0.231599972818577	0.0195052722291519	Inf	0.195585257636677	0.272003941747132
"scvi"	0.525233836107075	0.0273185191511796	Inf	0.471605838473243	0.578286028339977
