"contrast"	"odds.ratio"	"SE"	"df"	"null"	"z.ratio"	"p.value"
"subsample_ref500 / subsample_ref100"	0.925547836008399	0.0350861383395497	Inf	1	-2.04095238696369	0.102549505371359
"subsample_ref500 / subsample_ref50"	0.977394065032658	0.0375008893837133	Inf	1	-0.595945156123292	0.822293008045796
"subsample_ref100 / subsample_ref50"	1.05601680108492	0.0391810656607936	Inf	1	1.46900650527154	0.305905735206435
