"subsample_ref"	"response"	"SE"	"df"	"asymp.LCL"	"asymp.UCL"
"500"	0.232372679978155	0.0176593318041503	Inf	0.199567460650341	0.26875981865227
"100"	0.246458135854589	0.0181978811732589	Inf	0.212546383964232	0.283830297916477
"50"	0.236476236328419	0.0178090163961609	Inf	0.203361300214083	0.273134718824407
