"method"	"response"	"SE"	"df"	"asymp.LCL"	"asymp.UCL"
"seurat"	0.469605501297709	0.112694956698476	Inf	0.26727012501445	0.682451542531474
"scvi"	0.386140943744138	0.107300323225173	Inf	0.205741311170343	0.60435962813245
