"contrast"	"odds.ratio"	"SE"	"df"	"null"	"z.ratio"	"p.value"
"seurat / scvi"	1.40752779151245	0.11906493281019	Inf	1	4.04100524429016	5.32225680686697e-05
