"subsample_ref"	"response"	"SE"	"df"	"asymp.LCL"	"asymp.UCL"
"500"	0.573353147146081	0.110038460603649	Inf	0.357526465652801	0.764445181599651
"100"	0.56097778560355	0.110771234077194	Inf	0.346058392206981	0.755224413458448
"50"	0.559860726895618	0.110889216495269	Inf	0.344930021751679	0.754469595758198
