"contrast"	"odds.ratio"	"SE"	"df"	"null"	"z.ratio"	"p.value"
"subsample_ref500 / subsample_ref100"	1.05170632663732	0.041369235510081	Inf	1	1.28164410147985	0.405538182410427
"subsample_ref500 / subsample_ref50"	1.05648606346737	0.0452608265060754	Inf	1	1.28261430849266	0.404986055101008
"subsample_ref100 / subsample_ref50"	1.00454474477237	0.0429218165216247	Inf	1	0.106124504609249	0.993810092341635
