"contrast"	"odds.ratio"	"SE"	"df"	"null"	"z.ratio"	"p.value"
"subsample_ref500 / subsample_ref100"	0.870507475941824	0.0510136330240294	Inf	1	-2.36644676438186	0.047190419403091
"subsample_ref500 / subsample_ref50"	0.681306913991851	0.0410274927926905	Inf	1	-6.37246704002498	5.57961454816791e-10
"subsample_ref100 / subsample_ref50"	0.782654868362535	0.0465820969496513	Inf	1	-4.11746408195024	0.000113444583830113
