"contrast"	"odds.ratio"	"SE"	"df"	"null"	"z.ratio"	"p.value"
"subsample_ref500 / subsample_ref100"	1.26587884177286	0.0285320734800466	Inf	1	10.4602272579424	2.8643754035329e-14
"subsample_ref500 / subsample_ref50"	0.96400722596734	0.021649954510188	Inf	1	-1.63220296171601	0.232051310405736
"subsample_ref100 / subsample_ref50"	0.76153198406986	0.0168582347616483	Inf	1	-12.3060872888694	0
