name	mean duration (hours)	std duration (hours)	mean realtime (hours)	std realtime (hours)	mean %cpu	std %cpu	mean peak virtual memory (GB)	std peak virtual memory (GB)
SCVI Random Forest	0.017448765432098765	0.002006968274444312	0.0036415805340223946	0.0010281682385535295	108.54772609819122	20.006797888563234	0.013119726057816538	0.0012159000932921381
SCVI pre-process query	0.01888135228251507	0.0067490891475917025	0.010622416020671835	0.004450587877286276	268.2779069767442	141.5368809885495	0.015481922238372093	0.0007461249993483422
Seurat TransferData	0.017870610824002296	0.0013913212747714762	0.00776617499282228	0.002716536071311386	205.98237726098193	34.113816423426385	0.01519683916747416	0.01085172168591131
Seurat pre-process query	0.04818572351421188	0.01206371782563997	0.03945251937984496	0.011897240443634502	505.48914728682166	201.0159364614354	0.02728962269864341	0.01873764273204706
Seurat pre-process reference	0.05220370370370371	0.04874455329013694	0.045237962962962966	0.04731543330675857	536.5600000000001	237.7754386603577	0.022483723958333333	0.014304594927526058
