mean duration (hours)	std duration (hours)	mean realtime (hours)	std realtime (hours)	mean %cpu	std %cpu	mean peak virtual memory (GB)	std peak virtual memory (GB)
0.017590543386689132	0.001630734070215058	0.004130482425348685	0.001571848638605382	96.1346145745577	27.139155185848683	0.012868376734282854	0.0014900443059836339
0.017253457596180848	0.004493655653161474	0.008718156182720208	0.003577293429895039	257.5788963774221	149.42780023731112	0.015680245300652908	0.0008578948854023842
0.017918926097538142	0.0008727212295219611	0.0073439752410371624	0.0026881707489096684	202.84451558550967	37.91522868820709	0.014919980699110153	0.010274964342371693
0.042995939810914534	0.012628020440216476	0.03401288261724235	0.012222376962575625	590.289953664701	271.45543878431397	0.03064976782987574	0.018710809994191332
0.0547962962962963	0.04785604032680513	0.04609166666666667	0.044849381552846575	502.56	213.81499311398804	0.032890625	0.01553074506631876
