name	mean duration (hours)	std duration (hours)	mean realtime (hours)	std realtime (hours)	mean %cpu	std %cpu	mean peak virtual memory (GB)	std peak virtual memory (GB)
SCVI Random Forest	0.017782561728395062	0.002487755937087608	0.004087046389824167	0.0016375521745321808	98.76223905723904	27.42145161714682	0.012892088199705387	0.001452480598657481
SCVI pre-process query	0.020969696969696968	0.007577686442415253	0.010774551066217733	0.004826599600856575	236.49646464646463	153.8084131794049	0.015664950284090907	0.0007776816516109622
Seurat TransferData	0.018075565843621397	0.002194491110016018	0.0075101618032173585	0.002713846829422063	203.82104377104378	38.08442538155483	0.015213725799663298	0.010389023223653331
Seurat pre-process query	0.04250982042648709	0.012506782346170376	0.03353773849607183	0.01178283623656727	591.4929292929293	252.65157637529603	0.029033005839646464	0.01805321181111114
Seurat pre-process reference	0.0547962962962963	0.04785604032680515	0.04609166666666667	0.04484938155284657	502.56	213.81499311398792	0.032890625	0.015530745066318751
