"method"	"response"	"SE"	"df"	"asymp.LCL"	"asymp.UCL"
"seurat"	0.823909499925937	0.0635377331858923	Inf	0.664789711831343	0.916934953693489
"scvi"	0.778054581443158	0.0755718360923564	Inf	0.59787838294744	0.892073451979209
