"contrast"	"odds.ratio"	"SE"	"df"	"null"	"z.ratio"	"p.value"
"seurat / scvi"	1.3346878406966	0.155023791576659	Inf	1	2.4855601537554	0.0129347724805787
