"contrast"	"odds.ratio"	"SE"	"df"	"null"	"z.ratio"	"p.value"
"subsample_ref500 / subsample_ref100"	1.21299382419968	0.0724769715119938	Inf	1	3.23163121950011	0.00352517102336469
"subsample_ref500 / subsample_ref50"	1.70534922036774	0.100848784214789	Inf	1	9.02602950372392	1.96509475358653e-14
"subsample_ref100 / subsample_ref50"	1.40590099169953	0.0807551096848496	Inf	1	5.9310186513281	9.02771957189685e-09
