"disease_state"	"response"	"SE"	"df"	"asymp.LCL"	"asymp.UCL"
"control"	0.945162675345974	0.0136041540579199	Inf	0.911536654991514	0.966477088173909
"disease"	0.942325087856967	0.0142653361238007	Inf	0.90712948127653	0.964701461622344
