"contrast"	"odds.ratio"	"SE"	"df"	"null"	"z.ratio"	"p.value"
"control / disease"	1.05491263048706	0.00370998494915319	Inf	1	15.2004566477048	3.5116454880078e-52
