"method"	"response"	"SE"	"df"	"asymp.LCL"	"asymp.UCL"
"seurat"	0.928397159329613	0.0174486451115945	Inf	0.88573240111608	0.955924628661892
"scvi"	0.955984049884959	0.0110450483682038	Inf	0.928490189375318	0.973212136546975
