"contrast"	"odds.ratio"	"SE"	"df"	"null"	"z.ratio"	"p.value"
"seurat / scvi"	0.596984403604346	0.0030452827521803	Inf	1	-101.127862630249	0
