"contrast"	"odds.ratio"	"SE"	"df"	"null"	"z.ratio"	"p.value"
"False / True"	0.809792217326936	0.00574212787752518	Inf	1	-29.7534312803472	1.56566290813851e-194
