"sex"	"response"	"SE"	"df"	"asymp.LCL"	"asymp.UCL"
"female"	0.945739633875817	0.0174968843904097	Inf	0.899338794365942	0.971430975737673
"male"	0.947956120276406	0.0168209549925273	Inf	0.903258659146061	0.972627808307659
"None"	0.937048873139885	0.0232224560518138	Inf	0.873114306423861	0.969879729962665
