"contrast"	"odds.ratio"	"SE"	"df"	"null"	"z.ratio"	"p.value"
"seurat / scvi"	0.71619730724154	0.0419822831402751	Inf	1	-5.69445831286776	1.23764219690801e-08
