"contrast"	"odds.ratio"	"SE"	"df"	"null"	"z.ratio"	"p.value"
"seurat / scvi"	0.40462820938092	0.0712912016767482	Inf	1	-5.13530684560785	2.81684052978665e-07
