"method"	"response"	"SE"	"df"	"asymp.LCL"	"asymp.UCL"	"key"
"seurat"	0.457139933593343	0.0288604414848028	Inf	0.40136072798707	0.514014960451032	"all"
"scvi"	0.675446726944647	0.0289560222065712	Inf	0.616339003955315	0.7294455575384	"all"
