"method"	"response"	"SE"	"df"	"asymp.LCL"	"asymp.UCL"
"seurat"	0.457139933594034	0.0288604414847525	Inf	0.401360727987848	0.514014960451615
"scvi"	0.675446726947639	0.0289560222064516	Inf	0.616339003958503	0.729445557541128
