"reference"	"method"	"response"	"SE"	"df"	"asymp.LCL"	"asymp.UCL"
"An integrated transcriptomic and epigenomic atlas of mouse primary motor cortex cell types"	"seurat"	0.0814642046299255	0.00908984333155373	Inf	0.0653321240284397	0.101148607155054
"Single-cell RNA-seq for all cortical  hippocampal regions 10x"	"seurat"	0.872732502869812	0.0138548523969982	Inf	0.84301750808704	0.897506635627169
"Single-cell RNA-seq for all cortical  hippocampal regions SMART-Seq v4"	"seurat"	0.648201124855737	0.0307529393096328	Inf	0.585846493570609	0.705880887134274
"whole cortex"	"seurat"	0.457139933593343	0.0288604414848028	Inf	0.40136072798707	0.514014960451032
"An integrated transcriptomic and epigenomic atlas of mouse primary motor cortex cell types"	"scvi"	0.0814640515243623	0.00908983267800725	Inf	0.0653319912241602	0.101148432832617
"Single-cell RNA-seq for all cortical  hippocampal regions 10x"	"scvi"	0.743535036368117	0.0251971869112775	Inf	0.6911371973094	0.789747896940338
"Single-cell RNA-seq for all cortical  hippocampal regions SMART-Seq v4"	"scvi"	0.450400627856793	0.0331465030433955	Inf	0.386630395561504	0.515843258410145
"whole cortex"	"scvi"	0.675446726944647	0.0289560222065712	Inf	0.616339003955315	0.7294455575384
