"subsample_ref"	"response"	"SE"	"df"	"asymp.LCL"	"asymp.UCL"
"500"	0.508592411734029	0.0189725238077947	Inf	0.471427970760864	0.545662124315519
"100"	0.530357389207302	0.0190295227200795	Inf	0.49296006330276	0.56741688500382
"50"	0.380642234318175	0.0174842281536708	Inf	0.347016353652136	0.415453376137763
