"subsample_ref"	"response"	"SE"	"df"	"asymp.LCL"	"asymp.UCL"	"key"
"500"	0.508592411734834	0.0189725238077725	Inf	0.471427970761708	0.545662124316276	"all"
"100"	0.530357389206662	0.0190295227200666	Inf	0.492960063302149	0.567416885003158	"all"
"50"	0.380642234319593	0.0174842281536741	Inf	0.34701635365354	0.41545337613918	"all"
