"contrast"	"odds.ratio"	"SE"	"df"	"null"	"z.ratio"	"p.value"	"key"
"subsample_ref500 / subsample_ref100"	0.916488220208999	0.0971533392939369	Inf	1	-0.822651405536442	0.688950652841289	"all"
"subsample_ref500 / subsample_ref50"	1.68404088458735	0.1805009858114	Inf	1	4.86266429669569	3.4616696295009e-06	"all"
"subsample_ref100 / subsample_ref50"	1.83749321317334	0.198287050416854	Inf	1	5.63796283560926	5.15787420551916e-08	"all"
