"contrast"	"odds.ratio"	"SE"	"df"	"null"	"z.ratio"	"p.value"
"subsample_ref500 / subsample_ref100"	0.916488220203692	0.097153339293482	Inf	1	-0.822651405590151	0.688950652807818
"subsample_ref500 / subsample_ref50"	1.68404088459205	0.180500985812148	Inf	1	4.8626642967152	3.46166962872374e-06
"subsample_ref100 / subsample_ref50"	1.83749321318911	0.198287050418788	Inf	1	5.63796283568224	5.15787417221247e-08
