"method"	"response"	"SE"	"df"	"asymp.LCL"	"asymp.UCL"
"seurat"	0.930582436087295	0.0187872166918368	Inf	0.883464556071796	0.959522355820462
"scvi"	0.966268673325542	0.00948958073172015	Inf	0.941825498174657	0.980652539270211
