"contrast"	"odds.ratio"	"SE"	"df"	"null"	"z.ratio"	"p.value"
"seurat / scvi"	0.467973224585932	0.0216992390352527	Inf	1	-16.3762771552318	2.8251432015508e-60
