"subsample_ref"	"response"	"SE"	"df"	"asymp.LCL"	"asymp.UCL"
"500"	0.980030533628877	0.00568157357865054	Inf	0.965255830678716	0.988596626972476
"100"	0.97269377586169	0.007704373558289	Inf	0.9527739564211	0.984349484047295
"50"	0.974050399963584	0.00733376387791116	Inf	0.955068048992884	0.985138089908482
