"method"	"cutoff"	"response"	"SE"	"df"	"asymp.LCL"	"asymp.UCL"
"seurat"	0	0.946920964410672	0.016516861874122	Inf	0.90355420707632	0.971405016538807
"scvi"	0	0.9418094396909	0.0180093236844755	Inf	0.89473197530007	0.968572655352946
