"contrast"	"odds.ratio"	"SE"	"df"	"null"	"z.ratio"	"p.value"
"seurat cutoff0 / scvi cutoff0"	1.10225025575487	0.0194424958008945	Inf	1	5.5192618792765	3.40426548415826e-08
