"subsample_ref"	"response"	"SE"	"df"	"asymp.LCL"	"asymp.UCL"
"500"	0.945014637201626	0.0170745409744052	Inf	0.90025807659127	0.970349329621416
"100"	0.944701950002789	0.0171655112794071	Inf	0.899719390288666	0.970175682816116
"50"	0.943534594553262	0.0175058796965278	Inf	0.897706417537837	0.969528368471705
