"contrast"	"odds.ratio"	"SE"	"df"	"null"	"z.ratio"	"p.value"
"subsample_ref500 / subsample_ref100"	1.0060196077855	0.0138089545739821	Inf	1	0.437230012382665	0.900004864481508
"subsample_ref500 / subsample_ref50"	1.02852786738681	0.0139891392854898	Inf	1	2.06810234399568	0.0965293635918301
"subsample_ref100 / subsample_ref50"	1.0223735794284	0.0136351372221556	Inf	1	1.65909749029541	0.221115634711332
