"contrast"	"odds.ratio"	"SE"	"df"	"null"	"z.ratio"	"p.value"
"seurat / scvi"	0.00180628945512575	0.000307151999849449	Inf	1	-37.1457527200112	5.13387788210835e-302
