"subsample_ref"	"response"	"SE"	"df"	"asymp.LCL"	"asymp.UCL"
"500"	0.0163039274470598	0.00148956242281035	Inf	0.0136274844272959	0.0194956353232284
"100"	0.0131830900828767	0.00141428075636058	Inf	0.0106802293088357	0.0162628426590242
"50"	0.0131034552485908	0.00140874502417653	Inf	0.0106109449612061	0.0161718860089988
