"contrast"	"odds.ratio"	"SE"	"df"	"null"	"z.ratio"	"p.value"
"subsample_ref500 / subsample_ref100"	0.985027443927438	0.0238914338402268	Inf	1	-0.621976220016669	0.808066852715064
"subsample_ref500 / subsample_ref50"	1.21418133705341	0.0296214580255878	Inf	1	7.95491688022841	4.69624339416441e-14
"subsample_ref100 / subsample_ref50"	1.23263706462056	0.0292407418363161	Inf	1	8.81691815496168	2.25375273998907e-14
