"method"	"response"	"SE"	"df"	"asymp.LCL"	"asymp.UCL"
"seurat"	0.787099423246395	0.00349327296535615	Inf	0.780172442579452	0.793865800031928
"scvi"	0.872208695430579	0.00243104664729785	Inf	0.867367641198168	0.876898130102723
