"contrast"	"odds.ratio"	"SE"	"df"	"null"	"z.ratio"	"p.value"
"subsample_ref500 / subsample_ref100"	0.800497000383976	0.0125680849795208	Inf	1	-14.1730891412198	0
"subsample_ref500 / subsample_ref50"	0.813380879077881	0.0127695348361963	Inf	1	-13.15698142476	0
"subsample_ref100 / subsample_ref50"	1.01609484943445	0.01553731830993	Inf	1	1.04417518255318	0.548949582652263
