"contrast"	"odds.ratio"	"SE"	"df"	"null"	"z.ratio"	"p.value"
"subsample_ref500 / subsample_ref100"	1.35103609723848	0.101994724912182	Inf	1	3.98538877795786	0.000198931219311804
"subsample_ref500 / subsample_ref50"	1.20174265147543	0.0897960155671585	Inf	1	2.45943548718429	0.0370468681802386
"subsample_ref100 / subsample_ref50"	0.889497071123265	0.063610581022795	Inf	1	-1.63745202955192	0.229889255987918
