"method"	"response"	"SE"	"df"	"asymp.LCL"	"asymp.UCL"
"seurat"	0.331627585311521	0.0203934989812423	Inf	0.292936620755832	0.372734903369441
"scvi"	0.787143048576294	0.0153993792378956	Inf	0.755404915995921	0.815767298222849
