"contrast"	"odds.ratio"	"SE"	"df"	"null"	"z.ratio"	"p.value"
"seurat / scvi"	0.134173362842773	0.00445888113964487	Inf	1	-60.4419888021672	0
