"subsample_ref"	"response"	"SE"	"df"	"asymp.LCL"	"asymp.UCL"
"100"	0.757520543400414	0.0164285156220538	Inf	0.723889104360404	0.788253794985362
"50"	0.738037807371639	0.0172856117949059	Inf	0.702778053447881	0.770480747182438
