"contrast"	"odds.ratio"	"SE"	"df"	"null"	"z.ratio"	"p.value"
"subsample_ref100 / subsample_ref50"	1.10886703280171	0.0122811360860976	Inf	1	9.33048790728683	1.05384656436927e-20
