"contrast"	"odds.ratio"	"SE"	"df"	"null"	"z.ratio"	"p.value"
"seurat / scvi"	2.73352868195059	1.01429825728799	Inf	1	2.71006895239996	0.00672692219950324
