"method"	"response"	"SE"	"df"	"asymp.LCL"	"asymp.UCL"
"seurat"	0.262506803353266	0.0538187111017992	Inf	0.171102005485559	0.380335951488652
"scvi"	0.115212098133638	0.0274117865401401	Inf	0.0713841843190353	0.180712510033737
