"subsample_ref"	"response"	"SE"	"df"	"asymp.LCL"	"asymp.UCL"
"500"	0.196185480149022	0.0241989393913686	Inf	0.153025094654033	0.247955375199217
"100"	0.156144487891532	0.0208641767669306	Inf	0.119460234794321	0.201515787269974
"50"	0.149816171010378	0.020614992156017	Inf	0.113723090907217	0.19484598042464
