"method"	"response"	"SE"	"df"	"asymp.LCL"	"asymp.UCL"
"seurat"	0.122529429544095	0.014069724903835	Inf	0.0975123086609193	0.152877558942208
"scvi"	0.179892100930856	0.0191353772535913	Inf	0.145381458047013	0.22048140525473
