"contrast"	"odds.ratio"	"SE"	"df"	"null"	"z.ratio"	"p.value"
"seurat / scvi"	0.636600174146525	0.0923590852317839	Inf	1	-3.1128202063361	0.00185308870519975
