"contrast"	"odds.ratio"	"SE"	"df"	"null"	"z.ratio"	"p.value"
"subsample_ref500 / subsample_ref100"	1.02832938207087	0.0783427091202787	Inf	1	0.366682781427406	0.928570851511422
"subsample_ref500 / subsample_ref50"	1.18827985047602	0.0905387994667911	Inf	1	2.2640713738474	0.0609613218993222
"subsample_ref100 / subsample_ref50"	1.15554400291766	0.0857676002898374	Inf	1	1.94780335164388	0.125462813110043
