"subsample_ref"	"response"	"SE"	"df"	"asymp.LCL"	"asymp.UCL"
"500"	0.254963359891821	0.0191149432653657	Inf	0.219335964484314	0.294196936951012
"100"	0.249693227847454	0.0185458678808124	Inf	0.215130866334185	0.287772390075088
"50"	0.223598056008366	0.0171466286959776	Inf	0.191792383095165	0.258988000616188
