"method"	"response"	"SE"	"df"	"asymp.LCL"	"asymp.UCL"
"seurat"	0.548204558992737	0.0203273011769309	Inf	0.508139466392081	0.587654410763768
"scvi"	0.875580725562328	0.01013509554682	Inf	0.854319078534259	0.894123870168505
