"contrast"	"odds.ratio"	"SE"	"df"	"null"	"z.ratio"	"p.value"
"seurat / scvi"	0.172421838010244	0.0212390388094844	Inf	1	-14.270186646837	3.35678997307344e-46
