"subsample_ref"	"response"	"SE"	"df"	"asymp.LCL"	"asymp.UCL"
"500"	0.664729453054939	0.0115445682875865	Inf	0.641737733144639	0.686965405615032
"100"	0.620424588288243	0.0118108277374318	Inf	0.597017556982139	0.643284381002197
"50"	0.537596999241487	0.0121179525050644	Inf	0.513778806478315	0.561244817119003
