"method"	"response"	"SE"	"df"	"asymp.LCL"	"asymp.UCL"
"seurat"	0.618469862497006	0.0531197293794646	Inf	0.510457782973542	0.715913382873389
"scvi"	0.650762560833879	0.0511649741347113	Inf	0.545164099095701	0.74338467607648
