"contrast"	"odds.ratio"	"SE"	"df"	"null"	"z.ratio"	"p.value"
"seurat / scvi"	0.869937251575884	0.0131623751438137	Inf	1	-9.2089767189978	3.29248590095548e-20
