"sex"	"response"	"SE"	"df"	"asymp.LCL"	"asymp.UCL"
"female"	0.67287426528143	0.0598249210756924	Inf	0.546989729487857	0.777976403547594
"male"	0.676911978888551	0.0589887420737324	Inf	0.552548089649969	0.780445000283783
"None"	0.549177204740714	0.1001529048574	Inf	0.355372230576337	0.729127604163804
