"contrast"	"odds.ratio"	"SE"	"df"	"null"	"z.ratio"	"p.value"
"seurat / scvi"	1.03177418141406	0.0473316662343762	Inf	1	0.681863118515163	0.495325508350499
