"contrast"	"odds.ratio"	"SE"	"df"	"null"	"z.ratio"	"p.value"
"subsample_ref500 / subsample_ref100"	1.09395206096298	0.0232485614434421	Inf	1	4.2253575797046	7.07936566169964e-05
"subsample_ref500 / subsample_ref50"	1.13648474428985	0.0240841220818583	Inf	1	6.03724688063984	4.70128114216095e-09
"subsample_ref100 / subsample_ref50"	1.03887984203753	0.0215223690704471	Inf	1	1.84115668943568	0.156278780987118
