"method"	"response"	"SE"	"df"	"asymp.LCL"	"asymp.UCL"
"seurat"	0.668688177950775	0.0762996090279072	Inf	0.506811691004336	0.798551752363872
"scvi"	0.258047418900427	0.0655269431066335	Inf	0.150979296511686	0.404838857707894
