"contrast"	"odds.ratio"	"SE"	"df"	"null"	"z.ratio"	"p.value"
"seurat / scvi"	0.804640337772713	0.0147479603761591	Inf	1	-11.8590319104426	1.93195914105079e-32
