"method"	"response"	"SE"	"df"	"asymp.LCL"	"asymp.UCL"
"seurat"	0.709754949746966	0.0697594776148831	Inf	0.557367428974463	0.826052347513933
"scvi"	0.752418728127938	0.0630912527317413	Inf	0.610104168039015	0.855122735173401
