"contrast"	"odds.ratio"	"SE"	"df"	"null"	"z.ratio"	"p.value"
"female / male"	1.06839086482064	0.0534329058242563	Inf	1	1.32274216147612	0.382455728647267
"female / None"	0.750190387033417	0.52746994654655	Inf	1	-0.408792795666814	0.912013072197912
"male / None"	0.702168477600527	0.49263567202349	Inf	1	-0.503970953715417	0.869397102476417
