"sex"	"response"	"SE"	"df"	"asymp.LCL"	"asymp.UCL"
"female"	0.716895895377632	0.086380191097615	Inf	0.523716071628288	0.85362202602115
"male"	0.703279190379392	0.0882870724713424	Inf	0.508434932031863	0.844510853424418
"None"	0.771454821056706	0.0986996497295559	Inf	0.529803619071784	0.910007985070593
