"subsample_ref"	"response"	"SE"	"df"	"asymp.LCL"	"asymp.UCL"
"500"	0.752647920319537	0.0630474697371211	Inf	0.610408349091142	0.855269173142367
"100"	0.728975890071481	0.0669066185321291	Inf	0.580711730461971	0.839319018860976
"50"	0.712263901955869	0.0694029344537535	Inf	0.560372999747855	0.827802642218166
