"contrast"	"odds.ratio"	"SE"	"df"	"null"	"z.ratio"	"p.value"
"subsample_ref500 / subsample_ref100"	1.131282481181	0.0174976119652171	Inf	1	7.97513830713602	4.54081217071689e-14
"subsample_ref500 / subsample_ref50"	1.22922027540896	0.0188973328810147	Inf	1	13.4244625156963	0
"subsample_ref100 / subsample_ref50"	1.08657236000484	0.0164732355115718	Inf	1	5.47652327942166	1.2997806642101e-07
