"1"	"response"	"SE"	"df"	"asymp.LCL"	"asymp.UCL"
"overall"	0.731623294539868	0.0664712948533012	Inf	0.584035161616719	0.841093631449219
