"treatment_state"	"response"	"SE"	"df"	"asymp.LCL"	"asymp.UCL"
"no treatment"	0.751345753234252	0.063266711736896	Inf	0.608754159390845	0.854398807642415
"treatment"	0.710938347785331	0.0696509532356455	Inf	0.558644671765154	0.826959221063614
