"contrast"	"odds.ratio"	"SE"	"df"	"null"	"z.ratio"	"p.value"
"no treatment / treatment"	1.22857732391099	0.0319629056624712	Inf	1	7.91264298371887	2.51981202286486e-15
