"1"	"response"	"SE"	"df"	"asymp.LCL"	"asymp.UCL"
"overall"	0.928602848448887	0.0182768247670178	Inf	0.883409336320073	0.957128355660022
