"contrast"	"odds.ratio"	"SE"	"df"	"null"	"z.ratio"	"p.value"
"seurat / scvi"	1.33469451804597	0.155025918651107	Inf	1	2.48558155745525	0.0129339946595287
