"method"	"response"	"SE"	"df"	"asymp.LCL"	"asymp.UCL"
"seurat"	0.823931167698322	0.0635314743922258	Inf	0.664823328988623	0.916946214138953
"scvi"	0.778079507980101	0.0755656712661727	Inf	0.597913355619259	0.892087241847993
