"contrast"	"odds.ratio"	"SE"	"df"	"null"	"z.ratio"	"p.value"
"subsample_ref500 / subsample_ref100"	1.16605042120202	0.0640770370371505	Inf	1	2.79556282159154	0.0143395034171132
"subsample_ref500 / subsample_ref50"	1.1796248727395	0.0653383921392344	Inf	1	2.98247132227452	0.00804632099358116
"subsample_ref100 / subsample_ref50"	1.01164139327996	0.0566761767808117	Inf	1	0.206592849755624	0.976745717215125
