"subsample_ref"	"response"	"SE"	"df"	"asymp.LCL"	"asymp.UCL"
"500"	0.257850463829531	0.0826647826628032	Inf	0.129675449496541	0.447565873636803
"100"	0.22956072201236	0.0764505332745662	Inf	0.113245888877017	0.410093162629416
"50"	0.227520097300842	0.0759736499884622	Inf	0.112086554474162	0.40730154597302
