"contrast"	"odds.ratio"	"SE"	"df"	"null"	"z.ratio"	"p.value"
"seurat / scvi"	1.07150998625793	0.143445519935275	Inf	1	0.515930847716934	0.605902708156408
