"contrast"	"odds.ratio"	"SE"	"df"	"null"	"z.ratio"	"p.value"
"subsample_ref500 / subsample_ref100"	0.952607581432557	0.0579263911598586	Inf	1	-0.798448226226519	0.703974485967775
"subsample_ref500 / subsample_ref50"	1.00579357123588	0.0610877496249899	Inf	1	0.0951143508852084	0.995024783909557
"subsample_ref100 / subsample_ref50"	1.05583200348179	0.0641530223197166	Inf	1	0.89414940412743	0.64400303287492
