"contrast"	"odds.ratio"	"SE"	"df"	"null"	"z.ratio"	"p.value"
"seurat cutoff0 / scvi cutoff0"	1.03600224433615	0.024847556118653	Inf	1	1.47469974732325	0.140293284055241
