"method"	"cutoff"	"response"	"SE"	"df"	"asymp.LCL"	"asymp.UCL"
"seurat"	0	0.959209835952888	0.0101683595631789	Inf	0.933906315582862	0.975084519421751
"scvi"	0	0.957803265984629	0.0105051359505587	Inf	0.931684510725357	0.974212546370376
