"subsample_ref"	"response"	"SE"	"df"	"asymp.LCL"	"asymp.UCL"
"500"	0.959981961571647	0.00998355830551981	Inf	0.935126112715962	0.975563376395953
"100"	0.958726968936345	0.0102819849110013	Inf	0.933149627907469	0.974782726807298
"50"	0.956767647657289	0.0107468886356521	Inf	0.930068346459326	0.973563134733372
