"contrast"	"odds.ratio"	"SE"	"df"	"null"	"z.ratio"	"p.value"
"subsample_ref500 / subsample_ref100"	1.0327107450475	0.0192707450970365	Inf	1	1.72489447077347	0.195846959711358
"subsample_ref500 / subsample_ref50"	1.08395102631056	0.0200544610863128	Inf	1	4.35714745944132	3.91844774147998e-05
"subsample_ref100 / subsample_ref50"	1.04961726360338	0.0190794950134167	Inf	1	2.66402920717667	0.0210788230183552
