"treatment_state"	"response"	"SE"	"df"	"asymp.LCL"	"asymp.UCL"
"No treatment"	0.956535733090877	0.0108073586992882	Inf	0.929686971563235	0.973425447643207
"treatment"	0.96040261321332	0.00989936775869963	Inf	0.935739684267799	0.975844328176937
