"contrast"	"odds.ratio"	"SE"	"df"	"null"	"z.ratio"	"p.value"
"No treatment / treatment"	0.907365019036332	0.0292555337215266	Inf	1	-3.01499793802715	0.00256981002737776
