"method"	"cutoff"	"response"	"SE"	"df"	"asymp.LCL"	"asymp.UCL"
"seurat"	0	0.821408109185444	0.0429143030283353	Inf	0.721628540996324	0.890833130894356
"scvi"	0	0.797759178647303	0.0471967260824749	Inf	0.68976015311691	0.874976680805305
