"contrast"	"odds.ratio"	"SE"	"df"	"null"	"z.ratio"	"p.value"
"seurat cutoff0 / scvi cutoff0"	1.16598848483828	0.0161842240275019	Inf	1	11.0638565449435	1.87843305326291e-28
