"contrast"	"odds.ratio"	"SE"	"df"	"null"	"z.ratio"	"p.value"
"Control / Disease"	0.95802932484437	0.00820183546177095	Inf	1	-5.00830809431205	5.4910587556687e-07
