"disease_state"	"response"	"SE"	"df"	"asymp.LCL"	"asymp.UCL"
"Control"	0.98351808596312	0.00384577439282976	Inf	0.974014416502303	0.989583164685378
"Disease"	0.984198912509277	0.00368783423146769	Inf	0.975082869218987	0.990013966691618
