"method"	"response"	"SE"	"df"	"asymp.LCL"	"asymp.UCL"
"seurat"	0.980555025706814	0.00452225504778002	Inf	0.969399735038833	0.987695286735828
"scvi"	0.986614290690631	0.00313246089447583	Inf	0.978859699376916	0.991548935474188
