"contrast"	"odds.ratio"	"SE"	"df"	"null"	"z.ratio"	"p.value"
"seurat / scvi"	0.684161425830067	0.00536426958616705	Inf	1	-48.4094349148456	0
