"region_match"	"response"	"SE"	"df"	"asymp.LCL"	"asymp.UCL"
"False"	0.983213465517881	0.0039137766515993	Inf	0.97354457133916	0.989387108068135
"True"	0.9844859324984	0.00362464387594322	Inf	0.975522962085795	0.990199825580587
