"contrast"	"odds.ratio"	"SE"	"df"	"null"	"z.ratio"	"p.value"
"False / True"	0.923002617831636	0.0107860597551725	Inf	1	-6.8564362384569	7.05995695791393e-12
