"sex"	"response"	"SE"	"df"	"asymp.LCL"	"asymp.UCL"
"female"	0.981305899631403	0.00565098001839151	Inf	0.966330654415139	0.989691599440869
"male"	0.980441953614162	0.00590623710745184	Inf	0.964801875093951	0.989210176106884
"None"	0.988520420332623	0.0040355366670389	Inf	0.977215607157711	0.994249192060819
