"contrast"	"odds.ratio"	"SE"	"df"	"null"	"z.ratio"	"p.value"
"female / male"	1.04713680587472	0.00789281941464152	Inf	1	6.11070484617529	2.97485924782848e-09
"female / None"	0.60959329423756	0.286729692955674	Inf	1	-1.05230222299266	0.54384033448768
"male / None"	0.5821524855373	0.273809839150814	Inf	1	-1.15027935212873	0.48312460234384
