"contrast"	"odds.ratio"	"SE"	"df"	"null"	"z.ratio"	"p.value"
"subsample_ref100 / subsample_ref50"	0.927376340650213	0.00606586116919135	Inf	1	-11.526854410292	9.66094167457595e-31
