"subsample_ref"	"response"	"SE"	"df"	"asymp.LCL"	"asymp.UCL"
"100"	0.983252433174723	0.00390554209900523	Inf	0.973603252593859	0.989412766573623
"50"	0.984449789514679	0.00363079531536674	Inf	0.975473074318406	0.990174171768539
