"1"	"response"	"SE"	"df"	"asymp.LCL"	"asymp.UCL"
"overall"	0.983862030292863	0.00376539076349689	Inf	0.974555980966493	0.98980005234841
