"method"	"response"	"SE"	"df"	"asymp.LCL"	"asymp.UCL"
"seurat"	0.822138647633012	0.0414344952459648	Inf	0.72622103733144	0.889562114670772
"scvi"	0.801966018372707	0.0450004581287276	Inf	0.699154376450337	0.875880067275008
