"method"	"response"	"SE"	"df"	"asymp.LCL"	"asymp.UCL"
"seurat"	0.822138839497769	0.041434479318549	Inf	0.726221247309735	0.889562268723885
"scvi"	0.801966224884155	0.0450004435314511	Inf	0.699154596114354	0.875880236465637
