"contrast"	"odds.ratio"	"SE"	"df"	"null"	"z.ratio"	"p.value"
"seurat / scvi"	1.14142461065881	0.0155635317790063	Inf	1	9.70116461822876	2.98076563777976e-22
