"contrast"	"odds.ratio"	"SE"	"df"	"null"	"z.ratio"	"p.value"
"seurat / scvi"	1.14142459720107	0.0155635315949619	Inf	1	9.70116375387139	2.98079089263539e-22
