"method"	"response"	"SE"	"df"	"asymp.LCL"	"asymp.UCL"
"seurat"	0.822138581403208	0.0414345001459709	Inf	0.726220966442606	0.889562060705756
"scvi"	0.801965947331436	0.0450004624762027	Inf	0.699154302634266	0.875880008167956
