"contrast"	"odds.ratio"	"SE"	"df"	"null"	"z.ratio"	"p.value"
"seurat / scvi"	1.1414245907989	0.0155635314898155	Inf	1	9.70116335364219	2.98080258663276e-22
