"sex"	"response"	"SE"	"df"	"asymp.LCL"	"asymp.UCL"
"female"	0.776522034598561	0.0587241386676859	Inf	0.641588124752838	0.87087985090554
"male"	0.782614784437589	0.0574261907968768	Inf	0.650080521420129	0.87463159286028
"None"	0.866205286636225	0.0597658924020599	Inf	0.702048136374006	0.946776375756839
