"sex"	"response"	"SE"	"df"	"asymp.LCL"	"asymp.UCL"
"female"	0.776522061156459	0.0587241438459687	Inf	0.641588133587395	0.870879881003539
"male"	0.782614812813306	0.0574261953397512	Inf	0.650080533267932	0.874631623726565
"None"	0.8662054060685	0.059765857660331	Inf	0.702048315260243	0.946776436521853
