"sex"	"response"	"SE"	"df"	"asymp.LCL"	"asymp.UCL"
"female"	0.776522189057137	0.0587241468920193	Inf	0.641588232991217	0.87087999814951
"male"	0.782614948887959	0.0574261958134475	Inf	0.650080645933056	0.874631744823273
"None"	0.866205682100045	0.0597657809334459	Inf	0.702048716079275	0.946776580002508
