"contrast"	"odds.ratio"	"SE"	"df"	"null"	"z.ratio"	"p.value"
"female / male"	0.965163740958411	0.0274601692526518	Inf	1	-1.24625252268468	0.425905413029679
"female / None"	0.53670557076158	0.331013366333842	Inf	1	-1.00900726993313	0.571144399697032
"male / None"	0.556077220875112	0.342700669017154	Inf	1	-0.952238774023867	0.607152612280847
