"contrast"	"odds.ratio"	"SE"	"df"	"null"	"z.ratio"	"p.value"
"female / male"	0.965163814845189	0.0274601712966778	Inf	1	-1.24624983463473	0.425906976254248
"female / None"	0.536706924460063	0.331013992047253	Inf	1	-1.00900381800836	0.571146583962313
"male / None"	0.556078580863654	0.342701289796595	Inf	1	-0.952235409537678	0.607154749081336
