"contrast"	"odds.ratio"	"SE"	"df"	"null"	"z.ratio"	"p.value"
"female / male"	0.965163801574726	0.0274601709535171	Inf	1	-1.24625031633567	0.425906696122837
"female / None"	0.536706453503522	0.331013758781212	Inf	1	-1.00900506643063	0.571145794001359
"male / None"	0.556078100554383	0.342701053259267	Inf	1	-0.952236645836391	0.607153963902394
