"subsample_ref"	"response"	"SE"	"df"	"asymp.LCL"	"asymp.UCL"
"500"	0.816155246129227	0.0425146899133187	Inf	0.71812250896236	0.885528443594842
"100"	0.81680824530889	0.0423975775329941	Inf	0.719003824962025	0.885969464165724
"50"	0.803594698307794	0.0447198234348346	Inf	0.701316750349994	0.876992520064819
