"contrast"	"odds.ratio"	"SE"	"df"	"null"	"z.ratio"	"p.value"
"subsample_ref500 / subsample_ref100"	0.995651486241363	0.0111271155368284	Inf	1	-0.38995238466696	0.919606186294453
"subsample_ref500 / subsample_ref50"	1.08501984839786	0.0120214118541053	Inf	1	7.36483823803001	5.52446977053478e-13
"subsample_ref100 / subsample_ref50"	1.08975867900711	0.0119664463849378	Inf	1	7.82785424553401	3.2085445411667e-14
