"contrast"	"odds.ratio"	"SE"	"df"	"null"	"z.ratio"	"p.value"
"subsample_ref500 / subsample_ref100"	0.995651481910212	0.011127115480666	Inf	1	-0.389952774181783	0.919606032372716
"subsample_ref500 / subsample_ref50"	1.08501983875804	0.0120214117443299	Inf	1	7.36483743796351	5.52335954751015e-13
"subsample_ref100 / subsample_ref50"	1.08975867406572	0.011966446333658	Inf	1	7.82785383064674	3.17523785042795e-14
