"subsample_ref"	"response"	"SE"	"df"	"asymp.LCL"	"asymp.UCL"
"500"	0.8161551783386	0.0425146946801644	Inf	0.71812243701807	0.885528388026785
"100"	0.816808178480341	0.0423975821723773	Inf	0.719003754201936	0.885969409307471
"50"	0.803594626977022	0.0447198279453068	Inf	0.701316675869518	0.876992460912973
