"subsample_ref"	"response"	"SE"	"df"	"asymp.LCL"	"asymp.UCL"
"500"	0.81615544278252	0.0425146742784777	Inf	0.718122722442214	0.885528602399456
"100"	0.81680844076956	0.0423975619859971	Inf	0.719004037155423	0.885969621998471
"50"	0.803594903761254	0.0447198087027173	Inf	0.701316969403351	0.876992688107588
