"contrast"	"odds.ratio"	"SE"	"df"	"null"	"z.ratio"	"p.value"
"subsample_ref500 / subsample_ref100"	0.995651476751132	0.011127115416042	Inf	1	-0.389953238075404	0.919605849059085
"subsample_ref500 / subsample_ref50"	1.08501983891726	0.0120214117317706	Inf	1	7.36483745998296	5.52446977053478e-13
"subsample_ref100 / subsample_ref50"	1.08975867987234	0.0119664463894423	Inf	1	7.82785432110673	3.1863400806742e-14
