"1"	"response"	"SE"	"df"	"asymp.LCL"	"asymp.UCL"
"overall"	0.812260564367245	0.0431969871305778	Inf	0.712911059798732	0.882877670439794
