"1"	"response"	"SE"	"df"	"asymp.LCL"	"asymp.UCL"
"overall"	0.812260495726777	0.0431969917727577	Inf	0.712910987404637	0.882877613926139
