"1"	"response"	"SE"	"df"	"asymp.LCL"	"asymp.UCL"
"overall"	0.812260763555533	0.0431969718151571	Inf	0.712911274731086	0.882877831986115
