"contrast"	"odds.ratio"	"SE"	"df"	"null"	"z.ratio"	"p.value"
"No treatment / treatment"	0.994126839968604	0.0241618219006312	Inf	1	-0.2423608280366	0.808500584353321
