"treatment_state"	"response"	"SE"	"df"	"asymp.LCL"	"asymp.UCL"
"No treatment"	0.811811022163611	0.0433044690551684	Inf	0.712234235932401	0.882610013746827
"treatment"	0.812709280459936	0.0431689534921409	Inf	0.713378156920704	0.883250152404305
