"contrast"	"odds.ratio"	"SE"	"df"	"null"	"z.ratio"	"p.value"
"No treatment / treatment"	0.994126847635122	0.0241618221051637	Inf	1	-0.242360510555179	0.80850083033538
