"treatment_state"	"response"	"SE"	"df"	"asymp.LCL"	"asymp.UCL"
"No treatment"	0.811811221018287	0.0433044539067268	Inf	0.712234450113632	0.88261017519615
"treatment"	0.812709479979412	0.0431689379086988	Inf	0.713378372791354	0.883250313871199
