"treatment_state"	"response"	"SE"	"df"	"asymp.LCL"	"asymp.UCL"
"No treatment"	0.811810953985946	0.0433044735777077	Inf	0.71223416426468	0.882609957501564
"treatment"	0.812709211358778	0.0431689582899906	Inf	0.713378083734342	0.883250095686456
