"contrast"	"odds.ratio"	"SE"	"df"	"null"	"z.ratio"	"p.value"
"No treatment / treatment"	0.994126830857703	0.0241618216521482	Inf	1	-0.242361205386292	0.808500291985831
