"method"	"response"	"SE"	"df"	"asymp.LCL"	"asymp.UCL"
"seurat"	0.877563692193184	0.0293586628895601	Inf	0.807525998915681	0.924498785137363
"scvi"	0.887922440184788	0.0271958299915928	Inf	0.822601513853906	0.931202744704584
