"contrast"	"odds.ratio"	"SE"	"df"	"null"	"z.ratio"	"p.value"
"seurat / scvi"	0.904716716538387	0.0154335432717852	Inf	1	-5.86983581833308	4.36226910009097e-09
