"method"	"response"	"SE"	"df"	"asymp.LCL"	"asymp.UCL"
"seurat"	0.877563258941034	0.0293590299588868	Inf	0.807524584912443	0.924498857234547
"scvi"	0.887921911079586	0.0271961992823384	Inf	0.822599999044671	0.93120272849263
