"contrast"	"odds.ratio"	"SE"	"df"	"null"	"z.ratio"	"p.value"
"seurat / scvi"	0.904717081256745	0.0154335498534627	Inf	1	-5.8698120498993	4.36289451567602e-09
