"method"	"response"	"SE"	"df"	"asymp.LCL"	"asymp.UCL"
"seurat"	0.877563007433201	0.0293593313301739	Inf	0.80752351376226	0.92449901149472
"scvi"	0.887921595873458	0.0271964971236272	Inf	0.822598872897307	0.931202817049908
