"contrast"	"odds.ratio"	"SE"	"df"	"null"	"z.ratio"	"p.value"
"seurat / scvi"	0.904715554448701	0.0154335224135183	Inf	1	-5.86991150808904	4.36027806703153e-09
