"method"	"response"	"SE"	"df"	"asymp.LCL"	"asymp.UCL"
"seurat"	0.877563132697107	0.029359170137629	Inf	0.807524078704921	0.92449892053969
"scvi"	0.887921754034172	0.0271963382610271	Inf	0.822599465022822	0.931202760735472
