"contrast"	"odds.ratio"	"SE"	"df"	"null"	"z.ratio"	"p.value"
"seurat / scvi"	0.904717464365707	0.0154335567828217	Inf	1	-5.86978707696317	4.36355171917567e-09
