"sex"	"response"	"SE"	"df"	"asymp.LCL"	"asymp.UCL"
"female"	0.875832638206694	0.0357829263484901	Inf	0.787285528780372	0.930761700446654
"male"	0.875922825668295	0.0355952324774097	Inf	0.787923233716471	0.930622824392921
"None"	0.895757034492791	0.0458715732200814	Inf	0.766401698122945	0.957457843700325
