"sex"	"response"	"SE"	"df"	"asymp.LCL"	"asymp.UCL"
"female"	0.875832806147067	0.0357830230964461	Inf	0.787285370026191	0.930761960578286
"male"	0.875923016277061	0.0355953242592266	Inf	0.787923108757514	0.93062309914132
"None"	0.895756340923307	0.0458720217126355	Inf	0.76639969641386	0.957457694029444
