"contrast"	"odds.ratio"	"SE"	"df"	"null"	"z.ratio"	"p.value"
"female / male"	0.999170348403719	0.0357918746608614	Inf	1	-0.023170268337049	0.999704056968879
"female / None"	0.820877810780255	0.48526287669478	Inf	1	-0.333892616655894	0.940399923749642
"male / None"	0.821559418863555	0.484971650723365	Inf	1	-0.332964487570506	0.940720724126184
