"contrast"	"odds.ratio"	"SE"	"df"	"null"	"z.ratio"	"p.value"
"female / male"	0.999171487278319	0.0357919135107882	Inf	1	-0.0231384502519216	0.999704869085136
"female / None"	0.820842028952795	0.48523299608922	Inf	1	-0.333972362485674	0.94037232373556
"male / None"	0.821522670936816	0.484941224313672	Inf	1	-0.333046260730871	0.940692491336991
