"sex"	"response"	"SE"	"df"	"asymp.LCL"	"asymp.UCL"
"female"	0.875832286273643	0.03578267694901	Inf	0.787286002277447	0.930761101128391
"male"	0.875922396378876	0.0355950006492018	Inf	0.787923590835373	0.930622176357606
"None"	0.895759014960313	0.0458703680713727	Inf	0.76640713020702	0.957458335638581
