"contrast"	"odds.ratio"	"SE"	"df"	"null"	"z.ratio"	"p.value"
"female / male"	0.999170774085274	0.0357918887707986	Inf	1	-0.0231583758307337	0.999704360640544
"female / None"	0.820862095387635	0.485249456529655	Inf	1	-0.333927844343287	0.940387732166875
"male / None"	0.821543340415578	0.484958026311399	Inf	1	-0.33300047934667	0.940708298447918
