"contrast"	"odds.ratio"	"SE"	"df"	"null"	"z.ratio"	"p.value"
"female / male"	0.999170564720073	0.0357918817670137	Inf	1	-0.0231642250256346	0.999704211302537
"female / None"	0.82086946014408	0.485255699685263	Inf	1	-0.333911366950198	0.940393434796208
"male / None"	0.821550883431052	0.484964369869869	Inf	1	-0.332983627133074	0.940714116595383
