"sex"	"response"	"SE"	"df"	"asymp.LCL"	"asymp.UCL"
"female"	0.875833017255212	0.0357831348744995	Inf	0.787285200158194	0.930762276147539
"male"	0.875923250782711	0.0355954310103805	Inf	0.787922973606326	0.930623429981799
"None"	0.895755572276247	0.04587253263012	Inf	0.76639742588051	0.957457540020717
