"subsample_ref"	"response"	"SE"	"df"	"asymp.LCL"	"asymp.UCL"
"500"	0.883233068467973	0.0281803424566136	Inf	0.815756892161515	0.928173030988934
"100"	0.884227428090915	0.0279712473480457	Inf	0.81720858287417	0.928814809905711
"50"	0.881046939578085	0.0286361917522838	Inf	0.812577508022015	0.926757627417229
