"subsample_ref"	"response"	"SE"	"df"	"asymp.LCL"	"asymp.UCL"
"500"	0.883232307690888	0.0281810077375917	Inf	0.815754338310897	0.928173180225261
"100"	0.884226719606135	0.0279718983298865	Inf	0.817206112686775	0.928814988067531
"50"	0.881046102379602	0.0286368802441559	Inf	0.812574827046342	0.926757737866183
