"contrast"	"odds.ratio"	"SE"	"df"	"null"	"z.ratio"	"p.value"
"subsample_ref500 / subsample_ref100"	0.990368901443013	0.0135497755889686	Inf	1	-0.707360048105844	0.75913772320179
"subsample_ref500 / subsample_ref50"	1.02125037901611	0.013890894087779	Inf	1	1.54594697757394	0.269497798371523
"subsample_ref100 / subsample_ref50"	1.03118179248975	0.0138047678126019	Inf	1	2.29362560219284	0.0566811935794468
