"contrast"	"odds.ratio"	"SE"	"df"	"null"	"z.ratio"	"p.value"
"subsample_ref500 / subsample_ref100"	0.990368988790678	0.0135497765502103	Inf	1	-0.70735361388302	0.759141524975141
"subsample_ref500 / subsample_ref50"	1.02125025073387	0.0138908925125792	Inf	1	1.54593772370145	0.269502008625057
"subsample_ref100 / subsample_ref50"	1.03118157201277	0.0138047648797579	Inf	1	2.29360962800017	0.056683437803706
