"contrast"	"odds.ratio"	"SE"	"df"	"null"	"z.ratio"	"p.value"
"subsample_ref500 / subsample_ref100"	0.990369260608201	0.0135497797735481	Inf	1	-0.707333579089905	0.759153362785249
"subsample_ref500 / subsample_ref50"	1.02124989795495	0.0138908883968512	Inf	1	1.54591225129893	0.269513598068741
"subsample_ref100 / subsample_ref50"	1.03118093278438	0.0138047565417865	Inf	1	2.29356328659358	0.0566899487542714
