"subsample_ref"	"response"	"SE"	"df"	"asymp.LCL"	"asymp.UCL"
"500"	0.883232588812122	0.0281807094151787	Inf	0.815755431931154	0.928173058578316
"100"	0.884226980080747	0.0279716059565033	Inf	0.817207172546993	0.928814855424427
"50"	0.881046415948305	0.0286365716171256	Inf	0.812575975752852	0.926757632069054
