"contrast"	"odds.ratio"	"SE"	"df"	"null"	"z.ratio"	"p.value"
"subsample_ref500 / subsample_ref100"	0.990368809171494	0.0135497746119143	Inf	1	-0.707366843027749	0.759133708286346
"subsample_ref500 / subsample_ref50"	1.0212505225348	0.0138908958856525	Inf	1	1.54595732659331	0.269493089905361
"subsample_ref100 / subsample_ref50"	1.03118203347815	0.0138047710451619	Inf	1	2.29364305802877	0.056678741282576
