"1"	"response"	"SE"	"df"	"asymp.LCL"	"asymp.UCL"
"overall"	0.882842323170694	0.0282501162921141	Inf	0.815221904820042	0.927905163860863
