"1"	"response"	"SE"	"df"	"asymp.LCL"	"asymp.UCL"
"overall"	0.882841554815369	0.0282507846140078	Inf	0.815219336791235	0.927905310413255
