"1"	"response"	"SE"	"df"	"asymp.LCL"	"asymp.UCL"
"overall"	0.882841697299391	0.0282506244783394	Inf	0.815219916344013	0.927905237345559
