"1"	"response"	"SE"	"df"	"asymp.LCL"	"asymp.UCL"
"overall"	0.882841839675531	0.02825048479709	Inf	0.815220437417642	0.927905190108286
