"contrast"	"odds.ratio"	"SE"	"df"	"null"	"z.ratio"	"p.value"
"No treatment / treatment"	1.24770094268512	0.0344305035910354	Inf	1	8.01961774526837	1.06074745845378e-15
