"treatment_state"	"response"	"SE"	"df"	"asymp.LCL"	"asymp.UCL"
"No treatment"	0.893810607203138	0.0259400481439863	Inf	0.8312631438848	0.934986271577908
"treatment"	0.870903085840628	0.0307677918604388	Inf	0.797800609193394	0.920219286513278
