"contrast"	"odds.ratio"	"SE"	"df"	"null"	"z.ratio"	"p.value"
"No treatment / treatment"	1.24770124181549	0.0344305128732123	Inf	1	8.01962619385652	1.06067450540113e-15
