"treatment_state"	"response"	"SE"	"df"	"asymp.LCL"	"asymp.UCL"
"No treatment"	0.893810891389116	0.0259397667545644	Inf	0.831264201709876	0.934986177156834
"treatment"	0.870903368489419	0.030767473727513	Inf	0.797801748012261	0.920219137357287
