"contrast"	"odds.ratio"	"SE"	"df"	"null"	"z.ratio"	"p.value"
"No treatment / treatment"	1.24770223954906	0.0344305444915226	Inf	1	8.01965422037297	1.06043253350278e-15
