"treatment_state"	"response"	"SE"	"df"	"asymp.LCL"	"asymp.UCL"
"No treatment"	0.893811373010153	0.0259394180434522	Inf	0.831265623203534	0.934986178023599
"treatment"	0.8709038490957	0.030767085879751	Inf	0.797803253896906	0.920219079671391
