"contrast"	"odds.ratio"	"SE"	"df"	"null"	"z.ratio"	"p.value"
"No treatment / treatment"	1.24770064268164	0.0344304943937384	Inf	1	8.01960924593665	1.06082085466175e-15
