"treatment_state"	"response"	"SE"	"df"	"asymp.LCL"	"asymp.UCL"
"No treatment"	0.893810749362245	0.025939898066257	Inf	0.831263700031651	0.934986212649602
"treatment"	0.87090322720397	0.0307676217026116	Inf	0.797801209827059	0.920219197775904
