"contrast"	"odds.ratio"	"SE"	"df"	"null"	"z.ratio"	"p.value"
"seurat / scvi"	0.870956152356081	0.0948263143015658	Inf	1	-1.26899877569373	0.204441500717641
