"contrast"	"odds.ratio"	"SE"	"df"	"null"	"z.ratio"	"p.value"
"subsample_ref500 / subsample_ref100"	0.941773788631909	0.0476443955506393	Inf	1	-1.18580940259237	0.461633233905138
"subsample_ref500 / subsample_ref50"	0.791725154086718	0.0409126581091513	Inf	1	-4.51939015976024	1.84809179951673e-05
"subsample_ref100 / subsample_ref50"	0.840674441828368	0.0428513076309251	Inf	1	-3.40479047133169	0.00191476131505219
