"subsample_ref"	"response"	"SE"	"df"	"asymp.LCL"	"asymp.UCL"
"500"	0.459745929245236	0.0126279268443925	Inf	0.435114825533549	0.484575264529724
"100"	0.474677845410366	0.0126418313646599	Inf	0.449982762779335	0.499497411210316
"50"	0.518036034573902	0.0128960702165435	Inf	0.492735609897994	0.543244315145986
