"contrast"	"odds.ratio"	"SE"	"df"	"null"	"z.ratio"	"p.value"
"seurat / scvi"	1.48378405264045	0.0597941879826314	Inf	1	9.79183267807306	1.22063066122997e-22
