"method"	"response"	"SE"	"df"	"asymp.LCL"	"asymp.UCL"
"seurat"	0.873890837518711	0.0033399257401963	Inf	0.867198031615335	0.880292906895736
"scvi"	0.823640838045464	0.00433257826256518	Inf	0.814987890826091	0.831972526851891
