"method"	"response"	"SE"	"df"	"asymp.LCL"	"asymp.UCL"
"seurat"	0.873890837633752	0.00333992573921901	Inf	0.867198031732215	0.88029290700879
"scvi"	0.823640838079242	0.00433257826298183	Inf	0.814987890858981	0.831972526886416
