"contrast"	"odds.ratio"	"SE"	"df"	"null"	"z.ratio"	"p.value"	"key"
"seurat / scvi"	1.48378405384428	0.0597941880556789	Inf	1	9.79183269418821	1.22063046664934e-22	"all"
