"contrast"	"odds.ratio"	"SE"	"df"	"null"	"z.ratio"	"p.value"
"subsample_ref500 / subsample_ref100"	1.07572835408806	0.0264835700070986	Inf	1	2.96508314411368	0.00850340183822518
"subsample_ref500 / subsample_ref50"	1.26477983505755	0.0313960351806917	Inf	1	9.46279784771341	2.59792187762287e-14
"subsample_ref100 / subsample_ref50"	1.17574277023659	0.0288963923604826	Inf	1	6.5874265959319	1.34265043527648e-10
