"contrast"	"odds.ratio"	"SE"	"df"	"null"	"z.ratio"	"p.value"
"subsample_ref500 / subsample_ref100"	1.07572835487239	0.0264835700253934	Inf	1	2.965083173843	0.00850340103717551
"subsample_ref500 / subsample_ref50"	1.26477983762075	0.0313960352361816	Inf	1	9.4627979318072	2.59792187762287e-14
"subsample_ref100 / subsample_ref50"	1.1757427717621	0.0288963923869559	Inf	1	6.58742665123651	1.34264932505346e-10
