"subsample_ref"	"response"	"SE"	"df"	"asymp.LCL"	"asymp.UCL"
"500"	0.87249919015742	0.00226312525169071	Inf	0.867997277253945	0.876869346745851
"100"	0.864155401218607	0.00234688061942821	Inf	0.859489620958888	0.868689919787758
"50"	0.844005853515378	0.00258042525137314	Inf	0.838881223571618	0.848996827033484
