"method"	"response"	"SE"	"df"	"asymp.LCL"	"asymp.UCL"
"seurat"	0.637215713928046	0.0229605211893665	Inf	0.59112830519536	0.680912397417271
"scvi"	0.68442677381846	0.0214353642460634	Inf	0.640992961765761	0.724861368989131
