"contrast"	"odds.ratio"	"SE"	"df"	"null"	"z.ratio"	"p.value"
"seurat / scvi"	0.809862275178367	0.040846775163441	Inf	1	-4.18130259434385	2.89843828810685e-05
