"contrast"	"odds.ratio"	"SE"	"df"	"null"	"z.ratio"	"p.value"
"subsample_ref100 / subsample_ref50"	0.943387448253679	0.0157981728626666	Inf	1	-3.48008185162373	0.000501260615435649
