"contrast"	"odds.ratio"	"SE"	"df"	"null"	"z.ratio"	"p.value"
"No treatment / treatment"	0.979482495436135	0.0275358790035324	Inf	1	-0.737422113050405	0.460865692062893
