"region_match"	"response"	"SE"	"df"	"asymp.LCL"	"asymp.UCL"
"False"	0.937892478869854	0.0152883191228341	Inf	0.900281549140977	0.961917711983793
"True"	0.949104568020321	0.0126815733740059	Inf	0.917676995467929	0.968940447079891
