"1"	"response"	"SE"	"df"	"asymp.LCL"	"asymp.UCL"
"overall"	0.943760709293365	0.0139310386830737	Inf	0.909358132254262	0.965599938249681
