"contrast"	"odds.ratio"	"SE"	"df"	"null"	"z.ratio"	"p.value"
"seurat cutoff0 / scvi cutoff0"	1.10220024135694	0.0194415136026452	Inf	1	5.51671776952124	3.45389433175099e-08
