"subsample_ref"	"response"	"SE"	"df"	"asymp.LCL"	"asymp.UCL"
"500"	0.944409593004309	0.0174273975394564	Inf	0.898615938110156	0.970204768602397
"100"	0.944093620400987	0.0175201465961149	Inf	0.898069277801132	0.970030282920441
"50"	0.942913584707475	0.0178672371622686	Inf	0.896025973958568	0.969379564844936
