"contrast"	"odds.ratio"	"SE"	"df"	"null"	"z.ratio"	"p.value"
"subsample_ref500 / subsample_ref100"	1.00602052704659	0.0138089514196142	Inf	1	0.437297081754889	0.899975784358229
"subsample_ref500 / subsample_ref50"	1.02854054458854	0.0139893014174461	Inf	1	2.06901007805455	0.0963330201496314
"subsample_ref100 / subsample_ref50"	1.02238524655959	0.0136352661310618	Inf	1	1.65995640154654	0.220772204158817
