"treatment_state"	"response"	"SE"	"df"	"asymp.LCL"	"asymp.UCL"
"No treatment"	0.944279870074956	0.0174727406656693	Inf	0.898366790737403	0.970140971468709
"treatment"	0.943334495439695	0.0177618376011197	Inf	0.896692186730966	0.96963152169912
