"contrast"	"odds.ratio"	"SE"	"df"	"null"	"z.ratio"	"p.value"
"No treatment / treatment"	1.01798564883235	0.0302366285562725	Inf	1	0.60014725288319	0.54840810326859
