"contrast"	"odds.ratio"	"SE"	"df"	"null"	"z.ratio"	"p.value"
"seurat / scvi"	1.11343630765385	0.02356579062887	Inf	1	5.07684436311281	3.8375496120605e-07
