"method"	"response"	"SE"	"df"	"asymp.LCL"	"asymp.UCL"
"seurat"	0.920046170212172	0.0170100123529835	Inf	0.879717742399219	0.947657725990588
"scvi"	0.911776659320484	0.0186043531431177	Inf	0.867865718660638	0.942069154415408
