"sex"	"response"	"SE"	"df"	"asymp.LCL"	"asymp.UCL"
"female"	0.919140455833332	0.0217374647634735	Inf	0.865002443321205	0.952753380731517
"male"	0.914883917763745	0.0224477755475524	Inf	0.859336160928663	0.949778001410643
"None"	0.913902264094089	0.0300030381241587	Inf	0.834089787445545	0.957286460976303
