"1"	"response"	"SE"	"df"	"asymp.LCL"	"asymp.UCL"
"overall"	0.916003804384956	0.0177746430249254	Inf	0.873963157335733	0.944905449846111
