"contrast"	"odds.ratio"	"SE"	"df"	"null"	"z.ratio"	"p.value"
"No treatment / treatment"	0.979482271375481	0.0275358727110681	Inf	1	-0.737430249921562	0.460860745387624
