"treatment_state"	"response"	"SE"	"df"	"asymp.LCL"	"asymp.UCL"
"No treatment"	0.915202821963643	0.0179418856148574	Inf	0.872779269046618	0.944381157433706
"treatment"	0.916797908667598	0.0176738159676348	Inf	0.874954547755553	0.945511403717333
