	sum_sq	df	F	PR(>F)	FDR	Rsquared
study	343.51183200116947	6.0	1889.741989746576	0.0	0.0	0.6932391341798423
reference	53.85619067657559	9.0	197.51732050766054	0.0	0.0	0.6932391341798423
method	3.3535771798882714	1.0	110.6930537286855	7.175517447364895e-26	1.435103489472979e-25	0.6932391341798423
region_match	1.7344553849594149	1.0	57.24996110681934	3.8778402846767837e-14	6.204544455482854e-14	0.6932391341798423
sex	0.43503657804558166	1.0	14.35945103525168	0.00015112762237070264	0.00015112762237070264	0.6932391341798423
disease_state	0.6398879284440093	1.0	21.121073124057283	4.318019982821567e-06	5.757359977095422e-06	0.6932391341798423
label	5189.559855401116	10.0	17129.41724875655	0.0	0.0	0.6932391341798423
subsample_ref	0.5117489365394494	1.0	16.891530890559736	3.961621877110501e-05	4.5275678595548585e-05	0.6932391341798423
Residual	2483.9538719005095	81989.0				0.6932391341798423
