	sum_sq	df	F	PR(>F)	FDR	Rsquared
study	35.93190366150583	6.0	3191.363138904589	0.0	0.0	0.6338512439676828
reference	0.7959986658770543	9.0	47.13213128233132	3.3819901749558124e-84	1.1836965612345343e-83	0.6338512439676828
method	0.2248481996571252	1.0	119.82202718697877	9.39376418404925e-28	2.191878309611492e-27	0.6338512439676828
region_match	0.05202406672751251	1.0	27.723722704059746	1.4238220312354773e-07	1.993350843729668e-07	0.6338512439676828
sex	0.04021036515709893	1.0	21.42817898653151	3.712305849717953e-06	4.331023491337612e-06	0.6338512439676828
disease_state	0.1955924221381327	1.0	104.23156849261296	2.270128948790098e-24	3.972725660382672e-24	0.6338512439676828
subsample_ref	0.0018047930758234142	1.0	0.9617776140878757	0.3267594213252064	0.3267594213252064	0.6338512439676828
Residual	22.253627837333212	11859.0				0.6338512439676828
