	sum_sq	df	F	PR(>F)	FDR	Rsquared
study	193.6461038987654	6.0	2319.259417234753	0.0	0.0	0.4546060657144261
reference	41.15131361221654	9.0	328.57385958255907	0.0	0.0	0.4546060657144261
method	79.24415278878202	1.0	5694.545170263374	0.0	0.0	0.4546060657144261
region_match	0.4785000446555421	1.0	34.385377625612776	4.5509084145402985e-09	5.201038188046055e-09	0.4546060657144261
sex	0.4446374875397689	1.0	31.9519884821845	1.5893437035284143e-08	1.5893437035284143e-08	0.4546060657144261
disease_state	0.8028874374254142	1.0	57.69610271741416	3.114985226593451e-14	4.1533136354579343e-14	0.4546060657144261
subsample_ref	10.574904975880726	1.0	759.920725216214	5.699864621080852e-166	9.119783393729363e-166	0.4546060657144261
cutoff	223.29053710985644	1.0	16045.828050602231	0.0	0.0	0.4546060657144261
Residual	660.9726776453836	47498.0				0.4546060657144261
