	sum_sq	df	F	PR(>F)	FDR	Rsquared
study	343.5635117994053	6.0	1891.9714850094472	0.0	0.0	0.6935078972160855
reference	53.8777204675674	9.0	197.79964460925973	0.0	0.0	0.6935078972160855
method	3.1954427635029403	1.0	105.58199080332862	9.425721488645703e-25	1.8851442977291405e-24	0.6935078972160855
region_match	1.6924300767495286	1.0	55.92030589299618	7.621752350696651e-14	1.2194803761114642e-13	0.6935078972160855
sex	0.4430823332405979	1.0	14.640072846131314	0.000130214605197989	0.000130214605197989	0.6935078972160855
disease_state	0.6501027720484154	1.0	21.480323692103923	3.5802724150532257e-06	4.773696553404301e-06	0.6935078972160855
label	5188.9741612646285	10.0	17145.111420264304	0.0	0.0	0.6935078972160855
subsample_ref	0.546757934872302	1.0	18.065662734027942	2.136512464290729e-05	2.4417285306179757e-05	0.6935078972160855
Residual	2481.4000450594167	81989.0				0.6935078972160855
