	sum_sq	df	F	PR(>F)	FDR	Rsquared
study	193.64610389876734	6.0	2319.2594172347754	0.0	0.0	0.45460606571442586
reference	41.15131361221676	9.0	328.5738595825608	0.0	0.0	0.45460606571442586
method	79.24415278878169	1.0	5694.545170263347	0.0	0.0	0.45460606571442586
region_match	0.47850004465557544	1.0	34.38537762561516	4.5509084145402985e-09	5.201038188046055e-09	0.45460606571442586
sex	0.4446374875397478	1.0	31.951988482182973	1.5893437035284143e-08	1.5893437035284143e-08	0.45460606571442586
disease_state	0.8028874374253803	1.0	57.69610271741169	3.114985226593451e-14	4.1533136354579343e-14	0.45460606571442586
subsample_ref	10.574904975874528	1.0	759.9207252157684	5.699864622349959e-166	9.119783395759935e-166	0.45460606571442586
cutoff	223.2905371098444	1.0	16045.828050601358	0.0	0.0	0.45460606571442586
Residual	660.9726776453838	47498.0				0.45460606571442586
