	sum_sq	df	F	PR(>F)	FDR	Rsquared
study	193.10622138058056	6.0	2313.9187042120057	0.0	0.0	0.4547717053066742
reference	41.25885007879554	9.0	329.59278138584347	0.0	0.0	0.4547717053066742
method	79.56591564087111	1.0	5720.449370390327	0.0	0.0	0.4547717053066742
region_match	0.4709629480731553	1.0	33.86022366590285	5.959632277486177e-09	6.811008317127059e-09	0.4547717053066742
sex	0.4454500780137673	1.0	32.02595731840282	1.5300023551102914e-08	1.5300023551102914e-08	0.4547717053066742
disease_state	0.8063046974570328	1.0	57.96986261968629	2.710742357447565e-14	3.6143231432634194e-14	0.4547717053066742
subsample_ref	10.501399215682383	1.0	755.0057338963098	6.423497655989841e-165	1.0277596249583746e-164	0.4547717053066742
cutoff	223.5357333155966	1.0	16071.264116114744	0.0	0.0	0.4547717053066742
Residual	660.651220981303	47498.0				0.4547717053066742
