	sum_sq	df	F	PR(>F)	FDR	Rsquared
study	326.23058910435503	6.0	6168.755432678144	0.0	0.0	0.4564746749174571
reference	30.461690236360646	9.0	384.0038782588418	0.0	0.0	0.4564746749174571
method	32.38571404016371	1.0	3674.3252674417054	0.0	0.0	0.4564746749174571
region_match	0.6439681544958943	1.0	73.0614881165704	1.2749822450327406e-17	1.4571225657517034e-17	0.4564746749174571
sex	0.5821068004883048	1.0	66.04300040231608	4.464357788282997e-16	4.464357788282997e-16	0.4564746749174571
disease_state	1.5761723239250995	1.0	178.82482962883068	9.52607752686513e-41	1.2701436702486838e-40	0.4564746749174571
subsample_ref	5.552508570441314	1.0	629.9605595466442	1.4464556859969195e-138	2.3143290975950713e-138	0.4564746749174571
cutoff	300.71649101817343	1.0	34117.82738259785	0.0	0.0	0.4564746749174571
Residual	837.4941118946806	95018.0				0.4564746749174571
