	sum_sq	df	F	PR(>F)	FDR	Rsquared
study	326.2305891043508	6.0	6168.755432678064	0.0	0.0	0.4564746749174571
reference	30.46169023636093	9.0	384.00387825884536	0.0	0.0	0.4564746749174571
method	32.385714040163435	1.0	3674.3252674416735	0.0	0.0	0.4564746749174571
region_match	0.6439681544958777	1.0	73.06148811656853	1.2749822450327406e-17	1.4571225657517034e-17	0.4564746749174571
sex	0.5821068004883828	1.0	66.04300040232494	4.464357788282997e-16	4.464357788282997e-16	0.4564746749174571
disease_state	1.576172323924992	1.0	178.8248296288185	9.526077526917385e-41	1.2701436702556512e-40	0.4564746749174571
subsample_ref	5.552508570441994	1.0	629.9605595467211	1.4464556859429e-138	2.31432909750864e-138	0.4564746749174571
cutoff	300.7164910181801	1.0	34117.82738259861	0.0	0.0	0.4564746749174571
Residual	837.4941118946806	95018.0				0.4564746749174571
