	sum_sq	df	F	PR(>F)	FDR	Rsquared
study	205.5696530373033	6.0	2460.969651420836	0.0	0.0	0.472496627607784
reference	40.669042415391836	9.0	324.57864494381136	0.0	0.0	0.472496627607784
method	88.95865435413482	1.0	6389.791840248961	0.0	0.0	0.472496627607784
region_match	0.3159647641637516	1.0	22.69536434108489	1.903851578270562e-06	2.5384687710274157e-06	0.472496627607784
sex	0.2081509420798428	1.0	14.951228757880745	0.00011047305610671798	0.00012625492126482055	0.472496627607784
disease_state	0.031151796598503367	1.0	2.2375956241626773	0.13469691789018154	0.13469691789018154	0.472496627607784
subsample_ref	11.95418719892949	1.0	858.6547129686643	4.458691875906292e-187	7.133907001450067e-187	0.472496627607784
cutoff	237.50827547983957	1.0	17059.93027514969	0.0	0.0	0.472496627607784
Residual	661.2669504971019	47498.0				0.472496627607784
