	sum_sq	df	F	PR(>F)	FDR	Rsquared
study	30.69906413713958	6.0	3801.901177004363	0.0	0.0	0.67109666798155
reference	0.7577166926337475	9.0	62.559214024485804	9.900455757478193e-113	3.4651595151173674e-112	0.67109666798155
method	0.31663739275566866	1.0	235.28223612751546	1.3424656012743329e-52	3.132419736306777e-52	0.67109666798155
region_match	0.009111544254014895	1.0	6.770471699511743	0.009279355243163577	0.01623887167553626	0.67109666798155
sex	0.0040562807298357125	1.0	3.0140811613274345	0.08257019358810745	0.11559827102335042	0.67109666798155
disease_state	0.0008091992198003994	1.0	0.6012878019564553	0.43810255477655613	0.5111196472393155	0.67109666798155
subsample_ref	7.415451813456789e-05	1.0	0.055101643851402565	0.814416615427218	0.814416615427218	0.67109666798155
Residual	15.959567974585141	11859.0				0.67109666798155
