	sum_sq	df	F	PR(>F)	FDR	Rsquared
study	97.74630261454857	6.0	4149.259900979835	0.0	0.0	0.4302951593333718
reference	2.7066817553266875	9.0	76.59778952715874	3.4346630242970476e-141	1.373865209718819e-140	0.4302951593333718
method	0.8570137167188095	1.0	218.27767726787303	3.0149523385913683e-49	8.039872902910315e-49	0.4302951593333718
region_match	0.04571694973021066	1.0	11.643908847910136	0.0006448530612648333	0.0010317648980237334	0.4302951593333718
sex	0.0060516110351020265	1.0	1.5413190882499064	0.21442981355912497	0.27376701999102154	0.4302951593333718
disease_state	0.0003774736217226859	1.0	0.09614089456464733	0.7565126330398567	0.7565126330398567	0.4302951593333718
label	0.5799307829103044	2.0	73.852927788864	9.839334951485337e-33	1.9678669902970674e-32	0.4302951593333718
subsample_ref	0.0054312253564663595	1.0	1.3833095461607716	0.23954614249214387	0.27376701999102154	0.4302951593333718
Residual	138.6635308392712	35317.0				0.4302951593333718
