	sum_sq	df	F	PR(>F)	FDR	Rsquared
study	206.12757803287886	6.0	2466.2750703786787	0.0	0.0	0.4724092831307879
reference	40.58234547103875	9.0	323.7064083899642	0.0	0.0	0.4724092831307879
method	88.6715343938323	1.0	6365.622595910532	0.0	0.0	0.4724092831307879
region_match	0.320391118150028	1.0	23.00049226808823	1.624500598983715e-06	2.166000798644953e-06	0.4724092831307879
sex	0.20792439338782934	1.0	14.92664163125861	0.00011192166803853394	0.0001279104777583245	0.4724092831307879
disease_state	0.030021645020723572	1.0	2.1552177169003137	0.14209292369817172	0.14209292369817172	0.4724092831307879
subsample_ref	12.019414953041892	1.0	862.8593148606917	5.6415902989399677e-188	9.026544478303948e-188	0.4724092831307879
cutoff	237.38799057965142	1.0	17041.79776702651	0.0	0.0	0.4724092831307879
Residual	661.6352881718094	47498.0				0.4724092831307879
