	sum_sq	df	F	PR(>F)	FDR	Rsquared
study	320.72161781043116	6.0	6204.707551036095	0.0	0.0	0.4677394821742602
reference	29.12388836712168	9.0	375.62213881036547	0.0	0.0	0.4677394821742602
method	35.025297196642754	1.0	4065.6141761247586	0.0	0.0	0.4677394821742602
region_match	0.28239285347309906	1.0	32.779176201439945	1.0355481319724785e-08	1.3807308426299713e-08	0.4677394821742602
sex	0.17302906170141893	1.0	20.084609195044415	7.417688230155305e-06	8.477357977320349e-06	0.4677394821742602
disease_state	0.026343482769513264	1.0	3.0578594778204318	0.08035067916259338	0.08035067916259338	0.4677394821742602
subsample_ref	6.102701762071449	1.0	708.3803074458261	1.6808773211272427e-155	2.6894037138035886e-155	0.4677394821742602
cutoff	318.14137223814345	1.0	36928.73941144341	0.0	0.0	0.4677394821742602
Residual	818.5807961253223	95018.0				0.4677394821742602
