	sum_sq	df	F	PR(>F)	FDR	Rsquared
study	320.721617810429	6.0	6204.707551036055	0.0	0.0	0.4677394821742603
reference	29.123888367121975	9.0	375.6221388103694	0.0	0.0	0.4677394821742603
method	35.02529719664217	1.0	4065.614176124692	0.0	0.0	0.4677394821742603
region_match	0.2823928534730911	1.0	32.77917620143903	1.0355481319724785e-08	1.3807308426299713e-08	0.4677394821742603
sex	0.17302906170146132	1.0	20.08460919504934	7.417688230155305e-06	8.477357977320349e-06	0.4677394821742603
disease_state	0.026343482769500666	1.0	3.0578594778189703	0.08035067916259338	0.08035067916259338	0.4677394821742603
subsample_ref	6.102701762072502	1.0	708.3803074459485	1.6808773210378108e-155	2.6894037136604976e-155	0.4677394821742603
cutoff	318.14137223814765	1.0	36928.73941144391	0.0	0.0	0.4677394821742603
Residual	818.5807961253221	95018.0				0.4677394821742603
