	sum_sq	df	F	PR(>F)	FDR	Rsquared
study	30.581390359705015	6.0	3799.1155974201397	0.0	0.0	0.6708903804081933
reference	0.753543740281284	9.0	62.4083196429388	1.8780601622134874e-112	6.573210567747206e-112	0.6708903804081933
method	0.3049081432664591	1.0	227.27180208071997	6.940439859426364e-51	1.619435967199485e-50	0.6708903804081933
region_match	0.008853857915762304	1.0	6.599470326784474	0.010213028582596814	0.017872800019544423	0.6708903804081933
sex	0.0039190030210373115	1.0	2.9211383776410704	0.08745233009516963	0.12243326213323748	0.6708903804081933
disease_state	0.0007546292232263169	1.0	0.5624839718220972	0.45327601870960543	0.5288220218278731	0.6708903804081933
subsample_ref	9.571322006174177e-05	1.0	0.07134252228668982	0.7893966502448301	0.7893966502448301	0.6708903804081933
Residual	15.91004971973021	11859.0				0.6708903804081933
