	sum_sq	df	F	PR(>F)	FDR	Rsquared
study	206.12757803287832	6.0	2466.2750703786714	0.0	0.0	0.4724092831307878
reference	40.582345471038835	9.0	323.70640838996474	0.0	0.0	0.4724092831307878
method	88.67153439383205	1.0	6365.622595910512	0.0	0.0	0.4724092831307878
region_match	0.32039111815000065	1.0	23.00049226808626	1.624500598983715e-06	2.166000798644953e-06	0.4724092831307878
sex	0.20792439338783228	1.0	14.926641631258818	0.00011192166803853394	0.0001279104777583245	0.4724092831307878
disease_state	0.030021645020719512	1.0	2.1552177169000215	0.14209292369817172	0.14209292369817172	0.4724092831307878
subsample_ref	12.019414953042853	1.0	862.8593148607603	5.6415902987279933e-188	9.026544477964789e-188	0.4724092831307878
cutoff	237.3879905796627	1.0	17041.797767027314	0.0	0.0	0.4724092831307878
Residual	661.6352881718096	47498.0				0.4724092831307878
