	sum_sq	df	F	PR(>F)	FDR	Rsquared
study	98.36569906730234	6.0	4126.075170064708	0.0	0.0	0.4289304708865125
reference	2.7060557921461137	9.0	75.67264956960553	1.9562850185430674e-139	7.82514007417227e-139	0.4289304708865125
method	0.9049097578221187	1.0	227.74558926345716	2.6740453137544925e-51	7.130787503345312e-51	0.4289304708865125
region_match	0.0471722605806763	1.0	11.872205145286232	0.0005704412428873256	0.000912705988619721	0.4289304708865125
sex	0.007066474765039048	1.0	1.7784739809331631	0.18234542516426822	0.2431272335523576	0.4289304708865125
disease_state	0.0005364026943137666	1.0	0.13500058612806884	0.7133047806266442	0.7133047806266442	0.4289304708865125
label	0.6034810150986601	2.0	75.9413511706052	1.2297184129955708e-33	2.4594368259911417e-33	0.4289304708865125
subsample_ref	0.00587549549438876	1.0	1.4787310801077629	0.22398128980999235	0.2559786169257055	0.4289304708865125
Residual	140.32630893252468	35317.0				0.4289304708865125
