	sum_sq	df	F	PR(>F)	FDR	Rsquared
study	206.12757803287678	6.0	2466.275070378653	0.0	0.0	0.47240928313078767
reference	40.58234547103849	9.0	323.70640838996195	0.0	0.0	0.47240928313078767
method	88.67153439383195	1.0	6365.622595910503	0.0	0.0	0.47240928313078767
region_match	0.32039111814999577	1.0	23.000492268085903	1.624500598983715e-06	2.166000798644953e-06	0.47240928313078767
sex	0.2079243933878493	1.0	14.926641631260035	0.00011192166803853394	0.0001279104777583245	0.47240928313078767
disease_state	0.030021645020731298	1.0	2.1552177169008675	0.14209292369817172	0.14209292369817172	0.47240928313078767
subsample_ref	12.019414953047436	1.0	862.8593148610892	5.641590297818524e-188	9.026544476509639e-188	0.47240928313078767
cutoff	237.3879905796633	1.0	17041.797767027354	0.0	0.0	0.47240928313078767
Residual	661.6352881718097	47498.0				0.47240928313078767
