	sum_sq	df	F	PR(>F)	FDR	Rsquared
study	490.22786960406586	6.0	8832.370109364738	0.0	0.0	0.49354366990027565
reference	42.46959499724119	9.0	510.1126838741554	0.0	0.0	0.49354366990027565
method	24.65120843649807	1.0	2664.825197271154	0.0	0.0	0.49354366990027565
region_match	0.47001940432853423	1.0	50.80966132299631	1.0249206770570795e-12	1.0249206770570795e-12	0.49354366990027565
sex	0.5489464882798253	1.0	59.34177375887717	1.3380764275266254e-14	1.529230202887572e-14	0.49354366990027565
disease_state	3.4542161205604507	1.0	373.4049054269139	4.904639362235108e-83	7.847422979576173e-83	0.49354366990027565
subsample_ref	3.3169009933479296	1.0	358.56097548712864	8.133641558676783e-80	1.0844855411569043e-79	0.49354366990027565
cutoff	275.88914102216086	1.0	29823.947030557436	0.0	0.0	0.49354366990027565
Residual	878.9726716850902	95018.0				0.49354366990027565
