	sum_sq	df	F	PR(>F)	FDR	Rsquared
study	267.48454388153283	6.0	3153.5148991862534	0.0	0.0	0.4746246873678269
reference	49.95023607891813	9.0	392.5929361673152	0.0	0.0	0.4746246873678269
method	67.16115376969884	1.0	4750.787376030662	0.0	0.0	0.4746246873678269
region_match	0.3760632974160242	1.0	26.60163897837283	2.510334696854767e-07	2.510334696854767e-07	0.4746246873678269
sex	0.4107276347941982	1.0	29.05369477508246	7.073438622810599e-08	8.083929854640684e-08	0.4746246873678269
disease_state	1.6928632270999908	1.0	119.7482889622673	7.753698574410315e-28	1.033826476588042e-27	0.4746246873678269
subsample_ref	8.076838561414025	1.0	571.3323926414653	1.5933133258601743e-125	2.549301321376279e-125	0.4746246873678269
cutoff	205.57659075969596	1.0	14541.898364903038	0.0	0.0	0.4746246873678269
Residual	671.4719538592474	47498.0				0.4746246873678269
