	sum_sq	df	F	PR(>F)	FDR	Rsquared
study	268.08136127211543	6.0	3159.605010660267	0.0	0.0	0.47456058891463015
reference	49.86265267906555	9.0	391.7872457376129	0.0	0.0	0.47456058891463015
method	66.90949123041041	1.0	4731.568716657145	0.0	0.0	0.47456058891463015
region_match	0.38248855982373403	1.0	27.048044617602514	1.9928217923119784e-07	1.9928217923119784e-07	0.47456058891463015
sex	0.4116078721193315	1.0	29.10724465895326	6.880714920943141e-08	7.86367419536359e-08	0.47456058891463015
disease_state	1.6905731227332494	1.0	119.55049655362562	8.564526726152678e-28	1.141936896820357e-27	0.47456058891463015
subsample_ref	8.122576467483444	1.0	574.3957696502788	3.4984951112965634e-126	5.597592178074502e-126	0.47456058891463015
cutoff	205.3420968634248	1.0	14520.962928652096	0.0	0.0	0.47456058891463015
Residual	671.6730126467104	47498.0				0.47456058891463015
