	sum_sq	df	F	PR(>F)	FDR	Rsquared
study	490.22786960405966	6.0	8832.370109364629	0.0	0.0	0.49354366990027576
reference	42.46959499724153	9.0	510.11268387415953	0.0	0.0	0.49354366990027576
method	24.651208436498013	1.0	2664.825197271148	0.0	0.0	0.49354366990027576
region_match	0.47001940432851913	1.0	50.8096613229947	1.0249206770570795e-12	1.0249206770570795e-12	0.49354366990027576
sex	0.5489464882799012	1.0	59.341773758885395	1.338076427511185e-14	1.5292302028699258e-14	0.49354366990027576
disease_state	3.45421612056031	1.0	373.4049054268987	4.904639362286824e-83	7.847422979658919e-83	0.49354366990027576
subsample_ref	3.3169009933482467	1.0	358.56097548716303	8.133641558503173e-80	1.0844855411337563e-79	0.49354366990027576
cutoff	275.8891410221663	1.0	29823.947030558033	0.0	0.0	0.49354366990027576
Residual	878.97267168509	95018.0				0.49354366990027576
