	sum_sq	df	F	PR(>F)	FDR	Rsquared
study	443.34066868872014	6.0	2583.1016518317806	0.0	0.0	0.7518553029878282
reference	66.00765908712957	9.0	256.393491902918	0.0	0.0	0.7518553029878282
method	3.7677350122330444	1.0	131.7150880276718	1.7820052674906776e-30	3.564010534981355e-30	0.7518553029878282
region_match	0.18109687395930804	1.0	6.330909848394366	0.011866247326055948	0.01582166310140793	0.7518553029878282
sex	0.046269065784365786	1.0	1.6175060223075282	0.20344199176882727	0.2325051334500883	0.7518553029878282
disease_state	0.012338008424790485	1.0	0.4313206370620733	0.5113427172067506	0.5113427172067506	0.7518553029878282
label	11293.40126118983	21.0	18800.120805430233	0.0	0.0	0.7518553029878282
subsample_ref	1.8265051190723212	1.0	63.852229989767544	1.3511639714798196e-15	2.1618623543677114e-15	0.7518553029878282
Residual	4021.832389761226	140598.0				0.7518553029878282
