	sum_sq	df	F	PR(>F)	FDR	Rsquared
study	57.99059005621105	6.0	3654.2391805526204	0.0	0.0	0.6684686487092892
reference	1.6010966071630626	9.0	67.26137175099021	2.198624101686761e-121	7.695184355903663e-121	0.6684686487092892
method	0.36872892217028436	1.0	139.41127411445703	5.408073055168969e-32	9.464127846545697e-32	0.6684686487092892
region_match	0.0318747626866645	1.0	12.05140419169963	0.0005193769797677248	0.0006059398097290124	0.6684686487092892
sex	0.03999374091280453	1.0	15.121076872517978	0.00010138120656730064	0.00014193368919422088	0.6684686487092892
disease_state	0.44291274635216116	1.0	167.45914567008782	4.803116612182444e-38	1.120727209509237e-37	0.6684686487092892
subsample_ref	0.019731800656447033	1.0	7.460319233698151	0.006316709344697097	0.006316709344697097	0.6684686487092892
Residual	31.365872780327344	11859.0				0.6684686487092892
