	sum_sq	df	F	PR(>F)	FDR	Rsquared
study	268.08136127211634	6.0	3159.6050106602775	0.0	0.0	0.47456058891463015
reference	49.862652679065405	9.0	391.7872457376117	0.0	0.0	0.47456058891463015
method	66.90949123040996	1.0	4731.5687166571115	0.0	0.0	0.47456058891463015
region_match	0.38248855982376023	1.0	27.048044617604358	1.9928217923056206e-07	1.9928217923056206e-07	0.47456058891463015
sex	0.4116078721193353	1.0	29.107244658953526	6.880714920943141e-08	7.86367419536359e-08	0.47456058891463015
disease_state	1.6905731227332923	1.0	119.55049655362862	8.564526726130709e-28	1.1419368968174278e-27	0.47456058891463015
subsample_ref	8.122576467482583	1.0	574.3957696502177	3.498495111399377e-126	5.597592178239004e-126	0.47456058891463015
cutoff	205.3420968634135	1.0	14520.962928651292	0.0	0.0	0.47456058891463015
Residual	671.6730126467105	47498.0				0.47456058891463015
