	sum_sq	df	F	PR(>F)	FDR	Rsquared
study	268.0813612721145	6.0	3159.6050106602574	0.0	0.0	0.4745605889146305
reference	49.86265267906512	9.0	391.7872457376096	0.0	0.0	0.4745605889146305
method	66.90949123041051	1.0	4731.568716657153	0.0	0.0	0.4745605889146305
region_match	0.38248855982373287	1.0	27.048044617602443	1.9928217923119784e-07	1.9928217923119784e-07	0.4745605889146305
sex	0.4116078721193563	1.0	29.107244658955022	6.880714920943141e-08	7.86367419536359e-08	0.4745605889146305
disease_state	1.6905731227333358	1.0	119.55049655363176	8.564526726130709e-28	1.1419368968174278e-27	0.4745605889146305
subsample_ref	8.122576467488035	1.0	574.3957696506036	3.498495110726413e-126	5.5975921771622614e-126	0.4745605889146305
cutoff	205.34209686342467	1.0	14520.96292865209	0.0	0.0	0.4745605889146305
Residual	671.6730126467102	47498.0				0.4745605889146305
