	sum_sq	df	F	PR(>F)	FDR	Rsquared
study	58.09236508115148	6.0	3654.8135253027267	0.0	0.0	0.668527370002979
reference	1.6046889851768438	9.0	67.30475968440734	1.8298084026602618e-121	6.404329409310916e-121	0.668527370002979
method	0.38446136526482294	1.0	145.12763552628715	3.147467515004034e-33	5.5080681512570596e-33	0.668527370002979
region_match	0.03311797118433893	1.0	12.501471631876829	0.0004081824138210003	0.0004762128161245004	0.668527370002979
sex	0.03971065768275704	1.0	14.990098811938088	0.00010865662544617815	0.0001521192756246494	0.668527370002979
disease_state	0.4458594628338103	1.0	168.3043745462448	3.158498369212635e-38	7.369829528162815e-38	0.668527370002979
subsample_ref	0.018749455051007842	1.0	7.077600832751709	0.007815847348581678	0.007815847348581678	0.668527370002979
Residual	31.415983001043926	11859.0				0.668527370002979
