"contrast"	"odds.ratio"	"SE"	"df"	"null"	"z.ratio"	"p.value"
"seurat / scvi"	0.124940464310317	0.0200751174282659	Inf	1	-12.9446771189086	2.51819740925983e-38
