"contrast"	"odds.ratio"	"SE"	"df"	"null"	"z.ratio"	"p.value"
"subsample_ref500 / subsample_ref100"	1.00782383451437	0.0752204855358	Inf	1	0.104417847654091	0.994006981834316
"subsample_ref500 / subsample_ref50"	1.01203765201858	0.0755654970699331	Inf	1	0.16025588448418	0.985941327166171
"subsample_ref100 / subsample_ref50"	1.00418110522881	0.0750306296210129	Inf	1	0.0558416464549363	0.998282285198762
