"contrast"	"odds.ratio"	"SE"	"df"	"null"	"z.ratio"	"p.value"
"seurat / scvi"	0.282361971332943	0.0274660973424154	Inf	1	-13.0002157727682	1.21998585830928e-38
