"method"	"response"	"SE"	"df"	"asymp.LCL"	"asymp.UCL"
"seurat"	0.754023724302014	0.140864433947309	Inf	0.408930607875905	0.931423581633909
"scvi"	0.915657321545062	0.0588254454256207	Inf	0.709271078049665	0.979720600728283
