"contrast"	"odds.ratio"	"SE"	"df"	"null"	"z.ratio"	"p.value"
"seurat / scvi"	0.387292975122017	0.0625522070821092	Inf	1	-5.87310980944845	4.27694962871454e-09
