"method"	"response"	"SE"	"df"	"asymp.LCL"	"asymp.UCL"
"seurat"	0.087049223950045	0.00936076574448747	Inf	0.0703668730583395	0.107230375620863
"scvi"	0.197556887668001	0.0197811585141423	Inf	0.161623345875924	0.239200107078553
