"subsample_ref"	"response"	"SE"	"df"	"asymp.LCL"	"asymp.UCL"
"500"	0.119333728991866	0.00757696262775128	Inf	0.105263422340822	0.135001006196763
"100"	0.123417517250957	0.0077376228422425	Inf	0.109034850930542	0.139400548683393
"50"	0.116550353434156	0.00752432318768193	Inf	0.10259331855848	0.132126580392446
