"contrast"	"odds.ratio"	"SE"	"df"	"null"	"z.ratio"	"p.value"
"subsample_ref500 / subsample_ref100"	0.962427071405275	0.0686065012061245	Inf	1	-0.537238528475886	0.852970156513283
"subsample_ref500 / subsample_ref50"	1.02711732529495	0.0736118668620342	Inf	1	0.373332752207537	0.92605637873384
"subsample_ref100 / subsample_ref50"	1.06721574632685	0.0764287900972995	Inf	1	0.908371660377489	0.634995176587095
