"method"	"response"	"SE"	"df"	"asymp.LCL"	"asymp.UCL"
"seurat"	0.514637172903185	0.0639798589877721	Inf	0.390917382561729	0.636588703880627
"scvi"	0.46289471314205	0.0635210400968708	Inf	0.343113923945194	0.587116802664028
