"contrast"	"odds.ratio"	"SE"	"df"	"null"	"z.ratio"	"p.value"
"seurat / scvi"	1.23030233350436	0.112515955366599	Inf	1	2.26627757360483	0.0234343936314449
