"contrast"	"odds.ratio"	"SE"	"df"	"null"	"z.ratio"	"p.value"
"subsample_ref500 / subsample_ref100"	0.618160098448233	0.0273176956262256	Inf	1	-10.8845134911033	2.68673971959288e-14
"subsample_ref500 / subsample_ref50"	0.606040066076654	0.0262058303719286	Inf	1	-11.5817901552567	0
"subsample_ref100 / subsample_ref50"	0.980393376405232	0.0418607651363909	Inf	1	-0.463755142317601	0.888234128897228
