"contrast"	"odds.ratio"	"SE"	"df"	"null"	"z.ratio"	"p.value"
"seurat / scvi"	1.06042216095581	0.0189151742988673	Inf	1	3.28899356130783	0.00100546323762388
