"method"	"response"	"SE"	"df"	"asymp.LCL"	"asymp.UCL"
"seurat"	0.88257802418286	0.028428384185259	Inf	0.814485781617464	0.927890022530078
"scvi"	0.876360344357679	0.0297256907131076	Inf	0.805449171195146	0.923868343600645
