"contrast"	"odds.ratio"	"SE"	"df"	"null"	"z.ratio"	"p.value"
"female / male"	0.891857587675751	0.0344508887607052	Inf	1	-2.96282757962879	0.00856437309967206
"female / None"	0.660081745370267	0.39173952171361	Inf	1	-0.699935528196619	0.763514279355304
"male / None"	0.740120120624292	0.438515378578849	Inf	1	-0.507927014875968	0.867482484620263
