"subsample_ref"	"response"	"SE"	"df"	"asymp.LCL"	"asymp.UCL"
"500"	0.881617171095845	0.0286294107387498	Inf	0.81308687346939	0.927268894897277
"100"	0.880348361511767	0.0288944884590445	Inf	0.811241178104531	0.926448396899848
"50"	0.876495210552039	0.0296934254814315	Inf	0.805656735179957	0.923950274427538
