"1"	"response"	"SE"	"df"	"asymp.LCL"	"asymp.UCL"
"overall"	0.879503789992459	0.0290570841371443	Inf	0.810052334644397	0.925884779241912
