"treatment_state"	"response"	"SE"	"df"	"asymp.LCL"	"asymp.UCL"
"No treatment"	0.896078491487544	0.0255473914945639	Inf	0.834337893429508	0.936558632123076
"treatment"	0.860696510123512	0.0329340729454377	Inf	0.782911783298441	0.913683055498756
