"contrast"	"odds.ratio"	"SE"	"df"	"null"	"z.ratio"	"p.value"
"female / male"	0.981765720783216	0.0372490531942208	Inf	1	-0.485032864849135	0.878411937635907
"female / None"	1.68854474192944	0.822768808280507	Inf	1	1.07511728476011	0.529546513166168
"male / None"	1.71990598794016	0.836070805385287	Inf	1	1.11551890066968	0.504449348744316
