"1"	"response"	"SE"	"df"	"asymp.LCL"	"asymp.UCL"
"overall"	0.634767746478537	0.052162398621078	Inf	0.527906692091486	0.729819805029182
