"contrast"	"odds.ratio"	"SE"	"df"	"null"	"z.ratio"	"p.value"
"No treatment / treatment"	1.12515042597276	0.028883410162858	Inf	1	4.59343505570353	4.36008753104458e-06
