"treatment_state"	"response"	"SE"	"df"	"asymp.LCL"	"asymp.UCL"
"No treatment"	0.64832486897549	0.0513384913017657	Inf	0.542487488004552	0.741351980855789
"treatment"	0.620993520538894	0.0530863094156859	Inf	0.51291996416308	0.718259265318284
