"subsample_ref"	"response"	"SE"	"df"	"asymp.LCL"	"asymp.UCL"
"500"	0.0433408161149242	0.00378875288180702	Inf	0.0364933237134326	0.0514046020939457
"100"	0.0464096405845244	0.00405149450599975	Inf	0.0390846599895037	0.0550288030081088
"50"	0.0532636316226727	0.00463386955840436	Inf	0.0448787231876764	0.0631116170937017
