"method"	"response"	"SE"	"df"	"asymp.LCL"	"asymp.UCL"
"seurat"	0.937562406315826	0.0137109606375168	Inf	0.904655328754214	0.959618961363104
"scvi"	0.942065079352119	0.0127827222590209	Inf	0.911308261206834	0.962593747912473
