"subsample_ref"	"response"	"SE"	"df"	"asymp.LCL"	"asymp.UCL"
"100"	0.937816244236688	0.013635289642799	Inf	0.905097626388627	0.959756316385213
"50"	0.941359564428258	0.0129071571512752	Inf	0.910326326560183	0.962100298680139
