"contrast"	"odds.ratio"	"SE"	"df"	"null"	"z.ratio"	"p.value"
"seurat cutoff0 / scvi cutoff0"	1.07800807128785	0.0191543545777384	Inf	1	4.22747383861116	2.36329642721527e-05
