"method"	"cutoff"	"response"	"SE"	"df"	"asymp.LCL"	"asymp.UCL"
"seurat"	0	0.947286965529478	0.0166385634585994	Inf	0.903406606671704	0.971854434957875
"scvi"	0	0.943407633574855	0.0177902593365922	Inf	0.896649064136387	0.969725712290412
