"sex"	"response"	"SE"	"df"	"asymp.LCL"	"asymp.UCL"
"female"	0.939136371010115	0.0227342025164485	Inf	0.876184020399209	0.971135965485222
"male"	0.939371851855261	0.0226047577046916	Inf	0.876806500824772	0.971206074189805
"None"	0.955924229576893	0.0255474900525769	Inf	0.868566170666682	0.986145538555177
