"contrast"	"odds.ratio"	"SE"	"df"	"null"	"z.ratio"	"p.value"
"female / male"	0.995881299620191	0.0302476089956072	Inf	1	-0.135885347672555	0.989871842846747
"female / None"	0.711454710755288	0.515827479159864	Inf	1	-0.469556496048237	0.885588990137453
"male / None"	0.714397098355619	0.517637076245708	Inf	1	-0.464154149289399	0.888053000637864
