"contrast"	"odds.ratio"	"SE"	"df"	"null"	"z.ratio"	"p.value"
"No treatment / treatment"	1.0221248685467	0.0302564503250732	Inf	1	0.739275026015568	0.459740010986479
