"method"	"response"	"SE"	"df"	"asymp.LCL"	"asymp.UCL"
"seurat"	0.288802577965438	0.0867009201036788	Inf	0.150774408747234	0.481540063137379
"scvi"	0.273436584296377	0.083765742059764	Inf	0.141407968519825	0.462354548490889
