"contrast"	"odds.ratio"	"SE"	"df"	"null"	"z.ratio"	"p.value"
"seurat / scvi"	1.07901578442288	0.159748223589286	Inf	1	0.513673387722595	0.6074803609456
