"contrast"	"odds.ratio"	"SE"	"df"	"null"	"z.ratio"	"p.value"
"subsample_ref500 / subsample_ref100"	0.827641116134255	0.0591219888966527	Inf	1	-2.64824563014548	0.0220498611663691
"subsample_ref500 / subsample_ref50"	0.799628617720902	0.0558648054084864	Inf	1	-3.2006424124465	0.00391956602102439
"subsample_ref100 / subsample_ref50"	0.966153810066622	0.0657934579245314	Inf	1	-0.505625253607455	0.86859777381701
