"subsample_ref"	"response"	"SE"	"df"	"asymp.LCL"	"asymp.UCL"
"500"	0.18303919239745	0.0618537200779231	Inf	0.0905772844484571	0.335107256251296
"100"	0.213037033595359	0.0692712537510876	Inf	0.107499467762907	0.378272012034234
"50"	0.218866700951034	0.0705932733936477	Inf	0.110900337227013	0.38627711355715
