"contrast"	"odds.ratio"	"SE"	"df"	"null"	"z.ratio"	"p.value"
"seurat / scvi"	1.1387704295617	0.0445290623268477	Inf	1	3.32327239384746	0.000889679924924743
