"subsample_ref"	"response"	"SE"	"df"	"asymp.LCL"	"asymp.UCL"
"500"	0.840196254962127	0.0557448737494475	Inf	0.699716800339625	0.922257932039757
"100"	0.827735575209032	0.0591990679570035	Inf	0.680471983936733	0.915551482294044
"50"	0.825193663063274	0.0598873198164678	Inf	0.676608444641269	0.914170150420487
