"subsample_ref"	"response"	"SE"	"df"	"asymp.LCL"	"asymp.UCL"
"100"	0.924596378013483	0.0245848360648887	Inf	0.860007715728216	0.96074574348784
"50"	0.925813588999499	0.0242205033473756	Inf	0.862109732714001	0.961404497087814
