"contrast"	"odds.ratio"	"SE"	"df"	"null"	"z.ratio"	"p.value"
"subsample_ref100 / subsample_ref50"	0.982563869738434	0.0112359088467301	Inf	1	-1.53821376708464	0.123996355931141
