metric	stat	class	family	global	subclass
f1_score	mean	0.5793131442928878	0.7374779693031148	0.7774344974754983	0.6032976742018122
f1_score	std	0.41249099851049437	0.34691700486560895	0.2607200903938369	0.4025409710692436
precision	mean	0.8057677795703985	0.877278225873403	0.7621301171812013	0.8222799184609887
precision	std	0.31072811906066755	0.23643388797127268	0.32300726952535985	0.2997654886770759
recall	mean	0.6394621450165998	0.7659203217630735	0.8861426689123635	0.6531008024699588
recall	std	0.41411261187203985	0.3398443542369433	0.1479866834569392	0.4005355642905327
