"method"	"response"	"SE"	"df"	"asymp.LCL"	"asymp.UCL"
"seurat"	0.285101137980418	0.0209394166368455	Inf	0.24588977140235	0.327846992786311
"scvi"	0.712261514640427	0.0210994252619692	Inf	0.66920943740519	0.751788640207566
