"contrast"	"odds.ratio"	"SE"	"df"	"null"	"z.ratio"	"p.value"
"seurat / scvi"	0.161106409670029	0.00855276825918724	Inf	1	-34.3900810604631	3.54769508106318e-259
