"contrast"	"odds.ratio"	"SE"	"df"	"null"	"z.ratio"	"p.value"
"subsample_ref100 / subsample_ref50"	1.05786663745517	0.018635887432878	Inf	1	3.19327533104072	0.00140668752214879
