"subsample_ref"	"response"	"SE"	"df"	"asymp.LCL"	"asymp.UCL"
"100"	0.59491718705671	0.0233444374189559	Inf	0.548465277854373	0.639729359659542
"50"	0.581291266209194	0.0235584331857527	Inf	0.534536689332751	0.626629853114752
