"contrast"	"odds.ratio"	"SE"	"df"	"null"	"z.ratio"	"p.value"
"seurat / scvi"	0.00182296392363332	0.000365951331689237	Inf	1	-31.4193828463883	1.10003729441655e-216
