"method"	"response"	"SE"	"df"	"asymp.LCL"	"asymp.UCL"
"seurat"	0.00869646737461356	0.00139785324856985	Inf	0.00634383060986287	0.0119111309285875
"scvi"	0.8279528570539	0.0150185362198232	Inf	0.796497187813299	0.855428906686679
