"contrast"	"odds.ratio"	"SE"	"df"	"null"	"z.ratio"	"p.value"
"subsample_ref500 / subsample_ref100"	1.16976867986638	0.102062254499983	Inf	1	1.79720477087995	0.170485610219608
"subsample_ref500 / subsample_ref50"	1.19319887798448	0.105218209270654	Inf	1	2.00311396652533	0.111426732621355
"subsample_ref100 / subsample_ref50"	1.02002977043357	0.093309615957171	Inf	1	0.216794807645593	0.974422901116507
