"subsample_ref"	"response"	"SE"	"df"	"asymp.LCL"	"asymp.UCL"
"500"	0.0174206337801782	0.00183172872368664	Inf	0.0141712970628936	0.0213988387359639
"100"	0.0149301221588398	0.00174755615203742	Inf	0.0118650671742302	0.0187719186815815
"50"	0.0146412399024203	0.00172207122877245	Inf	0.0116225703763658	0.0184293137845413
