"contrast"	"odds.ratio"	"SE"	"df"	"null"	"z.ratio"	"p.value"
"seurat / scvi"	0.62554707639691	0.0133773181693878	Inf	1	-21.9372879297294	1.14530680703239e-106
