"method"	"response"	"SE"	"df"	"asymp.LCL"	"asymp.UCL"
"seurat"	0.921362015438398	0.0141895086752783	Inf	0.888662949222641	0.94505136418414
"scvi"	0.949315779801785	0.00942496948441249	Inf	0.927318046460685	0.964907684650696
