"subsample_ref"	"response"	"SE"	"df"	"asymp.LCL"	"asymp.UCL"
"100"	0.935172423772319	0.011843410505258	Inf	0.907720157115567	0.954864022867647
"50"	0.939230265776484	0.0111508636397111	Inf	0.913335455995785	0.957745823300505
