"contrast"	"odds.ratio"	"SE"	"df"	"null"	"z.ratio"	"p.value"
"subsample_ref100 / subsample_ref50"	0.933355660206991	0.00675526230004915	Inf	1	-9.52924655125643	1.58428863961401e-21
