"contrast"	"odds.ratio"	"SE"	"df"	"null"	"z.ratio"	"p.value"
"seurat / scvi"	0.60687243010348	0.0434155765129935	Inf	1	-6.98123514027669	2.92596107762468e-12
