"method"	"response"	"SE"	"df"	"asymp.LCL"	"asymp.UCL"
"seurat"	0.355415244740388	0.121910014340791	Inf	0.162698082758832	0.610080229070054
"scvi"	0.476047638928865	0.132682117086349	Inf	0.242598782448691	0.720454758208353
