"subsample_ref"	"response"	"SE"	"df"	"asymp.LCL"	"asymp.UCL"
"500"	0.397737274787059	0.127094567129407	Inf	0.189263170181462	0.651355052072733
"100"	0.408956459621295	0.128239601189907	Inf	0.196527878806012	0.661856007967247
"50"	0.40218977889413	0.127532997117753	Inf	0.192169685231746	0.655493336292046
