"contrast"	"odds.ratio"	"SE"	"df"	"null"	"z.ratio"	"p.value"
"subsample_ref500 / subsample_ref100"	0.954448965393497	0.0354030159637797	Inf	1	-1.25688345629599	0.419742033923534
"subsample_ref500 / subsample_ref50"	0.981618230566154	0.0354983761613727	Inf	1	-0.513031352175188	0.864996379382547
"subsample_ref100 / subsample_ref50"	1.02846591714986	0.0374569103658906	Inf	1	0.770679709693259	0.72104605576873
