"contrast"	"odds.ratio"	"SE"	"df"	"null"	"z.ratio"	"p.value"
"subsample_ref500 / subsample_ref100"	0.82789833563883	0.0395155599740172	Inf	1	-3.95694630269919	0.000224003341400936
"subsample_ref500 / subsample_ref50"	0.668977236114271	0.0319398564710873	Inf	1	-8.41996139613998	3.04201108747293e-14
"subsample_ref100 / subsample_ref50"	0.808042735824645	0.0385552898527579	Inf	1	-4.46700042519572	2.36233751874648e-05
