"contrast"	"odds.ratio"	"SE"	"df"	"null"	"z.ratio"	"p.value"
"seurat cutoff0 / scvi cutoff0"	0.970725865442861	0.0179460025595819	Inf	1	-1.60712133453903	0.108027754087079
