"method"	"cutoff"	"response"	"SE"	"df"	"asymp.LCL"	"asymp.UCL"
"seurat"	0	0.873807226596287	0.0385340789704449	Inf	0.777321359787984	0.932136061991093
"scvi"	0	0.877047200532371	0.0376829712372682	Inf	0.782424735760005	0.933990503175955
