name	mean duration (hours)	std duration (hours)	mean realtime (hours)	std realtime (hours)	mean %cpu	std %cpu	mean peak virtual memory (GB)	std peak virtual memory (GB)
SCVI Random Forest	0.01787895212285456	0.00305022962873596	0.002741221154635789	0.0007479636220773336	135.22934220251292	20.763849567903613	0.013255973415558018	0.0011906194173737308
SCVI pre-process query	0.08672246858832225	0.022275598809153065	0.020521803399852177	0.014720671070553597	531.9190687361419	242.62683235503718	0.023629781042128605	0.0017022864270952007
Seurat TransferData	0.027996218280364624	0.00677198252684579	0.005898860556787386	0.002338100182512266	292.25874353288987	45.61870626147628	0.020575962560051737	0.01664607228506909
Seurat pre-process query	0.041138765705838874	0.02509488558657159	0.012871581670362158	0.00453732547565132	803.7620842572063	302.54357022706904	0.030218871258314857	0.019279409363462435
Seurat pre-process reference	0.04725	0.03086191876499117	0.03091851851851852	0.02672963947367319	534.6166666666667	341.0031002284459	0.028665364583333335	0.01699233747719527
