"contrast"	"odds.ratio"	"SE"	"df"	"null"	"z.ratio"	"p.value"
"seurat cutoff0 / scvi cutoff0"	1.0371804731796	0.0248760501295142	Inf	1	1.5220767064755	0.1279898617879
