"method"	"cutoff"	"response"	"SE"	"df"	"asymp.LCL"	"asymp.UCL"
"seurat"	0	0.958891614320353	0.0101749118786093	Inf	0.933618498110099	0.974802310091488
"scvi"	0	0.957428252991686	0.010522413881501	Inf	0.931315667286543	0.973891596778048
