"subsample_ref"	"response"	"SE"	"df"	"asymp.LCL"	"asymp.UCL"
"500"	0.959646977031294	0.00999536114492469	Inf	0.934808084271032	0.975272298197847
"100"	0.958379494991745	0.0102944654147883	Inf	0.932818831505892	0.974481049237413
"50"	0.956411244551271	0.0107579630408544	Inf	0.929734090652425	0.97325154046789
