"contrast"	"odds.ratio"	"SE"	"df"	"null"	"z.ratio"	"p.value"
"subsample_ref500 / subsample_ref100"	1.03277390769423	0.0192737339675874	Inf	1	1.72800970090014	0.194702660028316
"subsample_ref500 / subsample_ref50"	1.08384011401803	0.0200542419365994	Inf	1	4.351218903645	4.02558221297422e-05
"subsample_ref100 / subsample_ref50"	1.04944567822963	0.0190781617496505	Inf	1	2.65478677495408	0.0216427949784402
