"contrast"	"odds.ratio"	"SE"	"df"	"null"	"z.ratio"	"p.value"
"Control / Disease"	1.04163249212024	0.00833113898574736	Inf	1	5.09982392231211	3.39969592467521e-07
