"disease_state"	"response"	"SE"	"df"	"asymp.LCL"	"asymp.UCL"
"Control"	0.954455736265033	0.0100578409142666	Inf	0.93014839778426	0.970572087628126
"Disease"	0.952649397545163	0.0104327423379137	Inf	0.927463600688654	0.969379003948466
