"method"	"response"	"SE"	"df"	"asymp.LCL"	"asymp.UCL"
"seurat"	0.942217049289297	0.0125937013854942	Inf	0.911989628854325	0.962489773632818
"scvi"	0.9627657855114	0.00829263430504809	Inf	0.942631821555733	0.976013334237248
