"contrast"	"odds.ratio"	"SE"	"df"	"null"	"z.ratio"	"p.value"
"False / True"	0.813231894137746	0.00889228123016612	Inf	1	-18.9070414984771	9.98011352423626e-80
