"region_match"	"response"	"SE"	"df"	"asymp.LCL"	"asymp.UCL"
"False"	0.948762776407474	0.0112426539989074	Inf	0.921680717852794	0.966817270580832
"True"	0.957929664406087	0.00932721179214603	Inf	0.935342788074994	0.972855194227286
