"sex"	"response"	"SE"	"df"	"asymp.LCL"	"asymp.UCL"
"female"	0.95046130712909	0.0141469518407511	Inf	0.914143196424427	0.971888994332299
"male"	0.955076328274406	0.0128899269619005	Inf	0.921868031424759	0.97455966940392
"None"	0.95500504139728	0.0149052335719637	Inf	0.91492504925329	0.97668398830445
