"contrast"	"odds.ratio"	"SE"	"df"	"null"	"z.ratio"	"p.value"
"female / male"	0.90245813141555	0.00644569255529058	Inf	1	-14.3695914803609	0
"female / None"	0.903957663433115	0.414763753107061	Inf	1	-0.220065259898367	0.973655804829108
"male / None"	1.00166160840638	0.459573065282544	Inf	1	0.00361854999626359	0.999992780978586
