"contrast"	"odds.ratio"	"SE"	"df"	"null"	"z.ratio"	"p.value"
"subsample_ref100 / subsample_ref50"	0.982400422048452	0.00601168379977876	Inf	1	-2.90164774394559	0.00371205690483982
