"subsample_ref"	"response"	"SE"	"df"	"asymp.LCL"	"asymp.UCL"
"100"	0.953166187774087	0.0103259308891823	Inf	0.928230308592867	0.969720884826245
"50"	0.953952488196132	0.0101609242535131	Inf	0.929404307307209	0.970237900917209
