"contrast"	"odds.ratio"	"SE"	"df"	"null"	"z.ratio"	"p.value"
"subsample_ref500 / subsample_ref100"	1.04216357387057	0.0647637132181413	Inf	1	0.664573096077591	0.784057861249583
"subsample_ref500 / subsample_ref50"	1.11423569158923	0.0693792782796251	Inf	1	1.73719617349638	0.191355512545876
"subsample_ref100 / subsample_ref50"	1.06915624334383	0.067522037321646	Inf	1	1.05882827850843	0.539743955530617
