"method"	"response"	"SE"	"df"	"asymp.LCL"	"asymp.UCL"
"seurat"	0.465094019043276	0.0432635702647519	Inf	0.382088558520248	0.550079002287755
"scvi"	0.0388065305746607	0.00699561841991217	Inf	0.0271944095891685	0.0550962460136717
