"contrast"	"odds.ratio"	"SE"	"df"	"null"	"z.ratio"	"p.value"
"seurat / scvi"	21.5362108742012	2.37488780894404	Inf	1	27.8373050238536	1.53454758717017e-170
