"contrast"	"odds.ratio"	"SE"	"df"	"null"	"z.ratio"	"p.value"
"subsample_ref500 / subsample_ref100"	0.718082849206741	0.0358599079179756	Inf	1	-6.63157677505135	9.965073211049e-11
"subsample_ref500 / subsample_ref50"	0.587351263363068	0.0295691483061328	Inf	1	-10.5700893559526	2.91988655476416e-14
"subsample_ref100 / subsample_ref50"	0.817943589673405	0.0390786410957171	Inf	1	-4.20627478854048	7.70151842426348e-05
