"method"	"response"	"SE"	"df"	"asymp.LCL"	"asymp.UCL"
"seurat"	0.825740634350601	0.0350653976617937	Inf	0.746136322247377	0.884255508088707
"scvi"	0.815816953644861	0.036619440509777	Inf	0.733137853165517	0.877172025031247
