"treatment_state"	"response"	"SE"	"df"	"asymp.LCL"	"asymp.UCL"
"No treatment"	0.829617645231058	0.0344397552867328	Inf	0.751267637003384	0.886999807861406
"treatment"	0.811697188672534	0.0373103874745915	Inf	0.727631044266867	0.874298901920644
