"contrast"	"odds.ratio"	"SE"	"df"	"null"	"z.ratio"	"p.value"
"seurat / scvi"	0.431783352884979	0.0334385167557514	Inf	1	-10.8445354641007	2.11708601127192e-27
