"contrast"	"odds.ratio"	"SE"	"df"	"null"	"z.ratio"	"p.value"
"seurat / scvi"	0.782646758917699	0.0903894467535606	Inf	1	-2.1219980873349	0.0338378986600895
