"subsample_ref"	"response"	"SE"	"df"	"asymp.LCL"	"asymp.UCL"
"500"	0.424096413200931	0.05626733926288	Inf	0.319186451510501	0.536324434560461
"100"	0.406303825481782	0.0555867308443844	Inf	0.303450870187211	0.518088515035626
"50"	0.408113473736607	0.0556675346298867	Inf	0.305031916773709	0.519966912088321
