"contrast"	"odds.ratio"	"SE"	"df"	"null"	"z.ratio"	"p.value"
"subsample_ref500 / subsample_ref100"	1.07603935439465	0.0593651119282527	Inf	1	1.32838517628023	0.379336643335845
"subsample_ref500 / subsample_ref50"	1.06800266581331	0.0589249865248961	Inf	1	1.19243384229484	0.457664009604246
"subsample_ref100 / subsample_ref50"	0.992531231735606	0.0549193013854549	Inf	1	-0.13548619754358	0.989930954007713
