"contrast"	"odds.ratio"	"SE"	"df"	"null"	"z.ratio"	"p.value"
"seurat / scvi"	0.7187376664204	0.0326573987511311	Inf	1	-7.26847458546135	3.63569534082551e-13
