"contrast"	"odds.ratio"	"SE"	"df"	"null"	"z.ratio"	"p.value"
"male / None"	0.330547152145971	0.244974335363268	Inf	1	-1.49369797121401	0.135254579054884
