"subsample_ref"	"response"	"SE"	"df"	"asymp.LCL"	"asymp.UCL"
"500"	0.961571686033025	0.01373402093743	Inf	0.923529853043021	0.981076510718501
"100"	0.957680753536416	0.0150642676412277	Inf	0.916119933770553	0.979118431016989
"50"	0.950387826243619	0.0175264530641362	Inf	0.902392440838803	0.975425710104454
