"1"	"response"	"SE"	"df"	"asymp.LCL"	"asymp.UCL"
"overall"	0.957497167770736	0.015097004640487	Inf	0.915882222759566	0.978996402712124
