"contrast"	"odds.ratio"	"SE"	"df"	"null"	"z.ratio"	"p.value"
"no treatment / treatment"	1.09447289031863	0.0394905817366087	Inf	1	2.50189293596938	0.0123531275614777
