"method"	"response"	"SE"	"df"	"asymp.LCL"	"asymp.UCL"
"seurat"	0.973131641335432	0.00511012249037186	Inf	0.961078531971921	0.981523928179284
"scvi"	0.978784036509636	0.00406142508678258	Inf	0.969178117946897	0.985441155567031
