"sex"	"response"	"SE"	"df"	"asymp.LCL"	"asymp.UCL"
"male"	0.963698693589077	0.00780897584913547	Inf	0.944873700681007	0.976256708608143
"None"	0.9843606505018	0.00485926617082249	Inf	0.971350489876189	0.991514320294394
