"contrast"	"odds.ratio"	"SE"	"df"	"null"	"z.ratio"	"p.value"
"male / None"	0.421777546367729	0.162211683831394	Inf	1	-2.24466542565455	0.024789619192924
