"contrast"	"odds.ratio"	"SE"	"df"	"null"	"z.ratio"	"p.value"
"subsample_ref500 / subsample_ref100"	1.17663149570788	0.0273913910157598	Inf	1	6.98707887677348	8.44257996845954e-12
"subsample_ref500 / subsample_ref50"	1.44770584425965	0.0338481434026169	Inf	1	15.8242768558131	0
"subsample_ref100 / subsample_ref50"	1.23038168665432	0.0275530511226057	Inf	1	9.25807409215602	3.2085445411667e-14
