"subsample_ref"	"response"	"SE"	"df"	"asymp.LCL"	"asymp.UCL"
"500"	0.976120450778413	0.00452893630834432	Inf	0.965435359720617	0.983558673377384
"100"	0.97202058411512	0.00528274521059394	Inf	0.959581065347877	0.980708625763823
"50"	0.965795121855999	0.00641759311072167	Inf	0.950725892537317	0.976370353759971
