"contrast"	"odds.ratio"	"SE"	"df"	"null"	"z.ratio"	"p.value"
"no treatment / treatment"	1.0999611536093	0.0375266110975817	Inf	1	2.79264891122189	0.00522783990043758
