"treatment_state"	"response"	"SE"	"df"	"asymp.LCL"	"asymp.UCL"
"no treatment"	0.977206019516181	0.00434771177733919	Inf	0.966934438571107	0.984338488589055
"treatment"	0.974984505051718	0.00475356980755894	Inf	0.963768705220137	0.982790327259612
