"contrast"	"odds.ratio"	"SE"	"df"	"null"	"z.ratio"	"p.value"
"seurat / scvi"	0.564490338493878	0.0359083584225689	Inf	1	-8.98937349016966	2.4864371781797e-19
