"method"	"response"	"SE"	"df"	"asymp.LCL"	"asymp.UCL"
"seurat"	0.645350580827172	0.0203922757678861	Inf	0.604448138329344	0.68423300908424
"scvi"	0.763234652229768	0.0161021504825435	Inf	0.73024207953107	0.793334073520333
