"method"	"response"	"SE"	"df"	"asymp.LCL"	"asymp.UCL"
"seurat"	0.601117185938762	0.0272146947675933	Inf	0.54677896860796	0.653074181118351
"scvi"	0.551928405428419	0.0340212287509043	Inf	0.48471363663336	0.617297967169278
