"method"	"response"	"SE"	"df"	"asymp.LCL"	"asymp.UCL"	"key"
"seurat"	0.601117185938707	0.0272146947676015	Inf	0.546778968607889	0.653074181118313	"all"
"scvi"	0.55192840542845	0.0340212287509031	Inf	0.484713636633394	0.617297967169307	"all"
