"contrast"	"odds.ratio"	"SE"	"df"	"null"	"z.ratio"	"p.value"	"key"
"seurat / scvi"	1.22342819892578	0.217675795135147	Inf	1	1.13339546482325	0.257048217760952	"all"
