"contrast"	"odds.ratio"	"SE"	"df"	"null"	"z.ratio"	"p.value"
"seurat / scvi"	1.22342819892622	0.217675795135201	Inf	1	1.13339546482536	0.257048217760066
