"reference"	"method"	"response"	"SE"	"df"	"asymp.LCL"	"asymp.UCL"	"key"
"An integrated transcriptomic and epigenomic atlas of mouse primary motor cortex cell types"	"seurat"	0.10088923583654	0.0112472438150982	Inf	0.0808837461286126	0.125168960016834	"all"
"Single-cell RNA-seq for all cortical  hippocampal regions 10x"	"seurat"	0.853980445352909	0.0159178781712859	Inf	0.819945047525018	0.882504128200215	"all"
"Single-cell RNA-seq for all cortical  hippocampal regions SMART-Seq v4"	"seurat"	0.815171537345951	0.0204063485664457	Inf	0.771801684240177	0.85188067006635	"all"
"whole cortex"	"seurat"	0.601117185938707	0.0272146947676015	Inf	0.546778968607889	0.653074181118313	"all"
"An integrated transcriptomic and epigenomic atlas of mouse primary motor cortex cell types"	"scvi"	0.100889563667996	0.011247266904766	Inf	0.0808840298308064	0.125169333622941	"all"
"Single-cell RNA-seq for all cortical  hippocampal regions 10x"	"scvi"	0.583502787123811	0.0333214713363893	Inf	0.517103023253728	0.647004998472598	"all"
"Single-cell RNA-seq for all cortical  hippocampal regions SMART-Seq v4"	"scvi"	0.432709469535594	0.0334260461788756	Inf	0.368724099812853	0.499021066763316	"all"
"whole cortex"	"scvi"	0.55192840542845	0.0340212287509031	Inf	0.484713636633394	0.617297967169307	"all"
