"contrast"	"odds.ratio"	"SE"	"df"	"null"	"z.ratio"	"p.value"	"key"
"subsample_ref500 / subsample_ref100"	1.09047155251024	0.115275171694884	Inf	1	0.819308957162634	0.691032545092716	"all"
"subsample_ref500 / subsample_ref50"	2.01535246604585	0.226008186284045	Inf	1	6.24909718226586	1.23823551412272e-09	"all"
"subsample_ref100 / subsample_ref50"	1.84814767648597	0.206981539170482	Inf	1	5.48407610727939	1.24548154456505e-07	"all"
