"subsample_ref"	"response"	"SE"	"df"	"asymp.LCL"	"asymp.UCL"
"500"	0.551691913229171	0.0188274328224205	Inf	0.514573381054405	0.588243326171973
"100"	0.530187951899043	0.0191185984033814	Inf	0.492616392010202	0.567420440564692
"50"	0.37912000475036	0.0185919993518988	Inf	0.34341968539409	0.416179162170093
