"method"	"cutoff"	"response"	"SE"	"df"	"asymp.LCL"	"asymp.UCL"
"seurat"	0	0.873408830939938	0.0386391051558171	Inf	0.776693133268667	0.931908584319517
"scvi"	0	0.87795212980545	0.0374457660693964	Inf	0.783849663341072	0.934509357498505
