"contrast"	"odds.ratio"	"SE"	"df"	"null"	"z.ratio"	"p.value"
"seurat cutoff0 / scvi cutoff0"	0.95912130161013	0.0177225126943507	Inf	1	-2.25879599213914	0.0238960779579667
