"method"	"response"	"SE"	"df"	"asymp.LCL"	"asymp.UCL"
"seurat"	0.931920626476306	0.0148367701174473	Inf	0.896435139270571	0.955846235831596
"scvi"	0.954029204436859	0.0102589474892085	Inf	0.929184004656167	0.970435024437393
