"contrast"	"odds.ratio"	"SE"	"df"	"null"	"z.ratio"	"p.value"
"seurat / scvi"	0.659604673069895	0.0276886713743972	Inf	1	-9.9127593869881	3.66384701921037e-23
