"method"	"response"	"SE"	"df"	"asymp.LCL"	"asymp.UCL"
"seurat"	0.650314308400253	0.0822421712508432	Inf	0.47791239824501	0.790716563097065
"scvi"	0.715015093942907	0.073795952963733	Inf	0.552321523425281	0.836125771549604
