"contrast"	"odds.ratio"	"SE"	"df"	"null"	"z.ratio"	"p.value"
"seurat / scvi"	0.741228477255981	0.0429868200593949	Inf	1	-5.16340061253982	2.42503365418607e-07
