"subsample_ref"	"response"	"SE"	"df"	"asymp.LCL"	"asymp.UCL"
"500"	0.68454381667196	0.0778025055041634	Inf	0.517137206184124	0.814706978399603
"100"	0.674720000587173	0.079074719400135	Inf	0.505861904164559	0.807799408147304
"50"	0.681069374676503	0.0782642055178886	Inf	0.513121262201549	0.81227853902507
