"method"	"response"	"SE"	"df"	"asymp.LCL"	"asymp.UCL"
"seurat"	0.873604824339069	0.0510712853101005	Inf	0.736273817577764	0.944785844416035
"scvi"	0.837548736946544	0.0629566687684441	Inf	0.675508667523213	0.927371421849524
