"subsample_ref"	"response"	"SE"	"df"	"asymp.LCL"	"asymp.UCL"
"500"	0.667885043470836	0.102349160630649	Inf	0.448748901925151	0.832436803545898
"100"	0.659511743595324	0.103595356824355	Inf	0.439527668304775	0.8271150552035
"50"	0.655825542127895	0.104147744183389	Inf	0.435463930317717	0.824781478113429
