"contrast"	"odds.ratio"	"SE"	"df"	"null"	"z.ratio"	"p.value"
"subsample_ref500 / subsample_ref100"	1.03822836092449	0.027227710069128	Inf	1	1.43052527764568	0.325143994074728
"subsample_ref500 / subsample_ref50"	1.05536720356843	0.0283574855125724	Inf	1	2.00555288691005	0.110837091620767
"subsample_ref100 / subsample_ref50"	1.01650777737249	0.0266193723685131	Inf	1	0.625232138458188	0.806262688547066
