"method"	"response"	"SE"	"df"	"asymp.LCL"	"asymp.UCL"
"seurat"	0.0535314864428849	0.00331102967283208	Inf	0.0474009450568287	0.0604046364938735
"scvi"	0.0596205180635924	0.00373929980034019	Inf	0.0526998714552231	0.0673853480706488
