"contrast"	"odds.ratio"	"SE"	"df"	"null"	"z.ratio"	"p.value"
"seurat / scvi"	0.892093821269536	0.0734167049002376	Inf	1	-1.38746100466459	0.165301234014636
