"contrast"	"odds.ratio"	"SE"	"df"	"null"	"z.ratio"	"p.value"
"subsample_ref500 / subsample_ref100"	1.07512248939044	0.0409927183405851	Inf	1	1.89975364486543	0.138719578662017
"subsample_ref500 / subsample_ref50"	0.980815425768348	0.0374032894157164	Inf	1	-0.507959656953224	0.867466642293347
"subsample_ref100 / subsample_ref50"	0.912282493806299	0.0348969847834084	Inf	1	-2.39999611568246	0.043289542249871
