"contrast"	"odds.ratio"	"SE"	"df"	"null"	"z.ratio"	"p.value"
"seurat / scvi"	0.965459525584908	0.0510545048824386	Inf	1	-0.664720246031378	0.506229441867193
