"method"	"response"	"SE"	"df"	"asymp.LCL"	"asymp.UCL"
"seurat"	0.85635495934173	0.0159591352610325	Inf	0.822161240613821	0.884894584962409
"scvi"	0.860625008717361	0.0155403656051415	Inf	0.827293063073376	0.888391840913757
