"subsample_ref"	"response"	"SE"	"df"	"asymp.LCL"	"asymp.UCL"
"500"	0.790060451636474	0.0208034628585947	Inf	0.746392364294311	0.827942728804722
"100"	0.768604656851175	0.0223001010507748	Inf	0.722058783653884	0.809413103327968
"50"	0.763216434330294	0.0226554335165873	Inf	0.715995963595548	0.804726956035773
