"contrast"	"odds.ratio"	"SE"	"df"	"null"	"z.ratio"	"p.value"
"seurat / scvi"	0.376488714368327	0.00739077544333714	Inf	1	-49.7619609482001	0
