"method"	"response"	"SE"	"df"	"asymp.LCL"	"asymp.UCL"
"seurat"	0.947619115430239	0.0111205429332384	Inf	0.921021438388518	0.965594082332716
"scvi"	0.979613358931856	0.00447466375368465	Inf	0.968724128249139	0.986763122207607
