"subsample_ref"	"response"	"SE"	"df"	"asymp.LCL"	"asymp.UCL"
"100"	0.970082649633795	0.00649197894892213	Inf	0.954371464929277	0.980494597965674
"50"	0.973326802942977	0.00580770711846355	Inf	0.959246710299483	0.982630368304996
