"contrast"	"odds.ratio"	"SE"	"df"	"null"	"z.ratio"	"p.value"
"seurat / scvi"	1.00011049776409	0.000163450292194648	Inf	1	0.676070181713743	0.498996087368842
