"contrast"	"odds.ratio"	"SE"	"df"	"null"	"z.ratio"	"p.value"
"subsample_ref100 / subsample_ref50"	1.00000727206444	5.49856372874611e-05	Inf	1	0.132254371170947	0.89478309679621
