"method"	"response"	"SE"	"df"	"asymp.LCL"	"asymp.UCL"
"seurat"	0.564745771804158	0.026703060951422	Inf	0.511879513041611	0.616179602347322
"scvi"	0.0305933225209268	0.00367006243727446	Inf	0.024163648435398	0.0386660698619236
