"subsample_ref"	"response"	"SE"	"df"	"asymp.LCL"	"asymp.UCL"
"500"	0.120701009275075	0.00675316068890743	Inf	0.108078496846561	0.134575279048005
"100"	0.115045853987425	0.00675297621731837	Inf	0.102457948988016	0.128958093708408
"50"	0.1016554614409	0.00640889930695608	Inf	0.0897645194330205	0.114922699974085
