"contrast"	"odds.ratio"	"SE"	"df"	"null"	"z.ratio"	"p.value"
"seurat / scvi"	1.26245385024404	0.0660769578938177	Inf	1	4.45274918029491	8.4777766218346e-06
