"subsample_ref"	"response"	"SE"	"df"	"asymp.LCL"	"asymp.UCL"
"100"	0.256047294119021	0.0106472044098138	Inf	0.235742123908467	0.277466448642754
"50"	0.249165512181035	0.0104567990954562	Inf	0.229238075560603	0.270217911539907
