"contrast"	"odds.ratio"	"SE"	"df"	"null"	"z.ratio"	"p.value"
"subsample_ref100 / subsample_ref50"	1.03712510147087	0.0164312613552207	Inf	1	2.30084982562048	0.0214001209867892
