"method"	"response"	"SE"	"df"	"asymp.LCL"	"asymp.UCL"
"seurat"	0.513689480446372	0.0598764503642003	Inf	0.397713037077156	0.628210274494936
"scvi"	0.57440473120859	0.0588241806791533	Inf	0.457162458816784	0.683837098285422
