"subsample_ref"	"response"	"SE"	"df"	"asymp.LCL"	"asymp.UCL"
"500"	0.917958101900368	0.0175161797332852	Inf	0.876431659918844	0.946382889570748
"100"	0.922367545317618	0.0166460021908579	Inf	0.88281170124683	0.949337891903614
"50"	0.917882856191747	0.0175302502507405	Inf	0.876325030363675	0.946331453528268
