"contrast"	"odds.ratio"	"SE"	"df"	"null"	"z.ratio"	"p.value"
"subsample_ref500 / subsample_ref100"	1.00227175559095	0.0251850725249437	Inf	1	0.0903048452055476	0.995514101430026
"subsample_ref500 / subsample_ref50"	1.02752002947571	0.025989372443646	Inf	1	1.07333406552368	0.530660870418566
"subsample_ref100 / subsample_ref50"	1.02519104598521	0.0258918459599623	Inf	1	0.985086546449888	0.586300287379851
