"subsample_ref"	"response"	"SE"	"df"	"asymp.LCL"	"asymp.UCL"
"500"	0.174441087431872	0.01116950853019	Inf	0.153619773942208	0.197426203056754
"100"	0.174114541168468	0.0111504303649379	Inf	0.153329528937163	0.197061338285016
"50"	0.170565930865661	0.0109888494208089	Inf	0.150094408059353	0.193194895973346
