"contrast"	"odds.ratio"	"SE"	"df"	"null"	"z.ratio"	"p.value"
"seurat / scvi"	0.617429866842959	0.0230249016020608	Inf	1	-12.9302780426367	3.03718504404543e-38
