"method"	"response"	"SE"	"df"	"asymp.LCL"	"asymp.UCL"
"seurat"	0.732520297636838	0.0126332614117318	Inf	0.707044879971341	0.756543179676156
"scvi"	0.816023805893345	0.00964155235895644	Inf	0.796370884535717	0.834174915074983
