"subsample_ref"	"response"	"SE"	"df"	"asymp.LCL"	"asymp.UCL"
"100"	0.786076785681862	0.00999940974488104	Inf	0.765826034018306	0.80502216564175
"50"	0.790658222581742	0.00984264811118333	Inf	0.770713916371043	0.809296949961679
