"contrast"	"odds.ratio"	"SE"	"df"	"null"	"z.ratio"	"p.value"
"subsample_ref100 / subsample_ref50"	0.972913368332881	0.0119481582342725	Inf	1	-2.23602923201539	0.0253498563978326
