"method"	"response"	"SE"	"df"	"asymp.LCL"	"asymp.UCL"
"seurat"	0.841181531019639	0.024126429171921	Inf	0.788029552106444	0.882984636348399
"scvi"	0.909734160299574	0.0148379354246881	Inf	0.876126138914048	0.934901544049839
