"subsample_ref"	"response"	"SE"	"df"	"asymp.LCL"	"asymp.UCL"
"500"	0.805591948433228	0.027967194634301	Inf	0.744904563404895	0.854658733166064
"100"	0.814339843797585	0.0270029535205175	Inf	0.755544604155562	0.861584586149022
"50"	0.824394709656849	0.0258668424132657	Inf	0.767849618594947	0.869507669582357
