"contrast"	"odds.ratio"	"SE"	"df"	"null"	"z.ratio"	"p.value"
"subsample_ref500 / subsample_ref100"	0.944743465023341	0.0188488689794025	Inf	1	-2.84902877168473	0.012199151533911
"subsample_ref500 / subsample_ref50"	0.882679964097934	0.0179391864570822	Inf	1	-6.14029600935257	2.4703378231905e-09
"subsample_ref100 / subsample_ref50"	0.934306504121865	0.0190357811541096	Inf	1	-3.33513030475228	0.00245649978552531
