"contrast"	"odds.ratio"	"SE"	"df"	"null"	"z.ratio"	"p.value"	"key"
"control / disease"	0.868409489910521	0.00309554212440737	Inf	1	-39.5812918293637	0	"class"
"control / disease"	0.949334438389807	0.00483122844296429	Inf	1	-10.2168257650672	1.66710702585229e-24	"family"
"control / disease"	0.876783882584316	0.00451163168792634	Inf	1	-25.5544958179428	4.89392686812214e-144	"global"
"control / disease"	0.885224536773907	0.00303876765370849	Inf	1	-35.5147988383814	2.90515081088969e-276	"subclass"
