"disease_state"	"response"	"SE"	"df"	"asymp.LCL"	"asymp.UCL"	"key"
"control"	0.937225568957266	0.00993957024998164	Inf	0.914686882340156	0.954108554108354	"class"
"disease"	0.945032024329268	0.00877554255942192	Inf	0.925073323505502	0.959904631387137	"class"
"control"	0.96172830428234	0.00275675288670011	Inf	0.955943454638567	0.966779969800319	"family"
"disease"	0.963596773309667	0.00262554122818325	Inf	0.958085892401367	0.968406974635324	"family"
"control"	0.982466226550273	0.00165622353835872	Inf	0.978907025233884	0.985433789435835	"global"
"disease"	0.984593384917165	0.00145793555467779	Inf	0.981459026704713	0.987204786550406	"global"
"control"	0.910760729553996	0.0160494262485537	Inf	0.873903960253507	0.937613645423008	"subclass"
"disease"	0.92018571202052	0.0145023499683251	Inf	0.886738990740565	0.944374981633237	"subclass"
