"method"	"response"	"SE"	"df"	"asymp.LCL"	"asymp.UCL"	"key"
"seurat"	0.931001001660572	0.0108559032048327	Inf	0.906441949292359	0.949472645039539	"class"
"scvi"	0.950058718269414	0.00801836559114611	Inf	0.931785806282775	0.963627835208941	"class"
"seurat"	0.949517278489755	0.00360345615894948	Inf	0.941968302035504	0.95612999068315	"family"
"scvi"	0.972500807975389	0.00201246656034706	Inf	0.968269215314217	0.976181960257051	"family"
"seurat"	0.975705905914233	0.00228735673964391	Inf	0.970795615237356	0.979807775016357	"global"
"scvi"	0.988908698746438	0.00105688402319903	Inf	0.986633964620657	0.990799911116864	"global"
"seurat"	0.900467590391504	0.0177017367350666	Inf	0.860004043982472	0.930185230881403	"subclass"
"scvi"	0.928601387925943	0.0130953023668317	Inf	0.898282213418784	0.950382463746521	"subclass"
