"contrast"	"odds.ratio"	"SE"	"df"	"null"	"z.ratio"	"p.value"	"key"
"seurat / scvi"	0.709278178593087	0.00669336047840539	Inf	1	-36.4006029055655	4.16452006047177e-290	"class"
"seurat / scvi"	0.531851116573398	0.00807150035327846	Inf	1	-41.6039593504109	0	"family"
"seurat / scvi"	0.450447861055542	0.0072249169976097	Inf	1	-49.7220937027722	0	"global"
"seurat / scvi"	0.695607104993805	0.00633722095724954	Inf	1	-39.8415502653497	0	"subclass"
