"contrast"	"odds.ratio"	"SE"	"df"	"null"	"z.ratio"	"p.value"	"key"
"female / male"	1.00887365117634	0.00289486554288882	Inf	1	3.07886703077043	0.00207789401427344	"class"
"female / male"	0.982254074789207	0.00422025447271617	Inf	1	-4.16740900864561	3.080814255259e-05	"family"
"female / male"	0.904380332886555	0.00383683863429701	Inf	1	-23.6900770744399	4.56333650535868e-124	"global"
"female / male"	0.980976622748764	0.00277229832786603	Inf	1	-6.79626510234323	1.07366133784044e-11	"subclass"
