"sex"	"response"	"SE"	"df"	"asymp.LCL"	"asymp.UCL"	"key"
"female"	0.941494038400831	0.00930571583021798	Inf	0.920358162403466	0.957281089231139	"class"
"male"	0.941005504576302	0.00937805877074016	Inf	0.919709475193887	0.956917631133021	"class"
"female"	0.962350744529827	0.0027131223565587	Inf	0.956656972957573	0.967322101135423	"family"
"male"	0.962994141014876	0.00266699265993268	Inf	0.957396835204914	0.967880730561599	"family"
"female"	0.982731158197066	0.00163139375374625	Inf	0.979225172816789	0.985654137332839	"global"
"male"	0.984356568026934	0.00147987185206633	Inf	0.981175229194234	0.987007387958244	"global"
"female"	0.914847426436107	0.0153829390851701	Inf	0.879455707312265	0.940550571344304	"subclass"
"male"	0.916331782697656	0.0151387939161082	Inf	0.88147845841917	0.941614743468582	"subclass"
