"1"	"response"	"SE"	"df"	"asymp.LCL"	"asymp.UCL"	"key"
"overall"	0.92479699024047	0.0117431024723446	Inf	0.898296909088255	0.944816306785188	"class"
"overall"	0.955539423787299	0.00316047192131463	Inf	0.948916867508821	0.961338394311678	"family"
"overall"	0.97982750685462	0.00189219528013723	Inf	0.975765037242482	0.983220701178231	"global"
"overall"	0.89766036179426	0.018133959632756	Inf	0.856264819271317	0.928134631447389	"subclass"
