"contrast"	"odds.ratio"	"SE"	"df"	"null"	"z.ratio"	"p.value"
"female / male"	0.957793503513999	0.00423315632764595	Inf	1	-9.75702212558675	3.34177130412172e-14
"female / None"	1.15578771463922	0.603081995630963	Inf	1	0.277470379886779	0.958448154560521
"male / None"	1.20671910009705	0.629649352220543	Inf	1	0.360119136452443	0.931014934619558
