"method"	"response"	"SE"	"df"	"asymp.LCL"	"asymp.UCL"
"seurat"	0.0203307741602414	0.00264157008279871	Inf	0.0157502797741065	0.0262078971749844
"scvi"	0.0800389954425418	0.00881680251008721	Inf	0.0643741294575276	0.0991119662266677
