"contrast"	"odds.ratio"	"SE"	"df"	"null"	"z.ratio"	"p.value"
"seurat / scvi"	0.238529577999343	0.0389238599655919	Inf	1	-8.78318262068607	1.5891284886708e-18
