"contrast"	"odds.ratio"	"SE"	"df"	"null"	"z.ratio"	"p.value"
"subsample_ref500 / subsample_ref100"	1.01631821346695	0.0717923744321327	Inf	1	0.229141845226752	0.971470032976862
"subsample_ref500 / subsample_ref50"	1.19744127854032	0.0861660580152901	Inf	1	2.50404128335093	0.0328817579980932
"subsample_ref100 / subsample_ref50"	1.17821491603059	0.0845767225477436	Inf	1	2.28464571984282	0.0579544719912178
