"subsample_ref"	"response"	"SE"	"df"	"asymp.LCL"	"asymp.UCL"
"500"	0.0509736978629615	0.0036011733486635	Inf	0.0443605167637637	0.0585123953651547
"100"	0.0501963366235669	0.00357039963803469	Inf	0.043642906993374	0.0576744854296549
"50"	0.0429296670751771	0.0032877581893444	Inf	0.0369282863309912	0.0498558695307776
