"method"	"response"	"SE"	"df"	"asymp.LCL"	"asymp.UCL"
"seurat"	0.916145782184017	0.0244617883006307	Inf	0.854084983696314	0.953255443496099
"scvi"	0.867121152205179	0.0366871120918203	Inf	0.77759078935169	0.924127825269243
