"sex"	"response"	"SE"	"df"	"asymp.LCL"	"asymp.UCL"
"female"	0.891953249108827	0.0385841397541382	Inf	0.790203200779669	0.947625955426645
"male"	0.874776120834227	0.0435581372586174	Inf	0.762151860521754	0.938382759707088
"None"	0.912579101831164	0.0419758878218932	Inf	0.788230909176893	0.966971117410532
