"contrast"	"odds.ratio"	"SE"	"df"	"null"	"z.ratio"	"p.value"
"female / male"	1.18173640291735	0.0595381750445754	Inf	1	3.31437967125197	0.00264326351615152
"female / None"	0.790815413176503	0.522723859423584	Inf	1	-0.355057488535791	0.932873901403289
"male / None"	0.669197810293581	0.44123988052077	Inf	1	-0.609193392958496	0.815097479200046
