"contrast"	"odds.ratio"	"SE"	"df"	"null"	"z.ratio"	"p.value"
"subsample_ref500 / subsample_ref100"	1.13220585057176	0.0192495673289067	Inf	1	7.3032042010139	8.64197602368222e-13
"subsample_ref500 / subsample_ref50"	1.27885390267508	0.021543767141498	Inf	1	14.6006215134494	0
"subsample_ref100 / subsample_ref50"	1.12952419564805	0.0184371130616011	Inf	1	7.46169254762373	2.76001443921814e-13
