"subsample_ref"	"response"	"SE"	"df"	"asymp.LCL"	"asymp.UCL"
"500"	0.905235106576922	0.0273153997808049	Inf	0.836540038657597	0.94689338699927
"100"	0.894034222653944	0.0301632988901508	Inf	0.818852958213063	0.940288397937578
"50"	0.881929622107922	0.0331521482481962	Inf	0.800085843171745	0.933069930340729
