"1"	"response"	"SE"	"df"	"asymp.LCL"	"asymp.UCL"
"overall"	0.894109083645117	0.0301310468208593	Inf	0.819011504955196	0.940317119474967
