"contrast"	"odds.ratio"	"SE"	"df"	"null"	"z.ratio"	"p.value"
"no treatment / treatment"	1.11743089928325	0.0307383604887409	Inf	1	4.03635134913421	5.42888961940634e-05
