"method"	"response"	"SE"	"df"	"asymp.LCL"	"asymp.UCL"
"seurat"	0.489586336971493	0.0734115152222932	Inf	0.350362508936593	0.630444638772545
"scvi"	0.718302136385351	0.059370354966169	Inf	0.589276877190635	0.81922913839931
