"contrast"	"odds.ratio"	"SE"	"df"	"null"	"z.ratio"	"p.value"
"seurat / scvi"	0.376169338366225	0.0224640230256597	Inf	1	-16.3722558121082	3.0181660797181e-60
