"contrast"	"odds.ratio"	"SE"	"df"	"null"	"z.ratio"	"p.value"
"subsample_ref500 / subsample_ref100"	1.11528523450319	0.0321674414388932	Inf	1	3.78298602716216	0.00045499590687792
"subsample_ref500 / subsample_ref50"	0.955330120098998	0.0277560451508709	Inf	1	-1.57288201224051	0.257417545426838
"subsample_ref100 / subsample_ref50"	0.856579187587428	0.024737548485708	Inf	1	-5.36050483520032	2.48606272790219e-07
