"subsample_ref"	"response"	"SE"	"df"	"asymp.LCL"	"asymp.UCL"
"500"	0.732118803280306	0.0571974120882016	Inf	0.606777863411897	0.828780693420671
"100"	0.710186299758277	0.0600212210279846	Inf	0.580476353704973	0.812730205925352
"50"	0.740985600650446	0.0559812839594878	Inf	0.61760899759236	0.835178603714304
