"method"	"response"	"SE"	"df"	"asymp.LCL"	"asymp.UCL"
"seurat"	0.497758266094397	0.0637453985426444	Inf	0.375490872222786	0.620294353640454
"scvi"	0.596831671902381	0.0613309545545859	Inf	0.473205389416048	0.709270382865684
