"contrast"	"odds.ratio"	"SE"	"df"	"null"	"z.ratio"	"p.value"
"seurat / scvi"	0.669484041619022	0.0274771582483806	Inf	1	-9.7764513017838	1.42105855218607e-22
