"contrast"	"odds.ratio"	"SE"	"df"	"null"	"z.ratio"	"p.value"
"subsample_ref100 / subsample_ref50"	0.932520272044131	0.0128727937325768	Inf	1	-5.06105820414425	4.16935900193872e-07
