"subsample_ref"	"response"	"SE"	"df"	"asymp.LCL"	"asymp.UCL"
"100"	0.554271302598349	0.0626287943643749	Inf	0.430720878018148	0.671460525457503
"50"	0.571459460964634	0.062080934837259	Inf	0.447927983473535	0.686684106777157
