"contrast"	"odds.ratio"	"SE"	"df"	"null"	"z.ratio"	"p.value"
"seurat / scvi"	1.26838831307424	0.0262858005921084	Inf	1	11.4721854594425	1.82003808558654e-30
