"method"	"response"	"SE"	"df"	"asymp.LCL"	"asymp.UCL"
"seurat"	0.945764223978008	0.0153416579593397	Inf	0.906569060752973	0.969077496927213
"scvi"	0.932194962513972	0.0189058777349708	Inf	0.884388850436279	0.961102330073957
