"sex"	"response"	"SE"	"df"	"asymp.LCL"	"asymp.UCL"
"female"	0.933987632242496	0.0232188349349375	Inf	0.871188626038929	0.967318946456116
"male"	0.941884949153778	0.0204386586287501	Inf	0.886313096369204	0.971175874268799
"None"	0.941819177356113	0.0270651565394371	Inf	0.860106825923105	0.977075047255047
