"contrast"	"odds.ratio"	"SE"	"df"	"null"	"z.ratio"	"p.value"
"female / male"	0.872984594650229	0.0463123752665092	Inf	1	-2.56052362860972	0.0281894816775978
"female / None"	0.874033630042294	0.542691163206551	Inf	1	-0.216839285249348	0.974412541718841
"male / None"	1.00120166541139	0.619706190539087	Inf	1	0.00194025352755264	0.999997924478369
