"contrast"	"odds.ratio"	"SE"	"df"	"null"	"z.ratio"	"p.value"
"subsample_ref500 / subsample_ref100"	1.02998532585567	0.0168397397596666	Inf	1	1.80706227965275	0.16722075905674
"subsample_ref500 / subsample_ref50"	1.06108847758362	0.0172122272655608	Inf	1	3.65539580052885	0.000750690045936309
"subsample_ref100 / subsample_ref50"	1.03019766490568	0.0164340030796892	Inf	1	1.86498035622836	0.148951775828023
