"subsample_ref"	"response"	"SE"	"df"	"asymp.LCL"	"asymp.UCL"
"500"	0.940999255223943	0.0166048708493052	Inf	0.89873109063551	0.966287090189619
"100"	0.939337420266856	0.0170415162462905	Inf	0.896013174361706	0.965310224928948
"50"	0.937619824275417	0.0174912018362507	Inf	0.893210862774547	0.964299168127163
