"1"	"response"	"SE"	"df"	"asymp.LCL"	"asymp.UCL"
"overall"	0.939333504756071	0.0170342803989659	Inf	0.8960332556603	0.965298403355893
