"treatment_state"	"response"	"SE"	"df"	"asymp.LCL"	"asymp.UCL"
"No treatment"	0.943690221245038	0.0158906206501709	Inf	0.90315867212616	0.967861524029762
"treatment"	0.93466304490692	0.0182802530034265	Inf	0.888343168213641	0.96257700119817
