"contrast"	"odds.ratio"	"SE"	"df"	"null"	"z.ratio"	"p.value"
"No treatment / treatment"	1.17151931494458	0.0298073359182719	Inf	1	6.22173097710643	4.91699614827105e-10
