name	mean duration (hours)	std duration (hours)	mean realtime (hours)	std realtime (hours)	mean %cpu	std %cpu	mean peak virtual memory (GB)	std peak virtual memory (GB)
SCVI Random Forest	0.01624890000590464	0.00454952817574847	0.0024591902699643074	0.0007979101405826786	135.33128768026975	21.485416449736146	0.01329914526488428	0.0013752869272202935
SCVI pre-process query	0.019115123332437995	0.006242377927034195	0.004181310994717522	0.0014553297604477228	204.96156325543916	115.6003930168911	0.021272478249647463	0.0003631644930997577
Seurat TransferData	0.01824079733970182	0.002490939594846925	0.0035135512246324556	0.000841824750737038	332.50719828527195	30.864959893053108	0.018909821574761346	0.01688263608283045
Seurat pre-process query	0.026184147461309325	0.006926991366680142	0.006124610853546552	0.0023097564934793898	544.4192098367265	223.5235035899303	0.02866637113233219	0.01930339954529298
Seurat pre-process reference	0.02857208448117539	0.01762168546399522	0.017908172635445363	0.01691620591834961	568.4421487603306	323.77330926438486	0.023034768853305784	0.017851465316487597
