"contrast"	"odds.ratio"	"SE"	"df"	"null"	"z.ratio"	"p.value"
"subsample_ref500 / subsample_ref100"	1.15812207068135	0.0312372165322618	Inf	1	5.44261282304171	1.57318553295482e-07
"subsample_ref500 / subsample_ref50"	1.24415019492235	0.0335432808379848	Inf	1	8.10260625932593	3.88578058618805e-14
"subsample_ref100 / subsample_ref50"	1.07428243223997	0.0284655802439308	Inf	1	2.70416015927326	0.0187765125590165
