"contrast"	"odds.ratio"	"SE"	"df"	"null"	"z.ratio"	"p.value"
"seurat / scvi"	0.131594566110414	0.0163614965792381	Inf	1	-16.3113238235023	8.19962423338892e-60
