"method"	"response"	"SE"	"df"	"asymp.LCL"	"asymp.UCL"
"seurat"	0.557047205236176	0.0198643255596979	Inf	0.51784225206692	0.595554095896131
"scvi"	0.905271185931711	0.00825913972477549	Inf	0.887798760432879	0.920267096432722
