"contrast"	"odds.ratio"	"SE"	"df"	"null"	"z.ratio"	"p.value"
"subsample_ref500 / subsample_ref100"	1.31146617287953	0.0778369403648043	Inf	1	4.56850497467467	1.46457142771172e-05
"subsample_ref500 / subsample_ref50"	1.86460951964393	0.109469089734794	Inf	1	10.6125670375536	2.8199664825479e-14
"subsample_ref100 / subsample_ref50"	1.42177477254322	0.0811223499750422	Inf	1	6.16760948375646	2.07935491047806e-09
