"subsample_ref"	"response"	"SE"	"df"	"asymp.LCL"	"asymp.UCL"
"500"	0.726729837920067	0.0105344319157023	Inf	0.705603765820219	0.746883720470986
"100"	0.669726464037281	0.0113261791368896	Inf	0.64716214222577	0.691535574411981
"50"	0.587839769548199	0.0119211130836241	Inf	0.564293604672996	0.610990673152951
