"contrast"	"odds.ratio"	"SE"	"df"	"null"	"z.ratio"	"p.value"
"subsample_ref500 / subsample_ref100"	1.13296806128729	0.0271853611613567	Inf	1	5.20282329160087	5.87689184872175e-07
"subsample_ref500 / subsample_ref50"	1.16753499540937	0.0279670919616855	Inf	1	6.46634856836086	3.01179969852683e-10
"subsample_ref100 / subsample_ref50"	1.03051006935077	0.0245242347883246	Inf	1	1.26286668030938	0.416290132058522
