"contrast"	"odds.ratio"	"SE"	"df"	"null"	"z.ratio"	"p.value"
"subsample_ref500 / subsample_ref100"	1.04755645120116	0.0313222921003196	Inf	1	1.55383736875577	0.265922840695848
"subsample_ref500 / subsample_ref50"	1.07476908165914	0.0321474381242269	Inf	1	2.41067786471477	0.0421062186247454
"subsample_ref100 / subsample_ref50"	1.02597724487953	0.0307357056091219	Inf	1	0.856065240793883	0.668031426169953
