"contrast"	"odds.ratio"	"SE"	"df"	"null"	"z.ratio"	"p.value"
"seurat / scvi"	0.477266838654959	0.0308461063230638	Inf	1	-11.4447025912691	2.49960219957437e-30
