"contrast"	"odds.ratio"	"SE"	"df"	"null"	"z.ratio"	"p.value"
"seurat / scvi"	0.317586864989893	0.0558815166024786	Inf	1	-6.51867374539938	7.0931743942932e-11
