"subsample_ref"	"response"	"SE"	"df"	"asymp.LCL"	"asymp.UCL"
"500"	0.752239448059353	0.0237966062349887	Inf	0.702731995218204	0.795896570092872
"100"	0.736904076140114	0.0246452275858718	Inf	0.685850767626253	0.782294176956428
"50"	0.713600328569213	0.0260588709405997	Inf	0.659940498985016	0.761848453525791
