"contrast"	"odds.ratio"	"SE"	"df"	"null"	"z.ratio"	"p.value"
"seurat / scvi"	2.01506230687271	0.301257268393616	Inf	1	4.68653801278786	2.77865229574765e-06
