"method"	"response"	"SE"	"df"	"asymp.LCL"	"asymp.UCL"
"seurat"	0.231777172450325	0.0287752658175529	Inf	0.180191849264361	0.292854917069031
"scvi"	0.130226963246326	0.0182786130583004	Inf	0.0983900086241137	0.170418494648626
