"contrast"	"odds.ratio"	"SE"	"df"	"null"	"z.ratio"	"p.value"
"subsample_ref500 / subsample_ref100"	0.916864496024823	0.0676721578165695	Inf	1	-1.17596060441802	0.467557037729195
"subsample_ref500 / subsample_ref50"	0.838002823132577	0.0632291990781736	Inf	1	-2.34232654465685	0.0501741162996355
"subsample_ref100 / subsample_ref50"	0.91398764677424	0.0683558723540807	Inf	1	-1.20256566307633	0.451617608578206
