"method"	"response"	"SE"	"df"	"asymp.LCL"	"asymp.UCL"
"seurat"	0.709484536906876	0.0194127566753691	Inf	0.670022217511005	0.746016468974774
"scvi"	0.833739378998132	0.0130259103812133	Inf	0.806618647460901	0.857727442817497
