"contrast"	"odds.ratio"	"SE"	"df"	"null"	"z.ratio"	"p.value"
"seurat / scvi"	0.487004265507066	0.0155190937006854	Inf	1	-22.5780579169046	7.12096902162448e-113
