"contrast"	"odds.ratio"	"SE"	"df"	"null"	"z.ratio"	"p.value"
"subsample_ref100 / subsample_ref50"	0.988818451238835	0.0102363120523281	Inf	1	-1.08621160406347	0.277385384545495
