"subsample_ref"	"response"	"SE"	"df"	"asymp.LCL"	"asymp.UCL"
"100"	0.817612861115812	0.0136769565964408	Inf	0.78926426922083	0.842906974314356
"50"	0.819283684245671	0.0135799202243831	Inf	0.791127214701115	0.844391161485243
