"method"	"response"	"SE"	"df"	"asymp.LCL"	"asymp.UCL"
"seurat"	0.945026135142462	0.0173192024452382	Inf	0.89943473465689	0.970623676986509
"scvi"	0.959272730108688	0.0130289721623405	Inf	0.924536904357385	0.978393248283279
