"contrast"	"odds.ratio"	"SE"	"df"	"null"	"z.ratio"	"p.value"
"subsample_ref500 / subsample_ref100"	0.989869974287533	0.015547609073427	Inf	1	-0.648237476170868	0.793366292718473
"subsample_ref500 / subsample_ref50"	1.02264358532975	0.0159653639339626	Inf	1	1.43423212915187	0.323261712396063
"subsample_ref100 / subsample_ref50"	1.03310900612558	0.0159201871242735	Inf	1	2.11374138687671	0.0870431498837874
