"method"	"response"	"SE"	"df"	"asymp.LCL"	"asymp.UCL"
"seurat"	0.546485725551322	0.144575256308586	Inf	0.277509251082191	0.790809739214113
"scvi"	0.490338046932642	0.145807691892163	Inf	0.234658488907248	0.751174416570179
