"contrast"	"odds.ratio"	"SE"	"df"	"null"	"z.ratio"	"p.value"
"seurat / scvi"	1.25249062154129	0.07197570256019	Inf	1	3.9176874475921	8.94025203901203e-05
