"subsample_ref"	"response"	"SE"	"df"	"asymp.LCL"	"asymp.UCL"
"500"	0.429356727962066	0.142701534557742	Inf	0.19371909257844	0.702048284715689
"100"	0.421973340728653	0.14206495891331	Inf	0.189042026128643	0.695697184530703
"50"	0.410461593669717	0.140941572678522	Inf	0.181885107071048	0.685575051443789
