"contrast"	"odds.ratio"	"SE"	"df"	"null"	"z.ratio"	"p.value"	"key"
"control / disease"	0.763417968138724	0.940478121878149	Inf	1	-0.219127241593372	0.8265509306842	"class"
"control / disease"	0.566298068936191	0.745403927026262	Inf	1	-0.432003011832403	0.665739224167136	"family"
"control / disease"	0.829752109295453	0.57626582587437	Inf	1	-0.268721842001423	0.788143742343273	"global"
"control / disease"	0.652267102943529	0.763909409776461	Inf	1	-0.364852781098137	0.715221303252132	"subclass"
