"1"	"response"	"SE"	"df"	"asymp.LCL"	"asymp.UCL"	"key"
"overall"	0.908079393068054	0.0514156917459394	Inf	0.747085694041868	0.970621799449376	"class"
"overall"	0.95119465965982	0.0305536724785634	Inf	0.842894387064344	0.986072088107533	"family"
"overall"	0.97665329389801	0.00791877138497024	Inf	0.954911899428399	0.988042309687488	"global"
"overall"	0.888272630321313	0.0581158641624611	Inf	0.716160303911617	0.961614712418647	"subclass"
