"method"	"response"	"SE"	"df"	"asymp.LCL"	"asymp.UCL"
"seurat"	0.750048764017704	0.0422203453652375	Inf	0.65869402074673	0.823503247626808
"scvi"	0.780737988919149	0.0385651426526688	Inf	0.696022405085527	0.847032883778412
