"contrast"	"odds.ratio"	"SE"	"df"	"null"	"z.ratio"	"p.value"
"subsample_ref500 / subsample_ref100"	0.85859496118234	0.0239490598774255	Inf	1	-5.46575374009502	1.38119195192132e-07
"subsample_ref500 / subsample_ref50"	0.832024922399449	0.0232702688733449	Inf	1	-6.57506207635074	1.4590739727538e-10
"subsample_ref100 / subsample_ref50"	0.969054047619494	0.0271052066029809	Inf	1	-1.1238471532999	0.499315594094307
