"subsample_ref"	"response"	"SE"	"df"	"asymp.LCL"	"asymp.UCL"
"500"	0.639732052826774	0.0511929436667794	Inf	0.534658198701797	0.732931539547206
"100"	0.674071764642331	0.0488115376812398	Inf	0.57229115666972	0.761716543210265
"50"	0.680939832505599	0.0482750330190853	Inf	0.57995607205614	0.767383488783718
