"contrast"	"odds.ratio"	"SE"	"df"	"null"	"z.ratio"	"p.value"
"seurat / scvi"	0.999843188315398	0.00018155330960328	Inf	1	-0.863654809430153	0.387777545508073
