"subsample_ref"	"response"	"SE"	"df"	"asymp.LCL"	"asymp.UCL"
"500"	0.30282237812819	0.0943012909222625	Inf	0.153248069302341	0.510389056800619
"100"	0.30282436097893	0.094301419322405	Inf	0.153249554117079	0.510390891390603
"50"	0.302820028309771	0.0943011328249101	Inf	0.153246316841795	0.510386868918957
