"method"	"response"	"SE"	"df"	"asymp.LCL"	"asymp.UCL"
"seurat"	0.905029984598274	0.0166709106734088	Inf	0.866949766559943	0.933052918440065
"scvi"	0.938874332442741	0.0111545738561596	Inf	0.912997636142895	0.957413641147763
