"contrast"	"odds.ratio"	"SE"	"df"	"null"	"z.ratio"	"p.value"
"subsample_ref500 / subsample_ref100"	0.910056762817692	0.0205045331146248	Inf	1	-4.18304121294836	8.52915141109634e-05
"subsample_ref500 / subsample_ref50"	0.914133179662248	0.0207387134083743	Inf	1	-3.95733177087942	0.000223644466426975
"subsample_ref100 / subsample_ref50"	1.00447929954604	0.0221824214080055	Inf	1	0.202381722908492	0.977673436010551
