name	mean duration (hours)	std duration (hours)	mean realtime (hours)	std realtime (hours)	mean %cpu	std %cpu	mean peak virtual memory (GB)	std peak virtual memory (GB)
SCVI Random Forest	0.01812261640798226	0.00255885847159628	0.003686347211956968	0.002260989661046967	105.42091648189209	31.117265648606125	0.012962845874907614	0.0014018722084601805
SCVI pre-process query	0.049826311899482625	0.020183512013596656	0.0254409953190441	0.01834554469653086	518.6940133037695	250.5092911853005	0.02351415257760532	0.0018482639531989253
Seurat TransferData	0.017893976348854396	0.0012811908366418675	0.006397390572390573	0.002408982052892843	248.8257723577236	40.90879048896303	0.01534473450203252	0.012336215335585833
Seurat pre-process query	0.020873737373737374	0.005314847769049664	0.013836228135008621	0.005596795628037599	834.3782705099778	323.9756903184667	0.027751481083702883	0.018514462729834973
Seurat pre-process reference	0.05637037037037037	0.04933610241250268	0.04606574074074074	0.04837301709269972	404.18	274.6723112986496	0.024739583333333332	0.013907679885899898
