"contrast"	"odds.ratio"	"SE"	"df"	"null"	"z.ratio"	"p.value"
"seurat / scvi"	0.867194041845255	0.0433041017345295	Inf	1	-2.85350944682342	0.00432392422984225
