"method"	"response"	"SE"	"df"	"asymp.LCL"	"asymp.UCL"
"seurat"	0.759697188388674	0.0857257679739136	Inf	0.557409465367467	0.888090693903244
"scvi"	0.784741138615826	0.0793047985425229	Inf	0.592270497996262	0.901470000819946
