"contrast"	"odds.ratio"	"SE"	"df"	"null"	"z.ratio"	"p.value"
"subsample_ref500 / subsample_ref100"	1.0611100987753	0.0266536938954307	Inf	1	2.36141402978024	0.0478003481202147
"subsample_ref500 / subsample_ref50"	1.12890189034937	0.0283039897057643	Inf	1	4.83586031938422	3.96174174421837e-06
"subsample_ref100 / subsample_ref50"	1.06388761321969	0.025395030628728	Inf	1	2.59445653360754	0.0256583121985139
