"subsample_ref"	"response"	"SE"	"df"	"asymp.LCL"	"asymp.UCL"
"500"	0.546114364077067	0.116163948444808	Inf	0.32441869894616	0.750916231308613
"100"	0.531375601130659	0.116670661127764	Inf	0.311604313612663	0.739614271373608
"50"	0.515929049460173	0.117033750970785	Inf	0.29844321566255	0.727544069312459
