"contrast"	"odds.ratio"	"SE"	"df"	"null"	"z.ratio"	"p.value"
"control False / disease False"	1.08553620379087	0.00478913811580553	Inf	1	18.6034237257084	3.01427443853444e-77
