"disease_state"	"region_match"	"response"	"SE"	"df"	"asymp.LCL"	"asymp.UCL"
"control"	"False"	0.951457508259238	0.0235261478803504	Inf	0.878381814331151	0.981547238998886
"disease"	"False"	0.9475232585947	0.0253274403565189	Inf	0.869339550992742	0.980000210659434
