"method"	"region_match"	"response"	"SE"	"df"	"asymp.LCL"	"asymp.UCL"
"seurat"	"False"	0.947120968007377	0.0174606061582463	Inf	0.900438727285879	0.972581369331836
"scvi"	"False"	0.964746649360264	0.0118569593399665	Inf	0.932516941425317	0.981882603813578
