"region_match"	"response"	"SE"	"df"	"asymp.LCL"	"asymp.UCL"
"False"	0.923561780910621	0.0359573662107582	Inf	0.816596821755698	0.970403364994375
"True"	0.943907624636067	0.0269706845532172	Inf	0.861119979248698	0.978572786263189
