"contrast"	"odds.ratio"	"SE"	"df"	"null"	"z.ratio"	"p.value"
"False / True"	0.71800873863005	0.00651351683951022	Inf	1	-36.5174915323421	5.85281087975962e-292
