"sex"	"region_match"	"response"	"SE"	"df"	"asymp.LCL"	"asymp.UCL"
"female"	"False"	0.971923462197658	0.00928870599205792	Inf	0.946707084674936	0.985392417825648
"femaleemale"	"False"	0.919811050241256	0.0869536992122757	Inf	0.532253134713692	0.991425687358701
"male"	"False"	0.972272978098101	0.00917605319626162	Inf	0.947354665701643	0.985576421091869
"maleale"	"False"	0.920721491846313	0.0860514029940376	Inf	0.535341883126678	0.991530492720406
"None"	"False"	0.935778894409269	0.0409073308725188	Inf	0.793297399377978	0.982245068109283
