"subsample_ref"	"region_match"	"response"	"SE"	"df"	"asymp.LCL"	"asymp.UCL"
"500"	"False"	0.956783817142986	0.0144137038102896	Inf	0.917899055167741	0.977699363096603
"100"	"False"	0.951022211591879	0.0162369306094327	Inf	0.907454916091324	0.974652306902032
"50"	"False"	0.941196797040093	0.019292729672072	Inf	0.88990158991403	0.969414776795528
