"1"	"response"	"SE"	"df"	"asymp.LCL"	"asymp.UCL"
"overall"	0.934465111627089	0.0311927338677582	Inf	0.840114546120532	0.974807721108505
