"contrast"	"odds.ratio"	"SE"	"df"	"null"	"z.ratio"	"p.value"
"seurat / scvi"	0.618535471614033	0.162175843262393	Inf	1	-1.83223895074128	0.0669158281014575
