"method"	"response"	"SE"	"df"	"asymp.LCL"	"asymp.UCL"
"seurat"	0.865038515453572	0.022234315983338	Inf	0.815253064020159	0.90300403049963
"scvi"	0.911990541898059	0.0169348435901957	Inf	0.872656392128988	0.940010290709727
