"subsample_ref"	"response"	"SE"	"df"	"asymp.LCL"	"asymp.UCL"
"500"	0.803017586975858	0.0174859579858787	Inf	0.766490409166943	0.835060480236371
"100"	0.806137906338609	0.0174067360257597	Inf	0.769732792422886	0.837998746557427
"50"	0.79639853057385	0.0176566126546611	Inf	0.7596042040972	0.828830255147442
