"contrast"	"odds.ratio"	"SE"	"df"	"null"	"z.ratio"	"p.value"
"subsample_ref500 / subsample_ref100"	0.980350013798658	0.114760729376303	Inf	1	-0.169532279962762	0.984279981276754
"subsample_ref500 / subsample_ref50"	1.0421927836315	0.121937205852498	Inf	1	0.353219820048817	0.93354321586243
"subsample_ref100 / subsample_ref50"	1.06308233688212	0.124410799155473	Inf	1	0.522715564177311	0.860231478264046
