"contrast"	"odds.ratio"	"SE"	"df"	"null"	"z.ratio"	"p.value"
"seurat / scvi"	1.17615166977667	0.0904828731007974	Inf	1	2.10899619487261	0.034944910080381
