"method"	"response"	"SE"	"df"	"asymp.LCL"	"asymp.UCL"
"seurat"	0.681645468848291	0.0283053064840495	Inf	0.623796437895133	0.734386727217643
"scvi"	0.64544951082653	0.0297242371721689	Inf	0.585287981185855	0.701337029853009
