"contrast"	"odds.ratio"	"SE"	"df"	"null"	"z.ratio"	"p.value"
"subsample_ref500 / subsample_ref100"	1.24675678892023	0.0490188357818463	Inf	1	5.60940979217548	6.08511440125525e-08
"subsample_ref500 / subsample_ref50"	1.33139951557838	0.0525134731718679	Inf	1	7.25694444068348	1.20936594072418e-12
"subsample_ref100 / subsample_ref50"	1.06789032745629	0.0398529221882694	Inf	1	1.76008234833992	0.18319332569978
