"contrast"	"odds.ratio"	"SE"	"df"	"null"	"z.ratio"	"p.value"
"seurat / scvi"	0.331322847635359	0.0687450557569578	Inf	1	-5.32401578980328	1.01501090177318e-07
