"method"	"response"	"SE"	"df"	"asymp.LCL"	"asymp.UCL"
"seurat"	0.70685899487147	0.0326313857100832	Inf	0.639114249362617	0.766532304754789
"scvi"	0.879196108080895	0.0151881571573416	Inf	0.846129762726815	0.905946445750812
