"contrast"	"odds.ratio"	"SE"	"df"	"null"	"z.ratio"	"p.value"
"subsample_ref100 / subsample_ref50"	0.819727035461453	0.0558090876557935	Inf	1	-2.91974883715048	0.00350313594493484
