"subsample_ref"	"response"	"SE"	"df"	"asymp.LCL"	"asymp.UCL"
"100"	0.188005358950103	0.00965373598703428	Inf	0.16981122519844	0.207661259406459
"50"	0.2202449672757	0.0095528385694722	Inf	0.202093340724732	0.239537496055702
