"method"	"response"	"SE"	"df"	"asymp.LCL"	"asymp.UCL"
"seurat"	0.346922972151977	0.0467089888495544	Inf	0.261795508783074	0.443115489409923
"scvi"	0.289446321717917	0.042323706947235	Inf	0.213927725010698	0.378777876949037
