"contrast"	"odds.ratio"	"SE"	"df"	"null"	"z.ratio"	"p.value"
"seurat / scvi"	1.30405980195121	0.0630440466038986	Inf	1	5.49147530972902	3.98590052863096e-08
