"subsample_ref"	"response"	"SE"	"df"	"asymp.LCL"	"asymp.UCL"
"500"	0.344001663571934	0.0460123235044121	Inf	0.260158949077283	0.438837598673188
"100"	0.338913401088737	0.0456752762266289	Inf	0.255840653791465	0.433255720736553
"50"	0.333943127640288	0.0453468422229831	Inf	0.251619911430389	0.42780376825875
