"contrast"	"odds.ratio"	"SE"	"df"	"null"	"z.ratio"	"p.value"
"subsample_ref500 / subsample_ref100"	1.02288642860651	0.0221819768030298	Inf	1	1.04347541840281	0.549389897470361
"subsample_ref500 / subsample_ref50"	1.04591552170691	0.0227932588016578	Inf	1	2.05998917118798	0.0982983352035791
"subsample_ref100 / subsample_ref50"	1.02251383189409	0.0220569120815473	Inf	1	1.03212033068824	0.556543014834398
