"subsample_ref"	"response"	"SE"	"df"	"asymp.LCL"	"asymp.UCL"
"500"	0.799118402093122	0.0633040157205025	Inf	0.647458187756854	0.896014201097766
"100"	0.785416276403346	0.0664611612908844	Inf	0.628227660208986	0.887993431325153
"50"	0.774995209493481	0.0687630167599275	Inf	0.613928258709748	0.881802946881644
