"contrast"	"odds.ratio"	"SE"	"df"	"null"	"z.ratio"	"p.value"
"seurat / scvi"	0.568534259426723	0.0235415419596761	Inf	1	-13.637497398876	2.39644235891648e-42
