"method"	"response"	"SE"	"df"	"asymp.LCL"	"asymp.UCL"
"seurat"	0.85073897493373	0.00400895436862734	Inf	0.842709874620713	0.85842707312599
"scvi"	0.909298740117126	0.00262135614670762	Inf	0.904028298619371	0.914307182299715
