"contrast"	"odds.ratio"	"SE"	"df"	"null"	"z.ratio"	"p.value"
"subsample_ref500 / subsample_ref100"	1.20651242423012	0.0270291517278734	Inf	1	8.37996285029049	3.10862446895044e-14
"subsample_ref500 / subsample_ref50"	1.41361670278731	0.0319418410995008	Inf	1	15.3192635585009	0
"subsample_ref100 / subsample_ref50"	1.17165532189969	0.0260478224471722	Inf	1	7.1257691714618	3.12716519346168e-12
