"subsample_ref"	"response"	"SE"	"df"	"asymp.LCL"	"asymp.UCL"
"500"	0.90773313120161	0.0019432130751619	Inf	0.90385323373593	0.911471794857821
"100"	0.89076035644717	0.00219501951405091	Inf	0.886383289835212	0.894988774596426
"50"	0.874364649851541	0.00242105228460952	Inf	0.86954224017991	0.8790335966209
