"contrast"	"odds.ratio"	"SE"	"df"	"null"	"z.ratio"	"p.value"
"seurat / scvi"	8.32495444950174	1.20520668223448	Inf	1	14.6387527963402	1.58957359788314e-48
