"method"	"response"	"SE"	"df"	"asymp.LCL"	"asymp.UCL"
"seurat"	0.52613052690206	0.0614000125649508	Inf	0.406592919894243	0.642746088273727
"scvi"	0.117674349900475	0.0253734694974434	Inf	0.0763066550390978	0.177167024755366
