"contrast"	"odds.ratio"	"SE"	"df"	"null"	"z.ratio"	"p.value"
"subsample_ref500 / subsample_ref100"	1.02162023073665	0.0698725863858237	Inf	1	0.312744707055086	0.947513651935519
"subsample_ref500 / subsample_ref50"	0.994996162211046	0.0658630604127088	Inf	1	-0.0757829597899762	0.996838732519496
"subsample_ref100 / subsample_ref50"	0.973939368343948	0.0653258588007497	Inf	1	-0.393688884354526	0.918123792764128
