"subsample_ref"	"response"	"SE"	"df"	"asymp.LCL"	"asymp.UCL"
"500"	0.320174934438547	0.0500736262589484	Inf	0.230789238403956	0.42505009420877
"100"	0.315537176969924	0.0498162353570885	Inf	0.226804895843004	0.420121563285737
"50"	0.321267802157638	0.0500971044781669	Inf	0.231787665482123	0.42612992521452
