name	mean duration (hours)	std duration (hours)	mean realtime (hours)	std realtime (hours)	mean %cpu	std %cpu	mean peak virtual memory (GB)	std peak virtual memory (GB)
SCVI Random Forest	0.05320674034249303	0.030856361076624882	0.003106531262445241	0.0010067384687856332	134.38136200716846	19.561159081754585	0.013233121919802868	0.0012728594324188814
SCVI pre-process query	0.5903643966547193	0.10076710752103761	0.00283273596176822	0.0005286263619480237	212.27849462365592	19.814325119420932	0.020075184811827955	0.000634062677707935
Seurat TransferData	0.05739272202309837	0.027362974035689647	0.005314391676622859	0.0023273016734249425	283.47204301075266	57.08582277467185	0.024331544718862008	0.018352935013645103
Seurat pre-process query	0.15978195937873357	0.012704351627050258	0.005597968936678614	0.001629204919804392	558.6462365591398	118.76226626758422	0.028724588373655914	0.01926821488848645
Seurat pre-process reference	0.09462962962962962	0.062009592137042664	0.0437662037037037	0.04225971320781993	405.69166666666666	103.48334385851835	0.035009765625	0.015400708233498185
