"method"	"response"	"SE"	"df"	"asymp.LCL"	"asymp.UCL"
"seurat"	0.801892013201594	0.0124186362853861	Inf	0.776423708046742	0.825112623171287
"scvi"	0.833637086996841	0.0108344246328283	Inf	0.811304768749398	0.853802627131481
