"contrast"	"odds.ratio"	"SE"	"df"	"null"	"z.ratio"	"p.value"
"seurat / scvi"	0.807780550565248	0.0216782785852638	Inf	1	-7.95417200465771	1.80333445936205e-15
