"subsample_ref"	"response"	"SE"	"df"	"asymp.LCL"	"asymp.UCL"
"100"	0.82096292340235	0.0111911141486041	Inf	0.797970106060101	0.841857549220043
"50"	0.828247622716894	0.0108324306836873	Inf	0.805966214371236	0.848451506662324
