"contrast"	"odds.ratio"	"SE"	"df"	"null"	"z.ratio"	"p.value"
"subsample_ref500 / subsample_ref100"	0.994115474046045	0.0113649501282136	Inf	1	-0.516251985571699	0.863418692317881
"subsample_ref500 / subsample_ref50"	1.10045975788372	0.0124420682314819	Inf	1	8.46682958028631	2.88657986402541e-14
"subsample_ref100 / subsample_ref50"	1.10697377378591	0.0124002631671872	Inf	1	9.07252541857508	3.9190872769268e-14
