"subsample_ref"	"response"	"SE"	"df"	"asymp.LCL"	"asymp.UCL"
"500"	0.814494423685114	0.0442268835190837	Inf	0.712135168553821	0.886269410313995
"100"	0.815384507506687	0.0440627208992063	Inf	0.713343681395331	0.886862872269449
"50"	0.79959332616956	0.0469045550466484	Inf	0.692122002625908	0.876256774981175
