"method"	"response"	"SE"	"df"	"asymp.LCL"	"asymp.UCL"
"seurat"	0.933088660615192	0.0138829192437763	Inf	0.900187772305425	0.955678465882471
"scvi"	0.928952122141823	0.0146836697352365	Inf	0.894225758167969	0.952878372394138
