"contrast"	"odds.ratio"	"SE"	"df"	"null"	"z.ratio"	"p.value"
"seurat / scvi"	1.06654937994801	0.0410911060534073	Inf	1	1.67228984643332	0.0944671808630582
