"subsample_ref"	"response"	"SE"	"df"	"asymp.LCL"	"asymp.UCL"
"500"	0.916398127555066	0.0169466155379731	Inf	0.876624187404625	0.944166405310924
"100"	0.913142945505303	0.017543717252052	Inf	0.872037150411882	0.941923633617679
"50"	0.905715990661388	0.0188872539974484	Inf	0.861632593541569	0.936784983945042
