"contrast"	"odds.ratio"	"SE"	"df"	"null"	"z.ratio"	"p.value"
"subsample_ref500 / subsample_ref100"	1.0426403252935	0.0184008689434161	Inf	1	2.36601713267265	0.0472422307360186
"subsample_ref500 / subsample_ref50"	1.14107501311862	0.0200415064968657	Inf	1	7.51383615261977	1.91735516352765e-13
"subsample_ref100 / subsample_ref50"	1.09440905500889	0.0190398700874118	Inf	1	5.18551917561607	6.44924904702471e-07
