"contrast"	"odds.ratio"	"SE"	"df"	"null"	"z.ratio"	"p.value"
"seurat cutoff0 / scvi cutoff0"	0.970746406005469	0.0179388606705502	Inf	1	-1.60665014444222	0.108131135934237
