"method"	"cutoff"	"response"	"SE"	"df"	"asymp.LCL"	"asymp.UCL"
"seurat"	0	0.873861504403634	0.0385250336271007	Inf	0.777390761693009	0.932172973714764
"scvi"	0	0.877097999827196	0.037674596668468	Inf	0.78248942237915	0.934025162310942
