"contrast"	"odds.ratio"	"SE"	"df"	"null"	"z.ratio"	"p.value"
"subsample_ref500 / subsample_ref100"	0.994572522824636	0.0148016353087024	Inf	1	-0.365684033488469	0.928945179483923
"subsample_ref500 / subsample_ref50"	1.05865959254215	0.0156056370973449	Inf	1	3.86702436766087	0.000324307102367194
"subsample_ref100 / subsample_ref50"	1.06443679897319	0.0155251258987343	Inf	1	4.28142367323554	5.51590322942497e-05
