"subsample_ref"	"response"	"SE"	"df"	"asymp.LCL"	"asymp.UCL"
"500"	0.877350248300191	0.0376068926433514	Inf	0.782891473715423	0.934168005523869
"100"	0.877934670734999	0.0374524831452623	Inf	0.783815533393721	0.934501742065781
"50"	0.871083166884266	0.0392452964085206	Inf	0.773048947613605	0.930573467923496
