"method"	"response"	"SE"	"df"	"asymp.LCL"	"asymp.UCL"
"seurat"	0.721170997213465	0.0492581573617831	Inf	0.615420984360628	0.806963299319734
"scvi"	0.725348479412296	0.0488568852922794	Inf	0.620219776182456	0.810277921144224
