"subsample_ref"	"response"	"SE"	"df"	"asymp.LCL"	"asymp.UCL"
"500"	0.732789129036526	0.0475583082665131	Inf	0.63013177088729	0.8153051644745
"100"	0.709433370264468	0.0500647012984988	Inf	0.602673389745745	0.797162045157904
"50"	0.716139571233062	0.0493736577884499	Inf	0.61048592499061	0.802410643849703
