"contrast"	"odds.ratio"	"SE"	"df"	"null"	"z.ratio"	"p.value"
"seurat / scvi"	0.541568000268133	0.0107323335313957	Inf	1	-30.9472697411713	2.76488698136418e-210
