"subsample_ref"	"response"	"SE"	"df"	"asymp.LCL"	"asymp.UCL"
"100"	0.97682364710495	0.00471476820589622	Inf	0.965543646992942	0.984470299437283
"50"	0.97909435697517	0.00426293950356782	Inf	0.968883690865463	0.986002847229721
