"contrast"	"odds.ratio"	"SE"	"df"	"null"	"z.ratio"	"p.value"
"subsample_ref100 / subsample_ref50"	0.899932740712713	0.0060801450566039	Inf	1	-15.6056530739821	6.66244652794276e-55
