"method"	"response"	"SE"	"df"	"asymp.LCL"	"asymp.UCL"
"seurat"	0.645357762443088	0.0203932362392949	Inf	0.604453293160581	0.684241909828185
"scvi"	0.763237772794771	0.0161029115874058	Inf	0.730243542331317	0.793338518557985
