"contrast"	"odds.ratio"	"SE"	"df"	"null"	"z.ratio"	"p.value"
"seurat / scvi"	0.564498303288994	0.035908840086387	Inf	1	-8.98915793927915	2.49131802277315e-19
