"subsample_ref"	"response"	"SE"	"df"	"asymp.LCL"	"asymp.UCL"
"500"	0.509724839128393	0.0200496542510431	Inf	0.470449074011102	0.54888091351118
"100"	0.577936719100979	0.0196177769559113	Inf	0.539089743781409	0.615842716581795
"50"	0.605429127515413	0.0192753865550843	Inf	0.567090705856795	0.642512625820742
