"contrast"	"odds.ratio"	"SE"	"df"	"null"	"z.ratio"	"p.value"
"subsample_ref500 / subsample_ref100"	0.759264665160865	0.0220673022286967	Inf	1	-9.47579258133755	2.58681964737661e-14
"subsample_ref500 / subsample_ref50"	0.677575380288888	0.0200815539536489	Inf	1	-13.1332313544804	0
"subsample_ref100 / subsample_ref50"	0.892410000596209	0.0260358536699244	Inf	1	-3.90164592596786	0.000281509923418355
