"method"	"response"	"SE"	"df"	"asymp.LCL"	"asymp.UCL"
"seurat"	0.0080626640011713	0.00113493342503479	Inf	0.0061169804089799	0.0106206155155484
"scvi"	0.818179921942493	0.0131300223360975	Inf	0.791018213837127	0.842514224590945
