"method"	"response"	"SE"	"df"	"asymp.LCL"	"asymp.UCL"
"seurat"	0.0413005216045944	0.00790888518479643	Inf	0.0282996860196499	0.0599057115644228
"scvi"	0.0254464313458163	0.00493787561538748	Inf	0.0173669733586615	0.0371425363519403
