"contrast"	"odds.ratio"	"SE"	"df"	"null"	"z.ratio"	"p.value"
"seurat / scvi"	0.770942564402976	0.0241665509614149	Inf	1	-8.2988292685114	1.05142340086688e-16
