"method"	"response"	"SE"	"df"	"asymp.LCL"	"asymp.UCL"
"seurat"	0.881203256924673	0.00243641692490428	Inf	0.8763443177254	0.885896128081712
"scvi"	0.905852665008826	0.0021184311148354	Inf	0.901617775529589	0.909923474484118
