"contrast"	"odds.ratio"	"SE"	"df"	"null"	"z.ratio"	"p.value"
"subsample_ref500 / subsample_ref100"	0.974757213544578	0.0164002130614424	Inf	1	-1.51958222097657	0.281658951919675
"subsample_ref500 / subsample_ref50"	1.15956166729355	0.0196424679135353	Inf	1	8.7394261999737	2.43138842392909e-14
"subsample_ref100 / subsample_ref50"	1.18959023968333	0.0198707181054919	Inf	1	10.3933569716698	2.56461518688411e-14
