"subsample_ref"	"response"	"SE"	"df"	"asymp.LCL"	"asymp.UCL"
"500"	0.897450764571778	0.00157292820849459	Inf	0.894326579746044	0.900492861332951
"100"	0.899779960577442	0.00152674898843372	Inf	0.896747638467894	0.902732888570523
"50"	0.883002263014826	0.0017281395460334	Inf	0.879572410004577	0.886347053841052
