"contrast"	"odds.ratio"	"SE"	"df"	"null"	"z.ratio"	"p.value"
"seurat / scvi"	0.712593561220104	0.0142797338715956	Inf	1	-16.9091454105766	3.85254239034726e-64
