"method"	"response"	"SE"	"df"	"asymp.LCL"	"asymp.UCL"
"seurat"	0.972891744660678	0.00560157524053	Inf	0.959462593035729	0.981955780054279
"scvi"	0.98053114826916	0.00405467760715518	Inf	0.970772501167948	0.987074903020869
