"subsample_ref"	"response"	"SE"	"df"	"asymp.LCL"	"asymp.UCL"
"100"	0.97443619204093	0.00528060258961542	Inf	0.961771627288754	0.982979400717235
"50"	0.976469463514515	0.00487097633797828	Inf	0.96477510687319	0.984344396855407
