"contrast"	"odds.ratio"	"SE"	"df"	"null"	"z.ratio"	"p.value"
"seurat / scvi"	0.566258806121795	0.0978283660778954	Inf	1	-3.29182311503181	0.000995401974728565
