"contrast"	"odds.ratio"	"SE"	"df"	"null"	"z.ratio"	"p.value"	"key"
"seurat / scvi"	0.566258806122233	0.0978283660779669	Inf	1	-3.29182311502748	0.00099540197474391	"all"
