"method"	"response"	"SE"	"df"	"asymp.LCL"	"asymp.UCL"
"seurat"	0.344991536857285	0.0258440543808649	Inf	0.296236169156476	0.397241858507727
"scvi"	0.481901855148993	0.0323593910892159	Inf	0.419104642339246	0.545276028477937
