"method"	"response"	"SE"	"df"	"asymp.LCL"	"asymp.UCL"
"seurat"	0.344991536857429	0.02584405438087	Inf	0.296236169156608	0.39724185850788
"scvi"	0.481901855148959	0.0323593910892146	Inf	0.419104642339214	0.545276028477901
