"reference"	"method"	"response"	"SE"	"df"	"asymp.LCL"	"asymp.UCL"
"An integrated transcriptomic and epigenomic atlas of mouse primary motor cortex cell types"	"seurat"	0.0669560410933351	0.00748906126367484	Inf	0.0536886293171391	0.0832137610961043
"Single-cell RNA-seq for all cortical  hippocampal regions 10x"	"seurat"	0.720159706745824	0.0261188027140086	Inf	0.666242098462355	0.768395011673445
"Single-cell RNA-seq for all cortical  hippocampal regions SMART-Seq v4"	"seurat"	0.6225784149789	0.0319189169697809	Inf	0.558299979635948	0.682817017545097
"whole cortex"	"seurat"	0.344991536857429	0.02584405438087	Inf	0.296236169156608	0.39724185850788
"An integrated transcriptomic and epigenomic atlas of mouse primary motor cortex cell types"	"scvi"	0.0669553326876544	0.00748901220315384	Inf	0.0536880141716986	0.0832129546342534
"Single-cell RNA-seq for all cortical  hippocampal regions 10x"	"scvi"	0.463949692393008	0.032112043834921	Inf	0.401908027359971	0.527127706986229
"Single-cell RNA-seq for all cortical  hippocampal regions SMART-Seq v4"	"scvi"	0.295583059900293	0.0269953211871625	Inf	0.245541598771225	0.35107726579624
"whole cortex"	"scvi"	0.481901855148959	0.0323593910892146	Inf	0.419104642339214	0.545276028477901
