"contrast"	"odds.ratio"	"SE"	"df"	"null"	"z.ratio"	"p.value"
"subsample_ref500 / subsample_ref100"	0.948220886031892	0.100677404236271	Inf	1	-0.500756057846994	0.870945095347046
"subsample_ref500 / subsample_ref50"	1.95438446366288	0.212626378902101	Inf	1	6.15908875456803	2.1943503680788e-09
"subsample_ref100 / subsample_ref50"	2.06110674469698	0.22788283726931	Inf	1	6.54143697433866	1.82794335223946e-10
