"contrast"	"odds.ratio"	"SE"	"df"	"null"	"z.ratio"	"p.value"
"subsample_ref500 / subsample_ref100"	0.948220886032049	0.100677404236291	Inf	1	-0.500756057845417	0.870945095347804
"subsample_ref500 / subsample_ref50"	1.95438446366327	0.212626378902143	Inf	1	6.15908875456992	2.19434992398959e-09
"subsample_ref100 / subsample_ref50"	2.06110674469706	0.227882837269324	Inf	1	6.54143697433883	1.82794335223946e-10
