"subsample_ref"	"response"	"SE"	"df"	"asymp.LCL"	"asymp.UCL"
"500"	0.380352428155651	0.0178249155268848	Inf	0.346086683372607	0.415853272000433
"100"	0.392960487692374	0.0182308117784242	Inf	0.357857198631639	0.429205618058863
"50"	0.239007620073286	0.0143316816611857	Inf	0.212057849540291	0.268216491438843
