"subsample_ref"	"response"	"SE"	"df"	"asymp.LCL"	"asymp.UCL"
"500"	0.380352428155688	0.0178249155268862	Inf	0.346086683372641	0.415853272000473
"100"	0.392960487692451	0.0182308117784251	Inf	0.357857198631714	0.429205618058941
"50"	0.239007620073352	0.0143316816611886	Inf	0.212057849540351	0.268216491438914
