"subsample_ref"	"response"	"SE"	"df"	"asymp.LCL"	"asymp.UCL"
"500"	0.0466275150156938	0.00163475200508278	Inf	0.0435261477540967	0.0499383262613785
"100"	0.0510874319883268	0.0017462576268365	Inf	0.0477713087023832	0.0546205452742888
"50"	0.0510892419926573	0.00174548604567035	Inf	0.0477745338670636	0.0546207402283682
