"contrast"	"odds.ratio"	"SE"	"df"	"null"	"z.ratio"	"p.value"
"seurat / scvi"	0.46797402363863	0.0216992470607158	Inf	1	-16.3762622365317	2.82583605958281e-60
