"contrast"	"odds.ratio"	"SE"	"df"	"null"	"z.ratio"	"p.value"
"subsample_ref500 / subsample_ref100"	0.944716994406236	0.0464645435075979	Inf	1	-1.15627813355274	0.479473164002714
"subsample_ref500 / subsample_ref50"	1.02734297402094	0.0500783647855308	Inf	1	0.55340129364711	0.844730819611662
"subsample_ref100 / subsample_ref50"	1.08746109163267	0.0515869165868543	Inf	1	1.76748192175082	0.18060800092598
