"subsample_ref"	"response"	"SE"	"df"	"asymp.LCL"	"asymp.UCL"
"500"	0.280679150303431	0.153145551221141	Inf	0.0810785097963285	0.633112332365566
"100"	0.292302932606453	0.1568992740602	Inf	0.0854261458726233	0.646194944537708
"50"	0.275265133451125	0.151321321135601	Inf	0.0790917128283835	0.626822700783804
