"method"	"response"	"SE"	"df"	"asymp.LCL"	"asymp.UCL"	"key"
"seurat"	0.725655323094668	0.0700060578483492	Inf	0.570397125611033	0.840493985061371	"class"
"scvi"	0.78501080977203	0.0593524150842302	Inf	0.646989449653177	0.879148088676575	"class"
"seurat"	0.816068434815872	0.0437243066402568	Inf	0.714837790141093	0.887041516768305	"family"
"scvi"	0.875367107630304	0.0317846480312519	Inf	0.798711766487421	0.925551304661522	"family"
"seurat"	0.893326890890065	0.0386796460586515	Inf	0.790780684356646	0.94886170023216	"global"
"scvi"	0.943900082157091	0.0214984821851968	Inf	0.883618566670408	0.973880831229632	"global"
"seurat"	0.724316911624778	0.0638641104468269	Inf	0.583977552202579	0.831013999144403	"subclass"
"scvi"	0.780550547332401	0.0547896440510079	Inf	0.655196195072554	0.869414976145628	"subclass"
