"method"	"response"	"SE"	"df"	"asymp.LCL"	"asymp.UCL"	"key"
"seurat"	0.734578485929713	0.0685388279014656	Inf	0.581513997700155	0.846442050977181	"class"
"scvi"	0.756943455693349	0.0646760726638527	Inf	0.609923738253934	0.861164674776114	"class"
"seurat"	0.816417919990117	0.0436326099010864	Inf	0.715385232673609	0.887239055045251	"family"
"scvi"	0.857306278198302	0.0356151084074789	Inf	0.77250002880707	0.9140176223871	"family"
"seurat"	0.900545543488384	0.0363304160710844	Inf	0.803491629751193	0.952499081983188	"global"
"scvi"	0.929367745976096	0.0266284317100412	Inf	0.85593772054197	0.966820585961074	"global"
"seurat"	0.729837979471235	0.0630317562451161	Inf	0.590794133945786	0.834843691917545	"subclass"
"scvi"	0.753706926974031	0.0593439326954499	Inf	0.620556572334679	0.85132757446865	"subclass"
