"contrast"	"odds.ratio"	"SE"	"df"	"null"	"z.ratio"	"p.value"	"key"
"seurat / scvi"	0.888681138862194	0.0098749462047205	Inf	1	-10.6207452515425	2.38648170240142e-26	"class"
"seurat / scvi"	0.740203448302188	0.00957038462458608	Inf	1	-23.2671476067222	9.53967857942551e-120	"family"
"seurat / scvi"	0.688171848365041	0.0132273604745011	Inf	1	-19.4431313513728	3.33194506085681e-84	"global"
"seurat / scvi"	0.882778717967394	0.0102272013389727	Inf	1	-10.7620331039358	5.2009864040312e-27	"subclass"
