"1"	"response"	"SE"	"df"	"asymp.LCL"	"asymp.UCL"	"key"
"overall"	0.745923198731105	0.0666150706867665	Inf	0.595819857489363	0.853946358537578	"class"
"overall"	0.83789922282336	0.0395321716092905	Inf	0.745019623468923	0.901422875054943	"family"
"overall"	0.916073813968723	0.0311783926072862	Inf	0.831364674642093	0.960265445313163	"global"
"overall"	0.741952407378872	0.061195528109214	Inf	0.605797999024261	0.843248375523426	"subclass"
