"1"	"response"	"SE"	"df"	"asymp.LCL"	"asymp.UCL"	"key"
"overall"	0.738607633424419	0.0678540211454977	Inf	0.586594883697714	0.849102878643117	"class"
"overall"	0.833219391462005	0.0404371309817942	Inf	0.738520180360265	0.898342692952802	"family"
"overall"	0.908794309974604	0.03360541107296	Inf	0.818224255217754	0.956629650431357	"global"
"overall"	0.73557645894052	0.0621628450889022	Inf	0.597895354451706	0.838823641110489	"subclass"
