"contrast"	"odds.ratio"	"SE"	"df"	"null"	"z.ratio"	"p.value"	"key"
"no treatment / treatment"	1.02873762864282	0.0180197948674232	Inf	1	1.61747982594715	0.105774746954935	"class"
"no treatment / treatment"	0.946935483553013	0.0193173786222191	Inf	1	-2.67277511551862	0.00752266618337992	"family"
"no treatment / treatment"	1.04981518086526	0.0351692304352907	Inf	1	1.45115066557588	0.146737910920259	"global"
"no treatment / treatment"	1.02131668546341	0.0186259070832948	Inf	1	1.15657661712065	0.247445380137448	"subclass"
