"treatment_state"	"response"	"SE"	"df"	"asymp.LCL"	"asymp.UCL"	"key"
"no treatment"	0.748598729312361	0.0661798990099767	Inf	0.599152024098561	0.855742840646274	"class"
"treatment"	0.743228960628028	0.067089628914013	Inf	0.592375573436826	0.852185246773212	"class"
"no treatment"	0.834162334712158	0.0402986179381105	Inf	0.739709688618325	0.899019479713342	"family"
"treatment"	0.841567899090787	0.0388200867209812	Inf	0.750126560514282	0.903836079276854	"family"
"no treatment"	0.917923592907531	0.0305911860367892	Inf	0.834606787813753	0.96121975682059	"global"
"treatment"	0.914186243415299	0.0318281815423359	Inf	0.827879062654073	0.959341541227586	"global"
"no treatment"	0.743966178212349	0.0609187812844246	Inf	0.608225069669852	0.844685800832042	"subclass"
"treatment"	0.739928334575913	0.0615209411507351	Inf	0.603243701771021	0.841868010506015	"subclass"
