"contrast"	"odds.ratio"	"SE"	"df"	"null"	"z.ratio"	"p.value"	"key"
"no treatment / treatment"	1.02873859190549	0.0180198141661722	Inf	1	1.61753306397534	0.105763264524779	"class"
"no treatment / treatment"	0.946937729965768	0.0193174187677296	Inf	1	-2.67265961192832	0.00752525655464744	"family"
"no treatment / treatment"	1.04980932925382	0.0351689604535917	Inf	1	1.45098733171733	0.146783387813096	"global"
"no treatment / treatment"	1.02131387918902	0.0186258502045933	Inf	1	1.15642630571345	0.247506826830702	"subclass"
