"treatment_state"	"response"	"SE"	"df"	"asymp.LCL"	"asymp.UCL"	"key"
"no treatment"	0.759157492739513	0.0643070696573224	Inf	0.612708782760987	0.862643197310819	"class"
"treatment"	0.753939296015081	0.0652301855558208	Inf	0.60601138460847	0.859227717192439	"class"
"no treatment"	0.844531706336693	0.0382612679689861	Inf	0.754209596799014	0.905807801225691	"family"
"treatment"	0.851556923070383	0.0368163077118704	Inf	0.764232227309097	0.910332796787669	"family"
"no treatment"	0.924025491073632	0.0285159386835939	Inf	0.845823405027927	0.964238667657009	"global"
"treatment"	0.920541532353798	0.0296877666612626	Inf	0.839461151909518	0.962501369043615	"global"
"no treatment"	0.755464748241314	0.0590993398227434	Inf	0.62268556935301	0.852580387289007	"subclass"
"treatment"	0.751547172539501	0.0597125875691975	Inf	0.617772174937461	0.849879854840936	"subclass"
