"contrast"	"odds.ratio"	"SE"	"df"	"null"	"z.ratio"	"p.value"
"seurat / scvi"	1.07151361651684	0.143446001328978	Inf	1	0.515956171790033	0.605885020531383
