"method"	"response"	"SE"	"df"	"asymp.LCL"	"asymp.UCL"
"seurat"	0.649640432606648	0.0348155860796678	Inf	0.578753113830796	0.714483735452644
"scvi"	0.633761240677328	0.0359114308180803	Inf	0.560980865308388	0.70090892852951
