"contrast"	"odds.ratio"	"SE"	"df"	"null"	"z.ratio"	"p.value"
"subsample_ref500 / subsample_ref100"	0.952607457397417	0.0579263802701506	Inf	1	-0.798450413620526	0.703973133852304
"subsample_ref500 / subsample_ref50"	1.00579341333919	0.0610877366393678	Inf	1	0.0951117714197337	0.99502505308038
"subsample_ref100 / subsample_ref50"	1.05583197520527	0.0641530160591801	Inf	1	0.894149026672054	0.64400327174202
