"contrast"	"odds.ratio"	"SE"	"df"	"null"	"z.ratio"	"p.value"
"seurat / scvi"	1.11343616928788	0.023565786331361	Inf	1	5.0768387865649	3.83766219768512e-07
