"method"	"response"	"SE"	"df"	"asymp.LCL"	"asymp.UCL"
"seurat"	0.920046003422581	0.0170100658503527	Inf	0.879717443001247	0.947657641405669
"scvi"	0.91177648693051	0.0186044090201728	Inf	0.86786540852224	0.942069068095814
