"sex"	"response"	"SE"	"df"	"asymp.LCL"	"asymp.UCL"
"female"	0.919140390820222	0.0217375069741317	Inf	0.865002260272578	0.952753372540744
"male"	0.91488377251543	0.0224478385503166	Inf	0.859335849485309	0.949777946367541
"None"	0.913901959136662	0.0300031721370877	Inf	0.834089120975084	0.957286340956114
