"contrast"	"odds.ratio"	"SE"	"df"	"null"	"z.ratio"	"p.value"
"female / male"	1.05753964073113	0.0564628143956903	Inf	1	1.04784324163559	0.546642520841763
"female / None"	1.0708875616889	0.514352163581484	Inf	1	0.142592449271709	0.988853120071209
"male / None"	1.01262167435023	0.483784091602115	Inf	1	0.0262534359478473	0.999620073217746
