"1"	"response"	"SE"	"df"	"asymp.LCL"	"asymp.UCL"
"overall"	0.916003634713261	0.0177746977150465	Inf	0.873962852477304	0.944905364322373
