"treatment_state"	"response"	"SE"	"df"	"asymp.LCL"	"asymp.UCL"
"No treatment"	0.915202659700184	0.0179419389534598	Inf	0.872778974671107	0.944381077043054
"treatment"	0.916797731729643	0.0176738720296109	Inf	0.87495423243917	0.9455113131868
