"contrast"	"odds.ratio"	"SE"	"df"	"null"	"z.ratio"	"p.value"
"seurat / scvi"	0.892091585789596	0.0734165455128466	Inf	1	-1.3874909892537	0.165292096875061
