"contrast"	"odds.ratio"	"SE"	"df"	"null"	"z.ratio"	"p.value"
"subsample_ref500 / subsample_ref100"	1.07512380857285	0.0409927734705166	Inf	1	1.89978560182436	0.1387104244669
"subsample_ref500 / subsample_ref50"	0.980816749452321	0.0374033454078845	Inf	1	-0.507924192597011	0.867483854335542
"subsample_ref100 / subsample_ref50"	0.912282605623148	0.0348970024750231	Inf	1	-2.39999198893115	0.0432900047883263
