"contrast"	"odds.ratio"	"SE"	"df"	"null"	"z.ratio"	"p.value"
"seurat / scvi"	1.15105268455358	0.0462933519726561	Inf	1	3.4978353970503	0.000469050525745448
