"method"	"response"	"SE"	"df"	"asymp.LCL"	"asymp.UCL"	"key"
"seurat"	0.717983268166505	0.00583655064717553	Inf	0.706404322716989	0.729280565074379	"all"
"scvi"	0.688646990195752	0.00629392283364368	Inf	0.676179248451833	0.700847073616896	"all"
