"method"	"response"	"SE"	"df"	"asymp.LCL"	"asymp.UCL"
"seurat"	0.717983540699611	0.00583654812248659	Inf	0.706404600056991	0.729280832526779
"scvi"	0.688647604985775	0.00629391711551369	Inf	0.676179874100792	0.700847676872319
