"contrast"	"odds.ratio"	"SE"	"df"	"null"	"z.ratio"	"p.value"	"key"
"seurat / scvi"	1.15105443573623	0.0462934128548549	Inf	1	3.49787394635812	0.000468982736170638	"all"
