"reference"	"method"	"response"	"SE"	"df"	"asymp.LCL"	"asymp.UCL"
"An integrated transcriptomic and epigenomic atlas of mouse primary motor cortex cell types"	"seurat"	0.778649267406593	0.00485691560604734	Inf	0.768983588170143	0.788022016261658
"Single-cell RNA-seq for all cortical  hippocampal regions 10x"	"seurat"	0.803054084192717	0.00441899777735621	Inf	0.794249081269039	0.811571675277247
"Single-cell RNA-seq for all cortical  hippocampal regions SMART-Seq v4"	"seurat"	0.79095468985372	0.00466103943518056	Inf	0.781672363688074	0.799943375266249
"whole cortex"	"seurat"	0.717983540699611	0.00583654812248659	Inf	0.706404600056991	0.729280832526779
"An integrated transcriptomic and epigenomic atlas of mouse primary motor cortex cell types"	"scvi"	0.68422256245522	0.00635948190824903	Inf	0.671627848428056	0.696552461734962
"Single-cell RNA-seq for all cortical  hippocampal regions 10x"	"scvi"	0.625770964778047	0.0070274087478917	Inf	0.611898880003771	0.639439384025401
"Single-cell RNA-seq for all cortical  hippocampal regions SMART-Seq v4"	"scvi"	0.551592524727129	0.0075082172627469	Inf	0.536835744862439	0.566259013828758
"whole cortex"	"scvi"	0.688647604985775	0.00629391711551369	Inf	0.676179874100792	0.700847676872319
