"subsample_ref"	"response"	"SE"	"df"	"asymp.LCL"	"asymp.UCL"
"500"	0.740840119269625	0.00354119783787409	Inf	0.733839310105452	0.747720091009767
"100"	0.708901766851834	0.0037689250371401	Inf	0.701459954717013	0.716233117928314
"50"	0.682630117978186	0.00397272285428418	Inf	0.674793127140208	0.690364909221066
