"contrast"	"odds.ratio"	"SE"	"df"	"null"	"z.ratio"	"p.value"
"subsample_ref500 / subsample_ref100"	1.17384358865103	0.0285721978020076	Inf	1	6.58499357694886	1.36481159707103e-10
"subsample_ref500 / subsample_ref50"	1.32903673863946	0.0327104310134912	Inf	1	11.5574869284626	0
"subsample_ref100 / subsample_ref50"	1.13220939441069	0.0278674135452697	Inf	1	5.04487094329666	1.35787569399692e-06
