"subsample_ref"	"response"	"SE"	"df"	"asymp.LCL"	"asymp.UCL"	"key"
"500"	0.740839969633967	0.00354119896735433	Inf	0.733839158278437	0.747719943608832	"all"
"100"	0.708901739372465	0.00376892511987757	Inf	0.701459927083486	0.71623309061893	"all"
"50"	0.68262992672319	0.0039727238375654	Inf	0.674792934003467	0.690364719937213	"all"
