"contrast"	"odds.ratio"	"SE"	"df"	"null"	"z.ratio"	"p.value"
"seurat / scvi"	0.836125376393527	0.0843994179069637	Inf	1	-1.77308053612473	0.0762153627143722
