"contrast"	"odds.ratio"	"SE"	"df"	"null"	"z.ratio"	"p.value"
"subsample_ref500 / subsample_ref100"	0.958882990088244	0.0493906051554224	Inf	1	-0.815132267569304	0.693630991149163
"subsample_ref500 / subsample_ref50"	0.596781710919155	0.0316489728265167	Inf	1	-9.73368184410144	3.40838468559923e-14
"subsample_ref100 / subsample_ref50"	0.622371777461852	0.0321827809442438	Inf	1	-9.17073274032502	3.530509218308e-14
