"contrast"	"odds.ratio"	"SE"	"df"	"null"	"z.ratio"	"p.value"
"seurat / scvi"	1.29298768843709	0.0202077905773458	Inf	1	16.4412035848331	9.69737525184274e-61
