"method"	"response"	"SE"	"df"	"asymp.LCL"	"asymp.UCL"
"seurat"	0.598901346628083	0.0501642131215118	Inf	0.497898827773825	0.692148644666093
"scvi"	0.535921479637323	0.0519439884989178	Inf	0.434033714420367	0.634896260403281
