"sex"	"response"	"SE"	"df"	"asymp.LCL"	"asymp.UCL"
"female"	0.598369419841418	0.0606991488194453	Inf	0.47592916655738	0.709654995146793
"male"	0.604935617217136	0.0597717351099266	Inf	0.483975613780026	0.71428068344077
"None"	0.498121546476708	0.0937799284032361	Inf	0.32240410208564	0.674304228316916
