"contrast"	"odds.ratio"	"SE"	"df"	"null"	"z.ratio"	"p.value"
"female / male"	0.972974234438541	0.0388700537378115	Inf	1	-0.685803900568449	0.771785492330231
"female / None"	1.5010869218986	0.678696698432949	Inf	1	0.89837726937295	0.641326782845984
"male / None"	1.54278178061397	0.695426320739555	Inf	1	0.961899653263241	0.601017262669532
