"subsample_ref"	"response"	"SE"	"df"	"asymp.LCL"	"asymp.UCL"
"500"	0.57391350884902	0.0510669975625348	Inf	0.472162324371938	0.669768601130187
"100"	0.565547076100523	0.0513124333593863	Inf	0.463661552519241	0.662179596978452
"50"	0.563577182942499	0.0513645080550118	Inf	0.461671498546806	0.660382872694631
