"contrast"	"odds.ratio"	"SE"	"df"	"null"	"z.ratio"	"p.value"
"seurat / scvi"	0.898693083485219	0.0197169636430218	Inf	1	-4.86853531716316	1.12428431826925e-06
