"method"	"response"	"SE"	"df"	"asymp.LCL"	"asymp.UCL"
"seurat"	0.791962276613874	0.0412056312407713	Inf	0.699855850245812	0.86140122444252
"scvi"	0.809012754587709	0.038651499467069	Inf	0.721781593496277	0.87368045392575
