"contrast"	"odds.ratio"	"SE"	"df"	"null"	"z.ratio"	"p.value"
"female / male"	1.16735046493578	0.0740794425663802	Inf	1	2.43835347743191	0.0391670611058832
"female / None"	2.46552742281193	1.28217041172999	Inf	1	1.73526553170507	0.192055576757136
"male / None"	2.1120713075208	1.0913183362818	Inf	1	1.44699347652468	0.316828821967437
