"contrast"	"odds.ratio"	"SE"	"df"	"null"	"z.ratio"	"p.value"
"subsample_ref500 / subsample_ref100"	1.03316525157883	0.018853658084417	Inf	1	1.78794148655478	0.1735953940028
"subsample_ref500 / subsample_ref50"	0.993117270526264	0.0178461793300325	Inf	1	-0.38433934990787	0.921810942758079
"subsample_ref100 / subsample_ref50"	0.961237584218626	0.0171970207583791	Inf	1	-2.20975797712384	0.0695222396438819
