"subsample_ref"	"response"	"SE"	"df"	"asymp.LCL"	"asymp.UCL"
"500"	0.801989384150616	0.039716791592531	Inf	0.712710303182908	0.868637535394232
"100"	0.7967570234985	0.0405012225856851	Inf	0.705981411660432	0.864870854024688
"50"	0.803083869814848	0.0395502750507652	Inf	0.714124610854123	0.869422359880789
