"1"	"response"	"SE"	"df"	"asymp.LCL"	"asymp.UCL"
"overall"	0.800624359198991	0.0398878957158533	Inf	0.711038997225588	0.867607316801829
