"contrast"	"odds.ratio"	"SE"	"df"	"null"	"z.ratio"	"p.value"
"no treatment / treatment"	1.14556533763322	0.0346610470954296	Inf	1	4.49150700661074	7.0720973864191e-06
