"contrast"	"odds.ratio"	"SE"	"df"	"null"	"z.ratio"	"p.value"
"seurat / scvi"	5.80314393988875	0.817436116287038	Inf	1	12.4832352155101	9.21642614413499e-36
