"contrast"	"odds.ratio"	"SE"	"df"	"null"	"z.ratio"	"p.value"
"subsample_ref500 / subsample_ref100"	1.09453194005034	0.0684395952279991	Inf	1	1.44456712620935	0.318046279422906
"subsample_ref500 / subsample_ref50"	1.01450927315659	0.0631428011830933	Inf	1	0.23144407546471	0.970902389837921
"subsample_ref100 / subsample_ref50"	0.926888687332355	0.0581283454819397	Inf	1	-1.21061516626306	0.446835448412389
