"contrast"	"odds.ratio"	"SE"	"df"	"null"	"z.ratio"	"p.value"
"seurat / scvi"	1.04332230725766	0.0283955962567402	Inf	1	1.55825053836148	0.119173868951084
