"method"	"response"	"SE"	"df"	"asymp.LCL"	"asymp.UCL"
"seurat"	0.0326780469089516	0.000788166814814159	Inf	0.0311680538455501	0.0342586075411979
"scvi"	0.0313637002752006	0.000761497696260807	Inf	0.0299050678780883	0.0328910659023858
