"contrast"	"odds.ratio"	"SE"	"df"	"null"	"z.ratio"	"p.value"
"subsample_ref500 / subsample_ref100"	0.967770251967858	0.0140731249491885	Inf	1	-2.25285416789799	0.0626542220244011
"subsample_ref500 / subsample_ref50"	0.929787089777546	0.0135619348778585	Inf	1	-4.99104145189245	1.79636918240522e-06
"subsample_ref100 / subsample_ref50"	0.960751880817707	0.0140354751740158	Inf	1	-2.74074317800314	0.0168732971515453
