"subsample_ref"	"response"	"SE"	"df"	"asymp.LCL"	"asymp.UCL"
"500"	0.0273385894551429	0.000537100951977712	Inf	0.0263053595000594	0.0284112187548403
"100"	0.0282233529662369	0.000554073234343318	Inf	0.0271574398823452	0.0293298411835423
"50"	0.0293424873363586	0.000573400104906082	Inf	0.0282392752657841	0.0304874459819396
