"method"	"cutoff"	"response"	"SE"	"df"	"asymp.LCL"	"asymp.UCL"
"seurat"	0	0.822982227436654	0.0407691023645366	Inf	0.728730350034759	0.889454239906895
"scvi"	0	0.799198531021056	0.0449090875285811	Inf	0.696949338488063	0.873224252420675
