"contrast"	"odds.ratio"	"SE"	"df"	"null"	"z.ratio"	"p.value"
"seurat cutoff0 / scvi cutoff0"	1.16811551839195	0.0161845299399359	Inf	1	11.2153737518782	3.4273545551849e-29
