"contrast"	"odds.ratio"	"SE"	"df"	"null"	"z.ratio"	"p.value"
"female / male"	0.958219947713829	0.0276983382401173	Inf	1	-1.47643696384191	0.302268797537538
"female / None"	0.542558895394792	0.330484702155807	Inf	1	-1.0038356397316	0.574417865795506
"male / None"	0.566215404604399	0.344617467228353	Inf	1	-0.934521388560196	0.618404069931045
