"sex"	"response"	"SE"	"df"	"asymp.LCL"	"asymp.UCL"
"female"	0.775728123549813	0.0581508823197198	Inf	0.642406468508522	0.8694451526141
"male"	0.783065518501325	0.0566290796830532	Inf	0.652545785668306	0.874021483920582
"None"	0.864408842267928	0.0596921189028132	Inf	0.701449266679923	0.945349414492577
