"subsample_ref"	"response"	"SE"	"df"	"asymp.LCL"	"asymp.UCL"
"500"	0.815917845463279	0.0420304983796564	Inf	0.719192456621107	0.88466861973253
"100"	0.816801953058736	0.0418739183713524	Inf	0.720382020027036	0.885268908293435
"50"	0.801103465065681	0.0445875721097011	Inf	0.699463398342824	0.874535141384218
