"contrast"	"odds.ratio"	"SE"	"df"	"null"	"z.ratio"	"p.value"
"subsample_ref500 / subsample_ref100"	0.994120008945506	0.0113644511225514	Inf	1	-0.515877965521321	0.863602270436398
"subsample_ref500 / subsample_ref50"	1.10045769130997	0.0124414929095304	Inf	1	8.46703910112483	2.93098878501041e-14
"subsample_ref100 / subsample_ref50"	1.10696664528185	0.0123995793765573	Inf	1	9.07239241060909	3.9190872769268e-14
