"disease_state"	"response"	"SE"	"df"	"asymp.LCL"	"asymp.UCL"
"Control"	0.932144669148	0.0174379393340724	Inf	0.888920246236046	0.959318944291608
"Disease"	0.924891052857383	0.0191498875141893	Inf	0.877658351884184	0.954827088115344
