"contrast"	"odds.ratio"	"SE"	"df"	"null"	"z.ratio"	"p.value"
"Control / Disease"	1.11485074671365	0.00528730659545945	Inf	1	22.9241806039716	2.66702884926143e-116
