"disease_state"	"response"	"SE"	"df"	"asymp.LCL"	"asymp.UCL"
"Control"	0.934018306299001	0.0175517909850854	Inf	0.890115127830762	0.961146168190566
"Disease"	0.926993506134568	0.0192731912918863	Inf	0.879025269405338	0.956874772280233
