"contrast"	"odds.ratio"	"SE"	"df"	"null"	"z.ratio"	"p.value"
"seurat / scvi"	0.656486018219577	0.00319474611511791	Inf	1	-86.4809533830912	0
