"method"	"response"	"SE"	"df"	"asymp.LCL"	"asymp.UCL"
"seurat"	0.915701895677559	0.0219836342502207	Inf	0.861421825817244	0.949956010810504
"scvi"	0.943009156380578	0.0153056951729892	Inf	0.904477690611564	0.966572356024733
