"region_match"	"response"	"SE"	"df"	"asymp.LCL"	"asymp.UCL"
"False"	0.922188985350187	0.01978037665893	Inf	0.873490932096128	0.953146843513178
"True"	0.93452556114596	0.0168708678412288	Inf	0.892637556585178	0.960788646681798
