"contrast"	"odds.ratio"	"SE"	"df"	"null"	"z.ratio"	"p.value"
"False / True"	0.830346677948089	0.00574184577776512	Inf	1	-26.8853260590162	3.26056479142182e-159
