"contrast"	"odds.ratio"	"SE"	"df"	"null"	"z.ratio"	"p.value"
"False / True"	0.828309240573836	0.00571292644268803	Inf	1	-27.311317437801	3.11271845560886e-164
