"region_match"	"response"	"SE"	"df"	"asymp.LCL"	"asymp.UCL"
"False"	0.924252094953186	0.0199368678690434	Inf	0.874728814814183	0.955200107258907
"True"	0.936430576250559	0.0169558511965607	Inf	0.893943764003159	0.962608817281801
