"sex"	"response"	"SE"	"df"	"asymp.LCL"	"asymp.UCL"
"female"	0.933287391011286	0.0222963604719007	Inf	0.87396116533395	0.965782205857398
"male"	0.934988069375394	0.0217669245828785	Inf	0.876977079930059	0.9666834158628
"None"	0.916214253205071	0.0317412165352913	Inf	0.829427875322863	0.960924370915354
