"sex"	"response"	"SE"	"df"	"asymp.LCL"	"asymp.UCL"
"F"	0.931564722288051	0.0225915181080746	Inf	0.871740042654954	0.964617773019056
"female"	0.938351516666723	0.0205063860651912	Inf	0.883694685956327	0.968245743098266
"M"	0.934456530478753	0.0217030478529266	Inf	0.876829034393839	0.966162565402948
"None"	0.916225126590207	0.0314055788398403	Inf	0.830643459135196	0.96061026463126
