"contrast"	"odds.ratio"	"SE"	"df"	"null"	"z.ratio"	"p.value"
"F / female"	0.894313601841938	0.0103712740797287	Inf	1	-9.63177115259275	2.93098878501041e-14
"F / M"	0.95478002206988	0.00452214679025468	Inf	1	-9.77009090167402	4.32986979603811e-14
"F / None"	1.24464237344613	0.673671428571516	Inf	1	0.404333298585416	0.977660484236151
"female / M"	1.06761209949553	0.0113010993022957	Inf	1	6.1806339255841	3.82867126891284e-09
"female / None"	1.39172922214607	0.753394732767449	Inf	1	0.61061210699717	0.928748921957841
"M / None"	1.30359071689399	0.705564429003578	Inf	1	0.489836614026437	0.961384655322089
