"subsample_ref"	"response"	"SE"	"df"	"asymp.LCL"	"asymp.UCL"
"500"	0.936961515447793	0.0168212164936522	Inf	0.894797657497593	0.962926746546453
"100"	0.930718579007344	0.0183637459585031	Inf	0.884892559026798	0.95914292440409
"50"	0.923480093474607	0.0201245178916281	Inf	0.873517228222528	0.954729605828122
