"contrast"	"odds.ratio"	"SE"	"df"	"null"	"z.ratio"	"p.value"
"subsample_ref500 / subsample_ref100"	1.10640566881982	0.00421609363847817	Inf	1	26.5354654626729	0
"subsample_ref500 / subsample_ref50"	1.23158072013269	0.00463908463270093	Inf	1	55.2989254430829	0
"subsample_ref100 / subsample_ref50"	1.11313666843952	0.00407982095798702	Inf	1	29.24345384703	0
