"1"	"response"	"SE"	"df"	"asymp.LCL"	"asymp.UCL"
"overall"	0.930588100320749	0.0183952371008365	Inf	0.884688060389625	0.959063010511939
